Country Code,Series Code,year,Value
AFG,FP.CPI.TOTL.ZG,1960,
AFG,FP.CPI.TOTL.ZG,1961,
AFG,FP.CPI.TOTL.ZG,1962,
AFG,FP.CPI.TOTL.ZG,1963,
AFG,FP.CPI.TOTL.ZG,1964,
AFG,FP.CPI.TOTL.ZG,1965,
AFG,FP.CPI.TOTL.ZG,1966,
AFG,FP.CPI.TOTL.ZG,1967,
AFG,FP.CPI.TOTL.ZG,1968,
AFG,FP.CPI.TOTL.ZG,1969,
AFG,FP.CPI.TOTL.ZG,1970,
AFG,FP.CPI.TOTL.ZG,1971,
AFG,FP.CPI.TOTL.ZG,1972,
AFG,FP.CPI.TOTL.ZG,1973,
AFG,FP.CPI.TOTL.ZG,1974,
AFG,FP.CPI.TOTL.ZG,1975,
AFG,FP.CPI.TOTL.ZG,1976,
AFG,FP.CPI.TOTL.ZG,1977,
AFG,FP.CPI.TOTL.ZG,1978,
AFG,FP.CPI.TOTL.ZG,1979,
AFG,FP.CPI.TOTL.ZG,1980,
AFG,FP.CPI.TOTL.ZG,1981,
AFG,FP.CPI.TOTL.ZG,1982,
AFG,FP.CPI.TOTL.ZG,1983,
AFG,FP.CPI.TOTL.ZG,1984,
AFG,FP.CPI.TOTL.ZG,1985,
AFG,FP.CPI.TOTL.ZG,1986,
AFG,FP.CPI.TOTL.ZG,1987,
AFG,FP.CPI.TOTL.ZG,1988,
AFG,FP.CPI.TOTL.ZG,1989,
AFG,FP.CPI.TOTL.ZG,1990,
AFG,FP.CPI.TOTL.ZG,1991,
AFG,FP.CPI.TOTL.ZG,1992,
AFG,FP.CPI.TOTL.ZG,1993,
AFG,FP.CPI.TOTL.ZG,1994,
AFG,FP.CPI.TOTL.ZG,1995,
AFG,FP.CPI.TOTL.ZG,1996,
AFG,FP.CPI.TOTL.ZG,1997,
AFG,FP.CPI.TOTL.ZG,1998,
AFG,FP.CPI.TOTL.ZG,1999,
AFG,FP.CPI.TOTL.ZG,2000,
AFG,FP.CPI.TOTL.ZG,2001,
AFG,FP.CPI.TOTL.ZG,2002,
AFG,FP.CPI.TOTL.ZG,2003,
AFG,FP.CPI.TOTL.ZG,2004,
AFG,FP.CPI.TOTL.ZG,2005,12.68626872
AFG,FP.CPI.TOTL.ZG,2006,6.78459655
AFG,FP.CPI.TOTL.ZG,2007,8.680570785
AFG,FP.CPI.TOTL.ZG,2008,26.41866415
AFG,FP.CPI.TOTL.ZG,2009,-6.811161089
AFG,FP.CPI.TOTL.ZG,2010,2.178537524
AFG,FP.CPI.TOTL.ZG,2011,11.80418581
AFG,FP.CPI.TOTL.ZG,2012,6.441212809
AFG,FP.CPI.TOTL.ZG,2013,7.385771784
AFG,FP.CPI.TOTL.ZG,2014,4.673996035
AFG,FP.CPI.TOTL.ZG,2015,-0.661709165
AFG,FP.CPI.TOTL.ZG,2016,4.383891955
AFG,FP.CPI.TOTL.ZG,2017,4.975951506
AFG,FP.CPI.TOTL.ZG,2018,0.626149149
AFG,FP.CPI.TOTL.ZG,2019,2.302372515
AFG,FP.CPI.TOTL.ZG,2020,5.601887915
AFG,FP.CPI.TOTL.ZG,2021,5.133203408
AFG,FP.CPI.TOTL.ZG,2022,13.71210237
AFG,FP.CPI.TOTL.ZG,2023,-4.644708708
AFG,FP.CPI.TOTL.ZG,2024,-6.601185641
AFG,FP.CPI.TOTL.ZG,2025,
ALB,FP.CPI.TOTL.ZG,1960,
ALB,FP.CPI.TOTL.ZG,1961,
ALB,FP.CPI.TOTL.ZG,1962,
ALB,FP.CPI.TOTL.ZG,1963,
ALB,FP.CPI.TOTL.ZG,1964,
ALB,FP.CPI.TOTL.ZG,1965,
ALB,FP.CPI.TOTL.ZG,1966,
ALB,FP.CPI.TOTL.ZG,1967,
ALB,FP.CPI.TOTL.ZG,1968,
ALB,FP.CPI.TOTL.ZG,1969,
ALB,FP.CPI.TOTL.ZG,1970,
ALB,FP.CPI.TOTL.ZG,1971,
ALB,FP.CPI.TOTL.ZG,1972,
ALB,FP.CPI.TOTL.ZG,1973,
ALB,FP.CPI.TOTL.ZG,1974,
ALB,FP.CPI.TOTL.ZG,1975,
ALB,FP.CPI.TOTL.ZG,1976,
ALB,FP.CPI.TOTL.ZG,1977,
ALB,FP.CPI.TOTL.ZG,1978,
ALB,FP.CPI.TOTL.ZG,1979,
ALB,FP.CPI.TOTL.ZG,1980,
ALB,FP.CPI.TOTL.ZG,1981,
ALB,FP.CPI.TOTL.ZG,1982,
ALB,FP.CPI.TOTL.ZG,1983,
ALB,FP.CPI.TOTL.ZG,1984,
ALB,FP.CPI.TOTL.ZG,1985,
ALB,FP.CPI.TOTL.ZG,1986,
ALB,FP.CPI.TOTL.ZG,1987,
ALB,FP.CPI.TOTL.ZG,1988,
ALB,FP.CPI.TOTL.ZG,1989,
ALB,FP.CPI.TOTL.ZG,1990,
ALB,FP.CPI.TOTL.ZG,1991,
ALB,FP.CPI.TOTL.ZG,1992,226.0054213
ALB,FP.CPI.TOTL.ZG,1993,85.00475124
ALB,FP.CPI.TOTL.ZG,1994,22.56505269
ALB,FP.CPI.TOTL.ZG,1995,7.793218538
ALB,FP.CPI.TOTL.ZG,1996,12.72547781
ALB,FP.CPI.TOTL.ZG,1997,33.18027438
ALB,FP.CPI.TOTL.ZG,1998,20.64285887
ALB,FP.CPI.TOTL.ZG,1999,0.389437654
ALB,FP.CPI.TOTL.ZG,2000,0.050018136
ALB,FP.CPI.TOTL.ZG,2001,3.10758827
ALB,FP.CPI.TOTL.ZG,2002,7.770525834
ALB,FP.CPI.TOTL.ZG,2003,0.484002612
ALB,FP.CPI.TOTL.ZG,2004,2.280019169
ALB,FP.CPI.TOTL.ZG,2005,2.366581957
ALB,FP.CPI.TOTL.ZG,2006,2.370728319
ALB,FP.CPI.TOTL.ZG,2007,2.932682482
ALB,FP.CPI.TOTL.ZG,2008,3.320870904
ALB,FP.CPI.TOTL.ZG,2009,2.266922095
ALB,FP.CPI.TOTL.ZG,2010,3.627100915
ALB,FP.CPI.TOTL.ZG,2011,3.428071301
ALB,FP.CPI.TOTL.ZG,2012,2.031592684
ALB,FP.CPI.TOTL.ZG,2013,1.937620802
ALB,FP.CPI.TOTL.ZG,2014,1.625865044
ALB,FP.CPI.TOTL.ZG,2015,1.896174026
ALB,FP.CPI.TOTL.ZG,2016,1.275431684
ALB,FP.CPI.TOTL.ZG,2017,1.986661332
ALB,FP.CPI.TOTL.ZG,2018,2.028059631
ALB,FP.CPI.TOTL.ZG,2019,1.41109079
ALB,FP.CPI.TOTL.ZG,2020,1.620886617
ALB,FP.CPI.TOTL.ZG,2021,2.041471631
ALB,FP.CPI.TOTL.ZG,2022,6.725202715
ALB,FP.CPI.TOTL.ZG,2023,4.758345552
ALB,FP.CPI.TOTL.ZG,2024,2.215873751
ALB,FP.CPI.TOTL.ZG,2025,2.146185512
DZA,FP.CPI.TOTL.ZG,1960,
DZA,FP.CPI.TOTL.ZG,1961,
DZA,FP.CPI.TOTL.ZG,1962,
DZA,FP.CPI.TOTL.ZG,1963,
DZA,FP.CPI.TOTL.ZG,1964,
DZA,FP.CPI.TOTL.ZG,1965,
DZA,FP.CPI.TOTL.ZG,1966,
DZA,FP.CPI.TOTL.ZG,1967,
DZA,FP.CPI.TOTL.ZG,1968,
DZA,FP.CPI.TOTL.ZG,1969,
DZA,FP.CPI.TOTL.ZG,1970,6.599999999
DZA,FP.CPI.TOTL.ZG,1971,2.626641651
DZA,FP.CPI.TOTL.ZG,1972,3.65630713
DZA,FP.CPI.TOTL.ZG,1973,6.172839506
DZA,FP.CPI.TOTL.ZG,1974,4.699612403
DZA,FP.CPI.TOTL.ZG,1975,8.230316653
DZA,FP.CPI.TOTL.ZG,1976,9.430735402
DZA,FP.CPI.TOTL.ZG,1977,11.98928332
DZA,FP.CPI.TOTL.ZG,1978,17.52392345
DZA,FP.CPI.TOTL.ZG,1979,11.34860051
DZA,FP.CPI.TOTL.ZG,1980,9.517824498
DZA,FP.CPI.TOTL.ZG,1981,14.65484264
DZA,FP.CPI.TOTL.ZG,1982,6.54250963
DZA,FP.CPI.TOTL.ZG,1983,5.96716393
DZA,FP.CPI.TOTL.ZG,1984,8.116397955
DZA,FP.CPI.TOTL.ZG,1985,10.48228704
DZA,FP.CPI.TOTL.ZG,1986,12.37160917
DZA,FP.CPI.TOTL.ZG,1987,7.441260913
DZA,FP.CPI.TOTL.ZG,1988,5.911544964
DZA,FP.CPI.TOTL.ZG,1989,9.304361258
DZA,FP.CPI.TOTL.ZG,1990,16.65253439
DZA,FP.CPI.TOTL.ZG,1991,25.88638693
DZA,FP.CPI.TOTL.ZG,1992,31.66966191
DZA,FP.CPI.TOTL.ZG,1993,20.54032612
DZA,FP.CPI.TOTL.ZG,1994,29.04765612
DZA,FP.CPI.TOTL.ZG,1995,29.77962649
DZA,FP.CPI.TOTL.ZG,1996,18.67907586
DZA,FP.CPI.TOTL.ZG,1997,5.733522754
DZA,FP.CPI.TOTL.ZG,1998,4.950161638
DZA,FP.CPI.TOTL.ZG,1999,2.645511134
DZA,FP.CPI.TOTL.ZG,2000,0.339163189
DZA,FP.CPI.TOTL.ZG,2001,4.225988349
DZA,FP.CPI.TOTL.ZG,2002,1.418301923
DZA,FP.CPI.TOTL.ZG,2003,4.268953958
DZA,FP.CPI.TOTL.ZG,2004,3.961800303
DZA,FP.CPI.TOTL.ZG,2005,1.382446567
DZA,FP.CPI.TOTL.ZG,2006,2.311499185
DZA,FP.CPI.TOTL.ZG,2007,3.678995747
DZA,FP.CPI.TOTL.ZG,2008,4.858590628
DZA,FP.CPI.TOTL.ZG,2009,5.737060361
DZA,FP.CPI.TOTL.ZG,2010,3.911061955
DZA,FP.CPI.TOTL.ZG,2011,4.524211505
DZA,FP.CPI.TOTL.ZG,2012,8.891450911
DZA,FP.CPI.TOTL.ZG,2013,3.25423911
DZA,FP.CPI.TOTL.ZG,2014,2.916926921
DZA,FP.CPI.TOTL.ZG,2015,4.784447007
DZA,FP.CPI.TOTL.ZG,2016,6.397694803
DZA,FP.CPI.TOTL.ZG,2017,5.59111591
DZA,FP.CPI.TOTL.ZG,2018,4.269990205
DZA,FP.CPI.TOTL.ZG,2019,1.951768211
DZA,FP.CPI.TOTL.ZG,2020,2.415130941
DZA,FP.CPI.TOTL.ZG,2021,7.226063074
DZA,FP.CPI.TOTL.ZG,2022,9.265515516
DZA,FP.CPI.TOTL.ZG,2023,9.322173759
DZA,FP.CPI.TOTL.ZG,2024,4.046114553
DZA,FP.CPI.TOTL.ZG,2025,1.418351514
ASM,FP.CPI.TOTL.ZG,1960,
ASM,FP.CPI.TOTL.ZG,1961,
ASM,FP.CPI.TOTL.ZG,1962,
ASM,FP.CPI.TOTL.ZG,1963,
ASM,FP.CPI.TOTL.ZG,1964,
ASM,FP.CPI.TOTL.ZG,1965,
ASM,FP.CPI.TOTL.ZG,1966,
ASM,FP.CPI.TOTL.ZG,1967,
ASM,FP.CPI.TOTL.ZG,1968,
ASM,FP.CPI.TOTL.ZG,1969,
ASM,FP.CPI.TOTL.ZG,1970,
ASM,FP.CPI.TOTL.ZG,1971,
ASM,FP.CPI.TOTL.ZG,1972,
ASM,FP.CPI.TOTL.ZG,1973,
ASM,FP.CPI.TOTL.ZG,1974,
ASM,FP.CPI.TOTL.ZG,1975,
ASM,FP.CPI.TOTL.ZG,1976,
ASM,FP.CPI.TOTL.ZG,1977,
ASM,FP.CPI.TOTL.ZG,1978,
ASM,FP.CPI.TOTL.ZG,1979,
ASM,FP.CPI.TOTL.ZG,1980,
ASM,FP.CPI.TOTL.ZG,1981,
ASM,FP.CPI.TOTL.ZG,1982,
ASM,FP.CPI.TOTL.ZG,1983,
ASM,FP.CPI.TOTL.ZG,1984,
ASM,FP.CPI.TOTL.ZG,1985,
ASM,FP.CPI.TOTL.ZG,1986,
ASM,FP.CPI.TOTL.ZG,1987,
ASM,FP.CPI.TOTL.ZG,1988,
ASM,FP.CPI.TOTL.ZG,1989,
ASM,FP.CPI.TOTL.ZG,1990,
ASM,FP.CPI.TOTL.ZG,1991,
ASM,FP.CPI.TOTL.ZG,1992,
ASM,FP.CPI.TOTL.ZG,1993,
ASM,FP.CPI.TOTL.ZG,1994,
ASM,FP.CPI.TOTL.ZG,1995,
ASM,FP.CPI.TOTL.ZG,1996,
ASM,FP.CPI.TOTL.ZG,1997,
ASM,FP.CPI.TOTL.ZG,1998,
ASM,FP.CPI.TOTL.ZG,1999,
ASM,FP.CPI.TOTL.ZG,2000,
ASM,FP.CPI.TOTL.ZG,2001,
ASM,FP.CPI.TOTL.ZG,2002,
ASM,FP.CPI.TOTL.ZG,2003,
ASM,FP.CPI.TOTL.ZG,2004,
ASM,FP.CPI.TOTL.ZG,2005,
ASM,FP.CPI.TOTL.ZG,2006,
ASM,FP.CPI.TOTL.ZG,2007,
ASM,FP.CPI.TOTL.ZG,2008,
ASM,FP.CPI.TOTL.ZG,2009,
ASM,FP.CPI.TOTL.ZG,2010,
ASM,FP.CPI.TOTL.ZG,2011,
ASM,FP.CPI.TOTL.ZG,2012,
ASM,FP.CPI.TOTL.ZG,2013,
ASM,FP.CPI.TOTL.ZG,2014,
ASM,FP.CPI.TOTL.ZG,2015,
ASM,FP.CPI.TOTL.ZG,2016,
ASM,FP.CPI.TOTL.ZG,2017,
ASM,FP.CPI.TOTL.ZG,2018,
ASM,FP.CPI.TOTL.ZG,2019,
ASM,FP.CPI.TOTL.ZG,2020,
ASM,FP.CPI.TOTL.ZG,2021,
ASM,FP.CPI.TOTL.ZG,2022,
ASM,FP.CPI.TOTL.ZG,2023,
ASM,FP.CPI.TOTL.ZG,2024,
ASM,FP.CPI.TOTL.ZG,2025,
AND,FP.CPI.TOTL.ZG,1960,
AND,FP.CPI.TOTL.ZG,1961,
AND,FP.CPI.TOTL.ZG,1962,
AND,FP.CPI.TOTL.ZG,1963,
AND,FP.CPI.TOTL.ZG,1964,
AND,FP.CPI.TOTL.ZG,1965,
AND,FP.CPI.TOTL.ZG,1966,
AND,FP.CPI.TOTL.ZG,1967,
AND,FP.CPI.TOTL.ZG,1968,
AND,FP.CPI.TOTL.ZG,1969,
AND,FP.CPI.TOTL.ZG,1970,
AND,FP.CPI.TOTL.ZG,1971,
AND,FP.CPI.TOTL.ZG,1972,
AND,FP.CPI.TOTL.ZG,1973,
AND,FP.CPI.TOTL.ZG,1974,
AND,FP.CPI.TOTL.ZG,1975,
AND,FP.CPI.TOTL.ZG,1976,
AND,FP.CPI.TOTL.ZG,1977,
AND,FP.CPI.TOTL.ZG,1978,
AND,FP.CPI.TOTL.ZG,1979,
AND,FP.CPI.TOTL.ZG,1980,
AND,FP.CPI.TOTL.ZG,1981,
AND,FP.CPI.TOTL.ZG,1982,
AND,FP.CPI.TOTL.ZG,1983,
AND,FP.CPI.TOTL.ZG,1984,
AND,FP.CPI.TOTL.ZG,1985,
AND,FP.CPI.TOTL.ZG,1986,
AND,FP.CPI.TOTL.ZG,1987,
AND,FP.CPI.TOTL.ZG,1988,
AND,FP.CPI.TOTL.ZG,1989,
AND,FP.CPI.TOTL.ZG,1990,
AND,FP.CPI.TOTL.ZG,1991,
AND,FP.CPI.TOTL.ZG,1992,
AND,FP.CPI.TOTL.ZG,1993,
AND,FP.CPI.TOTL.ZG,1994,
AND,FP.CPI.TOTL.ZG,1995,
AND,FP.CPI.TOTL.ZG,1996,
AND,FP.CPI.TOTL.ZG,1997,
AND,FP.CPI.TOTL.ZG,1998,
AND,FP.CPI.TOTL.ZG,1999,
AND,FP.CPI.TOTL.ZG,2000,
AND,FP.CPI.TOTL.ZG,2001,
AND,FP.CPI.TOTL.ZG,2002,
AND,FP.CPI.TOTL.ZG,2003,
AND,FP.CPI.TOTL.ZG,2004,
AND,FP.CPI.TOTL.ZG,2005,
AND,FP.CPI.TOTL.ZG,2006,
AND,FP.CPI.TOTL.ZG,2007,
AND,FP.CPI.TOTL.ZG,2008,
AND,FP.CPI.TOTL.ZG,2009,
AND,FP.CPI.TOTL.ZG,2010,
AND,FP.CPI.TOTL.ZG,2011,
AND,FP.CPI.TOTL.ZG,2012,
AND,FP.CPI.TOTL.ZG,2013,
AND,FP.CPI.TOTL.ZG,2014,
AND,FP.CPI.TOTL.ZG,2015,
AND,FP.CPI.TOTL.ZG,2016,
AND,FP.CPI.TOTL.ZG,2017,
AND,FP.CPI.TOTL.ZG,2018,
AND,FP.CPI.TOTL.ZG,2019,
AND,FP.CPI.TOTL.ZG,2020,
AND,FP.CPI.TOTL.ZG,2021,
AND,FP.CPI.TOTL.ZG,2022,
AND,FP.CPI.TOTL.ZG,2023,
AND,FP.CPI.TOTL.ZG,2024,
AND,FP.CPI.TOTL.ZG,2025,
AGO,FP.CPI.TOTL.ZG,1960,
AGO,FP.CPI.TOTL.ZG,1961,
AGO,FP.CPI.TOTL.ZG,1962,
AGO,FP.CPI.TOTL.ZG,1963,
AGO,FP.CPI.TOTL.ZG,1964,
AGO,FP.CPI.TOTL.ZG,1965,
AGO,FP.CPI.TOTL.ZG,1966,
AGO,FP.CPI.TOTL.ZG,1967,
AGO,FP.CPI.TOTL.ZG,1968,
AGO,FP.CPI.TOTL.ZG,1969,
AGO,FP.CPI.TOTL.ZG,1970,
AGO,FP.CPI.TOTL.ZG,1971,
AGO,FP.CPI.TOTL.ZG,1972,
AGO,FP.CPI.TOTL.ZG,1973,
AGO,FP.CPI.TOTL.ZG,1974,
AGO,FP.CPI.TOTL.ZG,1975,
AGO,FP.CPI.TOTL.ZG,1976,
AGO,FP.CPI.TOTL.ZG,1977,
AGO,FP.CPI.TOTL.ZG,1978,
AGO,FP.CPI.TOTL.ZG,1979,
AGO,FP.CPI.TOTL.ZG,1980,
AGO,FP.CPI.TOTL.ZG,1981,
AGO,FP.CPI.TOTL.ZG,1982,
AGO,FP.CPI.TOTL.ZG,1983,
AGO,FP.CPI.TOTL.ZG,1984,
AGO,FP.CPI.TOTL.ZG,1985,
AGO,FP.CPI.TOTL.ZG,1986,
AGO,FP.CPI.TOTL.ZG,1987,
AGO,FP.CPI.TOTL.ZG,1988,
AGO,FP.CPI.TOTL.ZG,1989,
AGO,FP.CPI.TOTL.ZG,1990,
AGO,FP.CPI.TOTL.ZG,1991,83.78378378
AGO,FP.CPI.TOTL.ZG,1992,299.5098039
AGO,FP.CPI.TOTL.ZG,1993,1378.527607
AGO,FP.CPI.TOTL.ZG,1994,949.7925311
AGO,FP.CPI.TOTL.ZG,1995,2666.450593
AGO,FP.CPI.TOTL.ZG,1996,4145.105982
AGO,FP.CPI.TOTL.ZG,1997,219.1767212
AGO,FP.CPI.TOTL.ZG,1998,107.2848215
AGO,FP.CPI.TOTL.ZG,1999,248.1959024
AGO,FP.CPI.TOTL.ZG,2000,324.9968716
AGO,FP.CPI.TOTL.ZG,2001,152.5610225
AGO,FP.CPI.TOTL.ZG,2002,108.8974361
AGO,FP.CPI.TOTL.ZG,2003,98.22414366
AGO,FP.CPI.TOTL.ZG,2004,43.54210675
AGO,FP.CPI.TOTL.ZG,2005,22.95351385
AGO,FP.CPI.TOTL.ZG,2006,13.30521018
AGO,FP.CPI.TOTL.ZG,2007,12.25149745
AGO,FP.CPI.TOTL.ZG,2008,12.47582913
AGO,FP.CPI.TOTL.ZG,2009,13.73028393
AGO,FP.CPI.TOTL.ZG,2010,14.46965649
AGO,FP.CPI.TOTL.ZG,2011,13.48246792
AGO,FP.CPI.TOTL.ZG,2012,10.27790492
AGO,FP.CPI.TOTL.ZG,2013,8.777814293
AGO,FP.CPI.TOTL.ZG,2014,7.280387304
AGO,FP.CPI.TOTL.ZG,2015,9.355972155
AGO,FP.CPI.TOTL.ZG,2016,30.69441508
AGO,FP.CPI.TOTL.ZG,2017,29.8444799
AGO,FP.CPI.TOTL.ZG,2018,19.62893797
AGO,FP.CPI.TOTL.ZG,2019,17.08095414
AGO,FP.CPI.TOTL.ZG,2020,22.27153925
AGO,FP.CPI.TOTL.ZG,2021,25.75429488
AGO,FP.CPI.TOTL.ZG,2022,21.35529013
AGO,FP.CPI.TOTL.ZG,2023,13.64410178
AGO,FP.CPI.TOTL.ZG,2024,28.24049489
AGO,FP.CPI.TOTL.ZG,2025,20.16201976
ATG,FP.CPI.TOTL.ZG,1960,
ATG,FP.CPI.TOTL.ZG,1961,
ATG,FP.CPI.TOTL.ZG,1962,
ATG,FP.CPI.TOTL.ZG,1963,
ATG,FP.CPI.TOTL.ZG,1964,
ATG,FP.CPI.TOTL.ZG,1965,
ATG,FP.CPI.TOTL.ZG,1966,
ATG,FP.CPI.TOTL.ZG,1967,
ATG,FP.CPI.TOTL.ZG,1968,
ATG,FP.CPI.TOTL.ZG,1969,
ATG,FP.CPI.TOTL.ZG,1970,
ATG,FP.CPI.TOTL.ZG,1971,
ATG,FP.CPI.TOTL.ZG,1972,
ATG,FP.CPI.TOTL.ZG,1973,
ATG,FP.CPI.TOTL.ZG,1974,
ATG,FP.CPI.TOTL.ZG,1975,
ATG,FP.CPI.TOTL.ZG,1976,
ATG,FP.CPI.TOTL.ZG,1977,
ATG,FP.CPI.TOTL.ZG,1978,
ATG,FP.CPI.TOTL.ZG,1979,
ATG,FP.CPI.TOTL.ZG,1980,
ATG,FP.CPI.TOTL.ZG,1981,
ATG,FP.CPI.TOTL.ZG,1982,
ATG,FP.CPI.TOTL.ZG,1983,
ATG,FP.CPI.TOTL.ZG,1984,
ATG,FP.CPI.TOTL.ZG,1985,
ATG,FP.CPI.TOTL.ZG,1986,
ATG,FP.CPI.TOTL.ZG,1987,
ATG,FP.CPI.TOTL.ZG,1988,
ATG,FP.CPI.TOTL.ZG,1989,
ATG,FP.CPI.TOTL.ZG,1990,
ATG,FP.CPI.TOTL.ZG,1991,
ATG,FP.CPI.TOTL.ZG,1992,
ATG,FP.CPI.TOTL.ZG,1993,
ATG,FP.CPI.TOTL.ZG,1994,
ATG,FP.CPI.TOTL.ZG,1995,
ATG,FP.CPI.TOTL.ZG,1996,
ATG,FP.CPI.TOTL.ZG,1997,
ATG,FP.CPI.TOTL.ZG,1998,
ATG,FP.CPI.TOTL.ZG,1999,1.121287896
ATG,FP.CPI.TOTL.ZG,2000,0.771779797
ATG,FP.CPI.TOTL.ZG,2001,1.402796636
ATG,FP.CPI.TOTL.ZG,2002,2.407658013
ATG,FP.CPI.TOTL.ZG,2003,1.993530552
ATG,FP.CPI.TOTL.ZG,2004,2.030077579
ATG,FP.CPI.TOTL.ZG,2005,2.098751967
ATG,FP.CPI.TOTL.ZG,2006,1.787785374
ATG,FP.CPI.TOTL.ZG,2007,1.416052594
ATG,FP.CPI.TOTL.ZG,2008,5.333806398
ATG,FP.CPI.TOTL.ZG,2009,-0.550159996
ATG,FP.CPI.TOTL.ZG,2010,3.370025402
ATG,FP.CPI.TOTL.ZG,2011,3.456749672
ATG,FP.CPI.TOTL.ZG,2012,3.376880443
ATG,FP.CPI.TOTL.ZG,2013,1.059497824
ATG,FP.CPI.TOTL.ZG,2014,1.089441574
ATG,FP.CPI.TOTL.ZG,2015,0.968993459
ATG,FP.CPI.TOTL.ZG,2016,-0.489437796
ATG,FP.CPI.TOTL.ZG,2017,2.43248789
ATG,FP.CPI.TOTL.ZG,2018,1.207157934
ATG,FP.CPI.TOTL.ZG,2019,1.431355982
ATG,FP.CPI.TOTL.ZG,2020,0.625989707
ATG,FP.CPI.TOTL.ZG,2021,2.062996385
ATG,FP.CPI.TOTL.ZG,2022,7.531078346
ATG,FP.CPI.TOTL.ZG,2023,5.067138654
ATG,FP.CPI.TOTL.ZG,2024,6.198866988
ATG,FP.CPI.TOTL.ZG,2025,1.368735275
ARG,FP.CPI.TOTL.ZG,1960,
ARG,FP.CPI.TOTL.ZG,1961,
ARG,FP.CPI.TOTL.ZG,1962,
ARG,FP.CPI.TOTL.ZG,1963,
ARG,FP.CPI.TOTL.ZG,1964,
ARG,FP.CPI.TOTL.ZG,1965,
ARG,FP.CPI.TOTL.ZG,1966,
ARG,FP.CPI.TOTL.ZG,1967,
ARG,FP.CPI.TOTL.ZG,1968,
ARG,FP.CPI.TOTL.ZG,1969,
ARG,FP.CPI.TOTL.ZG,1970,
ARG,FP.CPI.TOTL.ZG,1971,
ARG,FP.CPI.TOTL.ZG,1972,
ARG,FP.CPI.TOTL.ZG,1973,
ARG,FP.CPI.TOTL.ZG,1974,
ARG,FP.CPI.TOTL.ZG,1975,
ARG,FP.CPI.TOTL.ZG,1976,
ARG,FP.CPI.TOTL.ZG,1977,
ARG,FP.CPI.TOTL.ZG,1978,
ARG,FP.CPI.TOTL.ZG,1979,
ARG,FP.CPI.TOTL.ZG,1980,
ARG,FP.CPI.TOTL.ZG,1981,
ARG,FP.CPI.TOTL.ZG,1982,
ARG,FP.CPI.TOTL.ZG,1983,
ARG,FP.CPI.TOTL.ZG,1984,
ARG,FP.CPI.TOTL.ZG,1985,
ARG,FP.CPI.TOTL.ZG,1986,
ARG,FP.CPI.TOTL.ZG,1987,
ARG,FP.CPI.TOTL.ZG,1988,
ARG,FP.CPI.TOTL.ZG,1989,
ARG,FP.CPI.TOTL.ZG,1990,
ARG,FP.CPI.TOTL.ZG,1991,
ARG,FP.CPI.TOTL.ZG,1992,
ARG,FP.CPI.TOTL.ZG,1993,
ARG,FP.CPI.TOTL.ZG,1994,
ARG,FP.CPI.TOTL.ZG,1995,
ARG,FP.CPI.TOTL.ZG,1996,
ARG,FP.CPI.TOTL.ZG,1997,
ARG,FP.CPI.TOTL.ZG,1998,
ARG,FP.CPI.TOTL.ZG,1999,-1.810449933
ARG,FP.CPI.TOTL.ZG,2000,-0.73370738
ARG,FP.CPI.TOTL.ZG,2001,-1.543427822
ARG,FP.CPI.TOTL.ZG,2002,40.95286885
ARG,FP.CPI.TOTL.ZG,2003,3.656320419
ARG,FP.CPI.TOTL.ZG,2004,6.100981767
ARG,FP.CPI.TOTL.ZG,2005,12.32650364
ARG,FP.CPI.TOTL.ZG,2006,9.838187702
ARG,FP.CPI.TOTL.ZG,2007,25.68764278
ARG,FP.CPI.TOTL.ZG,2008,22.99313774
ARG,FP.CPI.TOTL.ZG,2009,14.81397481
ARG,FP.CPI.TOTL.ZG,2010,25.31594641
ARG,FP.CPI.TOTL.ZG,2011,22.77730551
ARG,FP.CPI.TOTL.ZG,2012,25.27631762
ARG,FP.CPI.TOTL.ZG,2013,28.39917064
ARG,FP.CPI.TOTL.ZG,2014,38.32523371
ARG,FP.CPI.TOTL.ZG,2015,27.76045822
ARG,FP.CPI.TOTL.ZG,2016,40.71185765
ARG,FP.CPI.TOTL.ZG,2017,24.58730754
ARG,FP.CPI.TOTL.ZG,2018,47.64559007
ARG,FP.CPI.TOTL.ZG,2019,53.83240202
ARG,FP.CPI.TOTL.ZG,2020,36.14058781
ARG,FP.CPI.TOTL.ZG,2021,50.94163354
ARG,FP.CPI.TOTL.ZG,2022,94.79318234
ARG,FP.CPI.TOTL.ZG,2023,211.4076437
ARG,FP.CPI.TOTL.ZG,2024,117.8131102
ARG,FP.CPI.TOTL.ZG,2025,
ARM,FP.CPI.TOTL.ZG,1960,
ARM,FP.CPI.TOTL.ZG,1961,
ARM,FP.CPI.TOTL.ZG,1962,
ARM,FP.CPI.TOTL.ZG,1963,
ARM,FP.CPI.TOTL.ZG,1964,
ARM,FP.CPI.TOTL.ZG,1965,
ARM,FP.CPI.TOTL.ZG,1966,
ARM,FP.CPI.TOTL.ZG,1967,
ARM,FP.CPI.TOTL.ZG,1968,
ARM,FP.CPI.TOTL.ZG,1969,
ARM,FP.CPI.TOTL.ZG,1970,
ARM,FP.CPI.TOTL.ZG,1971,
ARM,FP.CPI.TOTL.ZG,1972,
ARM,FP.CPI.TOTL.ZG,1973,
ARM,FP.CPI.TOTL.ZG,1974,
ARM,FP.CPI.TOTL.ZG,1975,
ARM,FP.CPI.TOTL.ZG,1976,
ARM,FP.CPI.TOTL.ZG,1977,
ARM,FP.CPI.TOTL.ZG,1978,
ARM,FP.CPI.TOTL.ZG,1979,
ARM,FP.CPI.TOTL.ZG,1980,
ARM,FP.CPI.TOTL.ZG,1981,
ARM,FP.CPI.TOTL.ZG,1982,
ARM,FP.CPI.TOTL.ZG,1983,
ARM,FP.CPI.TOTL.ZG,1984,
ARM,FP.CPI.TOTL.ZG,1985,
ARM,FP.CPI.TOTL.ZG,1986,
ARM,FP.CPI.TOTL.ZG,1987,
ARM,FP.CPI.TOTL.ZG,1988,
ARM,FP.CPI.TOTL.ZG,1989,
ARM,FP.CPI.TOTL.ZG,1990,
ARM,FP.CPI.TOTL.ZG,1991,
ARM,FP.CPI.TOTL.ZG,1992,
ARM,FP.CPI.TOTL.ZG,1993,
ARM,FP.CPI.TOTL.ZG,1994,3373.759443
ARM,FP.CPI.TOTL.ZG,1995,175.9513255
ARM,FP.CPI.TOTL.ZG,1996,18.68118564
ARM,FP.CPI.TOTL.ZG,1997,13.96076412
ARM,FP.CPI.TOTL.ZG,1998,8.672486324
ARM,FP.CPI.TOTL.ZG,1999,0.64824576
ARM,FP.CPI.TOTL.ZG,2000,-0.790883769
ARM,FP.CPI.TOTL.ZG,2001,3.145904647
ARM,FP.CPI.TOTL.ZG,2002,1.060049293
ARM,FP.CPI.TOTL.ZG,2003,4.721553366
ARM,FP.CPI.TOTL.ZG,2004,6.961261359
ARM,FP.CPI.TOTL.ZG,2005,0.638928002
ARM,FP.CPI.TOTL.ZG,2006,2.892356625
ARM,FP.CPI.TOTL.ZG,2007,4.407360896
ARM,FP.CPI.TOTL.ZG,2008,8.949953354
ARM,FP.CPI.TOTL.ZG,2009,3.406766827
ARM,FP.CPI.TOTL.ZG,2010,8.176361385
ARM,FP.CPI.TOTL.ZG,2011,7.650008079
ARM,FP.CPI.TOTL.ZG,2012,2.558020078
ARM,FP.CPI.TOTL.ZG,2013,5.789667785
ARM,FP.CPI.TOTL.ZG,2014,2.981308689
ARM,FP.CPI.TOTL.ZG,2015,3.731691193
ARM,FP.CPI.TOTL.ZG,2016,-1.403607559
ARM,FP.CPI.TOTL.ZG,2017,0.969553269
ARM,FP.CPI.TOTL.ZG,2018,2.52023382
ARM,FP.CPI.TOTL.ZG,2019,1.443446608
ARM,FP.CPI.TOTL.ZG,2020,1.211435778
ARM,FP.CPI.TOTL.ZG,2021,7.184836294
ARM,FP.CPI.TOTL.ZG,2022,8.64091109
ARM,FP.CPI.TOTL.ZG,2023,1.980418776
ARM,FP.CPI.TOTL.ZG,2024,0.269511978
ARM,FP.CPI.TOTL.ZG,2025,3.306933411
ABW,FP.CPI.TOTL.ZG,1960,
ABW,FP.CPI.TOTL.ZG,1961,
ABW,FP.CPI.TOTL.ZG,1962,
ABW,FP.CPI.TOTL.ZG,1963,
ABW,FP.CPI.TOTL.ZG,1964,
ABW,FP.CPI.TOTL.ZG,1965,
ABW,FP.CPI.TOTL.ZG,1966,
ABW,FP.CPI.TOTL.ZG,1967,
ABW,FP.CPI.TOTL.ZG,1968,
ABW,FP.CPI.TOTL.ZG,1969,
ABW,FP.CPI.TOTL.ZG,1970,
ABW,FP.CPI.TOTL.ZG,1971,
ABW,FP.CPI.TOTL.ZG,1972,
ABW,FP.CPI.TOTL.ZG,1973,
ABW,FP.CPI.TOTL.ZG,1974,
ABW,FP.CPI.TOTL.ZG,1975,
ABW,FP.CPI.TOTL.ZG,1976,
ABW,FP.CPI.TOTL.ZG,1977,
ABW,FP.CPI.TOTL.ZG,1978,
ABW,FP.CPI.TOTL.ZG,1979,
ABW,FP.CPI.TOTL.ZG,1980,
ABW,FP.CPI.TOTL.ZG,1981,
ABW,FP.CPI.TOTL.ZG,1982,
ABW,FP.CPI.TOTL.ZG,1983,
ABW,FP.CPI.TOTL.ZG,1984,
ABW,FP.CPI.TOTL.ZG,1985,4.032258056
ABW,FP.CPI.TOTL.ZG,1986,1.073966408
ABW,FP.CPI.TOTL.ZG,1987,3.643045458
ABW,FP.CPI.TOTL.ZG,1988,3.121868496
ABW,FP.CPI.TOTL.ZG,1989,3.991628046
ABW,FP.CPI.TOTL.ZG,1990,5.836687752
ABW,FP.CPI.TOTL.ZG,1991,5.555555556
ABW,FP.CPI.TOTL.ZG,1992,3.87337537
ABW,FP.CPI.TOTL.ZG,1993,5.21555996
ABW,FP.CPI.TOTL.ZG,1994,6.311079713
ABW,FP.CPI.TOTL.ZG,1995,3.361391073
ABW,FP.CPI.TOTL.ZG,1996,3.225287972
ABW,FP.CPI.TOTL.ZG,1997,2.999948098
ABW,FP.CPI.TOTL.ZG,1998,1.869488536
ABW,FP.CPI.TOTL.ZG,1999,2.280371983
ABW,FP.CPI.TOTL.ZG,2000,4.044021312
ABW,FP.CPI.TOTL.ZG,2001,2.883604303
ABW,FP.CPI.TOTL.ZG,2002,3.315246786
ABW,FP.CPI.TOTL.ZG,2003,3.656365079
ABW,FP.CPI.TOTL.ZG,2004,2.529129469
ABW,FP.CPI.TOTL.ZG,2005,3.397786778
ABW,FP.CPI.TOTL.ZG,2006,3.608024388
ABW,FP.CPI.TOTL.ZG,2007,5.392567845
ABW,FP.CPI.TOTL.ZG,2008,8.955987052
ABW,FP.CPI.TOTL.ZG,2009,-2.13542872
ABW,FP.CPI.TOTL.ZG,2010,2.078140719
ABW,FP.CPI.TOTL.ZG,2011,4.316297422
ABW,FP.CPI.TOTL.ZG,2012,0.627471993
ABW,FP.CPI.TOTL.ZG,2013,-2.372065243
ABW,FP.CPI.TOTL.ZG,2014,0.421440919
ABW,FP.CPI.TOTL.ZG,2015,0.474763597
ABW,FP.CPI.TOTL.ZG,2016,-0.931195987
ABW,FP.CPI.TOTL.ZG,2017,-1.028281788
ABW,FP.CPI.TOTL.ZG,2018,3.626041414
ABW,FP.CPI.TOTL.ZG,2019,4.257462043
ABW,FP.CPI.TOTL.ZG,2020,
ABW,FP.CPI.TOTL.ZG,2021,
ABW,FP.CPI.TOTL.ZG,2022,
ABW,FP.CPI.TOTL.ZG,2023,
ABW,FP.CPI.TOTL.ZG,2024,
ABW,FP.CPI.TOTL.ZG,2025,
AUS,FP.CPI.TOTL.ZG,1960,3.728821504
AUS,FP.CPI.TOTL.ZG,1961,2.287580407
AUS,FP.CPI.TOTL.ZG,1962,-0.319488641
AUS,FP.CPI.TOTL.ZG,1963,0.641025286
AUS,FP.CPI.TOTL.ZG,1964,2.866226699
AUS,FP.CPI.TOTL.ZG,1965,3.405584767
AUS,FP.CPI.TOTL.ZG,1966,3.293411469
AUS,FP.CPI.TOTL.ZG,1967,3.478259127
AUS,FP.CPI.TOTL.ZG,1968,2.521007183
AUS,FP.CPI.TOTL.ZG,1969,3.278686976
AUS,FP.CPI.TOTL.ZG,1970,3.439151867
AUS,FP.CPI.TOTL.ZG,1971,6.138108387
AUS,FP.CPI.TOTL.ZG,1972,6.02410408
AUS,FP.CPI.TOTL.ZG,1973,9.090904329
AUS,FP.CPI.TOTL.ZG,1974,15.41667727
AUS,FP.CPI.TOTL.ZG,1975,15.1624202
AUS,FP.CPI.TOTL.ZG,1976,13.32290298
AUS,FP.CPI.TOTL.ZG,1977,12.30982675
AUS,FP.CPI.TOTL.ZG,1978,8.004904394
AUS,FP.CPI.TOTL.ZG,1979,9.122020569
AUS,FP.CPI.TOTL.ZG,1980,10.13584894
AUS,FP.CPI.TOTL.ZG,1981,9.487661366
AUS,FP.CPI.TOTL.ZG,1982,11.35183213
AUS,FP.CPI.TOTL.ZG,1983,10.0389004
AUS,FP.CPI.TOTL.ZG,1984,3.960408445
AUS,FP.CPI.TOTL.ZG,1985,6.734685999
AUS,FP.CPI.TOTL.ZG,1986,9.050353233
AUS,FP.CPI.TOTL.ZG,1987,8.533003558
AUS,FP.CPI.TOTL.ZG,1988,7.215957168
AUS,FP.CPI.TOTL.ZG,1989,7.533898528
AUS,FP.CPI.TOTL.ZG,1990,7.333023684
AUS,FP.CPI.TOTL.ZG,1991,3.176668723
AUS,FP.CPI.TOTL.ZG,1992,1.012228241
AUS,FP.CPI.TOTL.ZG,1993,1.753657518
AUS,FP.CPI.TOTL.ZG,1994,1.969635071
AUS,FP.CPI.TOTL.ZG,1995,4.627764454
AUS,FP.CPI.TOTL.ZG,1996,2.615379024
AUS,FP.CPI.TOTL.ZG,1997,0.224895027
AUS,FP.CPI.TOTL.ZG,1998,0.860129922
AUS,FP.CPI.TOTL.ZG,1999,1.483139467
AUS,FP.CPI.TOTL.ZG,2000,4.457437059
AUS,FP.CPI.TOTL.ZG,2001,4.407129986
AUS,FP.CPI.TOTL.ZG,2002,2.98157117
AUS,FP.CPI.TOTL.ZG,2003,2.732597548
AUS,FP.CPI.TOTL.ZG,2004,2.343256871
AUS,FP.CPI.TOTL.ZG,2005,2.691829496
AUS,FP.CPI.TOTL.ZG,2006,3.55528697
AUS,FP.CPI.TOTL.ZG,2007,2.327614426
AUS,FP.CPI.TOTL.ZG,2008,4.350297267
AUS,FP.CPI.TOTL.ZG,2009,1.771120257
AUS,FP.CPI.TOTL.ZG,2010,2.918337021
AUS,FP.CPI.TOTL.ZG,2011,3.303847847
AUS,FP.CPI.TOTL.ZG,2012,1.762782991
AUS,FP.CPI.TOTL.ZG,2013,2.449882481
AUS,FP.CPI.TOTL.ZG,2014,2.487929321
AUS,FP.CPI.TOTL.ZG,2015,1.508368031
AUS,FP.CPI.TOTL.ZG,2016,1.276993657
AUS,FP.CPI.TOTL.ZG,2017,1.948643091
AUS,FP.CPI.TOTL.ZG,2018,1.911400028
AUS,FP.CPI.TOTL.ZG,2019,1.610770929
AUS,FP.CPI.TOTL.ZG,2020,0.846900735
AUS,FP.CPI.TOTL.ZG,2021,2.863912847
AUS,FP.CPI.TOTL.ZG,2022,6.594096587
AUS,FP.CPI.TOTL.ZG,2023,5.597017923
AUS,FP.CPI.TOTL.ZG,2024,3.166566654
AUS,FP.CPI.TOTL.ZG,2025,2.874037917
AUT,FP.CPI.TOTL.ZG,1960,1.945749352
AUT,FP.CPI.TOTL.ZG,1961,3.542239867
AUT,FP.CPI.TOTL.ZG,1962,4.381798639
AUT,FP.CPI.TOTL.ZG,1963,2.708766995
AUT,FP.CPI.TOTL.ZG,1964,3.868563549
AUT,FP.CPI.TOTL.ZG,1965,4.930916377
AUT,FP.CPI.TOTL.ZG,1966,2.054820593
AUT,FP.CPI.TOTL.ZG,1967,3.974672929
AUT,FP.CPI.TOTL.ZG,1968,2.764864473
AUT,FP.CPI.TOTL.ZG,1969,3.080404195
AUT,FP.CPI.TOTL.ZG,1970,4.372824416
AUT,FP.CPI.TOTL.ZG,1971,4.704258138
AUT,FP.CPI.TOTL.ZG,1972,6.355146127
AUT,FP.CPI.TOTL.ZG,1973,7.531078038
AUT,FP.CPI.TOTL.ZG,1974,9.521788197
AUT,FP.CPI.TOTL.ZG,1975,8.445258639
AUT,FP.CPI.TOTL.ZG,1976,7.318685451
AUT,FP.CPI.TOTL.ZG,1977,5.494615681
AUT,FP.CPI.TOTL.ZG,1978,3.574318576
AUT,FP.CPI.TOTL.ZG,1979,3.707400964
AUT,FP.CPI.TOTL.ZG,1980,6.328325362
AUT,FP.CPI.TOTL.ZG,1981,6.803041776
AUT,FP.CPI.TOTL.ZG,1982,5.436030825
AUT,FP.CPI.TOTL.ZG,1983,3.339164534
AUT,FP.CPI.TOTL.ZG,1984,5.663185739
AUT,FP.CPI.TOTL.ZG,1985,3.189516818
AUT,FP.CPI.TOTL.ZG,1986,1.705444567
AUT,FP.CPI.TOTL.ZG,1987,1.401952718
AUT,FP.CPI.TOTL.ZG,1988,1.915716847
AUT,FP.CPI.TOTL.ZG,1989,2.56834829
AUT,FP.CPI.TOTL.ZG,1990,3.261872319
AUT,FP.CPI.TOTL.ZG,1991,3.337427035
AUT,FP.CPI.TOTL.ZG,1992,4.0208478
AUT,FP.CPI.TOTL.ZG,1993,3.631785249
AUT,FP.CPI.TOTL.ZG,1994,2.953409368
AUT,FP.CPI.TOTL.ZG,1995,2.243366315
AUT,FP.CPI.TOTL.ZG,1996,1.860971158
AUT,FP.CPI.TOTL.ZG,1997,1.305978572
AUT,FP.CPI.TOTL.ZG,1998,0.922467197
AUT,FP.CPI.TOTL.ZG,1999,0.568993766
AUT,FP.CPI.TOTL.ZG,2000,2.344862854
AUT,FP.CPI.TOTL.ZG,2001,2.650000773
AUT,FP.CPI.TOTL.ZG,2002,1.810357878
AUT,FP.CPI.TOTL.ZG,2003,1.355553709
AUT,FP.CPI.TOTL.ZG,2004,2.06120618
AUT,FP.CPI.TOTL.ZG,2005,2.299137856
AUT,FP.CPI.TOTL.ZG,2006,1.441548511
AUT,FP.CPI.TOTL.ZG,2007,2.168555288
AUT,FP.CPI.TOTL.ZG,2008,3.215950332
AUT,FP.CPI.TOTL.ZG,2009,0.506308828
AUT,FP.CPI.TOTL.ZG,2010,1.81353439
AUT,FP.CPI.TOTL.ZG,2011,3.286579149
AUT,FP.CPI.TOTL.ZG,2012,2.485675622
AUT,FP.CPI.TOTL.ZG,2013,2.000156169
AUT,FP.CPI.TOTL.ZG,2014,1.60581183
AUT,FP.CPI.TOTL.ZG,2015,0.896563335
AUT,FP.CPI.TOTL.ZG,2016,0.891591753
AUT,FP.CPI.TOTL.ZG,2017,2.081269114
AUT,FP.CPI.TOTL.ZG,2018,1.998379814
AUT,FP.CPI.TOTL.ZG,2019,1.530895642
AUT,FP.CPI.TOTL.ZG,2020,1.381910634
AUT,FP.CPI.TOTL.ZG,2021,2.766666667
AUT,FP.CPI.TOTL.ZG,2022,8.546869932
AUT,FP.CPI.TOTL.ZG,2023,7.81413417
AUT,FP.CPI.TOTL.ZG,2024,2.937915743
AUT,FP.CPI.TOTL.ZG,2025,3.5271944
AZE,FP.CPI.TOTL.ZG,1960,
AZE,FP.CPI.TOTL.ZG,1961,
AZE,FP.CPI.TOTL.ZG,1962,
AZE,FP.CPI.TOTL.ZG,1963,
AZE,FP.CPI.TOTL.ZG,1964,
AZE,FP.CPI.TOTL.ZG,1965,
AZE,FP.CPI.TOTL.ZG,1966,
AZE,FP.CPI.TOTL.ZG,1967,
AZE,FP.CPI.TOTL.ZG,1968,
AZE,FP.CPI.TOTL.ZG,1969,
AZE,FP.CPI.TOTL.ZG,1970,
AZE,FP.CPI.TOTL.ZG,1971,
AZE,FP.CPI.TOTL.ZG,1972,
AZE,FP.CPI.TOTL.ZG,1973,
AZE,FP.CPI.TOTL.ZG,1974,
AZE,FP.CPI.TOTL.ZG,1975,
AZE,FP.CPI.TOTL.ZG,1976,
AZE,FP.CPI.TOTL.ZG,1977,
AZE,FP.CPI.TOTL.ZG,1978,
AZE,FP.CPI.TOTL.ZG,1979,
AZE,FP.CPI.TOTL.ZG,1980,
AZE,FP.CPI.TOTL.ZG,1981,
AZE,FP.CPI.TOTL.ZG,1982,
AZE,FP.CPI.TOTL.ZG,1983,
AZE,FP.CPI.TOTL.ZG,1984,
AZE,FP.CPI.TOTL.ZG,1985,
AZE,FP.CPI.TOTL.ZG,1986,
AZE,FP.CPI.TOTL.ZG,1987,
AZE,FP.CPI.TOTL.ZG,1988,
AZE,FP.CPI.TOTL.ZG,1989,
AZE,FP.CPI.TOTL.ZG,1990,
AZE,FP.CPI.TOTL.ZG,1991,
AZE,FP.CPI.TOTL.ZG,1992,-10.63009716
AZE,FP.CPI.TOTL.ZG,1993,1128.000024
AZE,FP.CPI.TOTL.ZG,1994,1662.215949
AZE,FP.CPI.TOTL.ZG,1995,411.7596418
AZE,FP.CPI.TOTL.ZG,1996,19.79480281
AZE,FP.CPI.TOTL.ZG,1997,3.674348097
AZE,FP.CPI.TOTL.ZG,1998,-0.772697886
AZE,FP.CPI.TOTL.ZG,1999,-8.525170005
AZE,FP.CPI.TOTL.ZG,2000,1.805003037
AZE,FP.CPI.TOTL.ZG,2001,1.547195902
AZE,FP.CPI.TOTL.ZG,2002,2.77116472
AZE,FP.CPI.TOTL.ZG,2003,2.23386493
AZE,FP.CPI.TOTL.ZG,2004,6.708930428
AZE,FP.CPI.TOTL.ZG,2005,9.679507319
AZE,FP.CPI.TOTL.ZG,2006,8.328924829
AZE,FP.CPI.TOTL.ZG,2007,16.69975496
AZE,FP.CPI.TOTL.ZG,2008,20.84908718
AZE,FP.CPI.TOTL.ZG,2009,1.45704836
AZE,FP.CPI.TOTL.ZG,2010,5.726872247
AZE,FP.CPI.TOTL.ZG,2011,7.858333333
AZE,FP.CPI.TOTL.ZG,2012,1.066213397
AZE,FP.CPI.TOTL.ZG,2013,2.415717453
AZE,FP.CPI.TOTL.ZG,2014,1.373441815
AZE,FP.CPI.TOTL.ZG,2015,4.027685737
AZE,FP.CPI.TOTL.ZG,2016,12.44337486
AZE,FP.CPI.TOTL.ZG,2017,12.93591842
AZE,FP.CPI.TOTL.ZG,2018,2.268546904
AZE,FP.CPI.TOTL.ZG,2019,2.610571828
AZE,FP.CPI.TOTL.ZG,2020,2.75980947
AZE,FP.CPI.TOTL.ZG,2021,6.650299127
AZE,FP.CPI.TOTL.ZG,2022,13.85225901
AZE,FP.CPI.TOTL.ZG,2023,8.785430498
AZE,FP.CPI.TOTL.ZG,2024,2.212171889
AZE,FP.CPI.TOTL.ZG,2025,5.622087881
BHS,FP.CPI.TOTL.ZG,1960,
BHS,FP.CPI.TOTL.ZG,1961,
BHS,FP.CPI.TOTL.ZG,1962,
BHS,FP.CPI.TOTL.ZG,1963,
BHS,FP.CPI.TOTL.ZG,1964,
BHS,FP.CPI.TOTL.ZG,1965,
BHS,FP.CPI.TOTL.ZG,1966,
BHS,FP.CPI.TOTL.ZG,1967,5.437756499
BHS,FP.CPI.TOTL.ZG,1968,4.541031463
BHS,FP.CPI.TOTL.ZG,1969,8.935774123
BHS,FP.CPI.TOTL.ZG,1970,6.152093421
BHS,FP.CPI.TOTL.ZG,1971,4.614971827
BHS,FP.CPI.TOTL.ZG,1972,6.830811319
BHS,FP.CPI.TOTL.ZG,1973,5.481754162
BHS,FP.CPI.TOTL.ZG,1974,13.07184584
BHS,FP.CPI.TOTL.ZG,1975,10.359635
BHS,FP.CPI.TOTL.ZG,1976,4.255836576
BHS,FP.CPI.TOTL.ZG,1977,3.189876371
BHS,FP.CPI.TOTL.ZG,1978,6.109070359
BHS,FP.CPI.TOTL.ZG,1979,9.091393268
BHS,FP.CPI.TOTL.ZG,1980,12.09783723
BHS,FP.CPI.TOTL.ZG,1981,11.1144985
BHS,FP.CPI.TOTL.ZG,1982,6.012621017
BHS,FP.CPI.TOTL.ZG,1983,4
BHS,FP.CPI.TOTL.ZG,1984,3.966346154
BHS,FP.CPI.TOTL.ZG,1985,4.605009634
BHS,FP.CPI.TOTL.ZG,1986,5.433781544
BHS,FP.CPI.TOTL.ZG,1987,5.756464011
BHS,FP.CPI.TOTL.ZG,1988,4.402411828
BHS,FP.CPI.TOTL.ZG,1989,5.387658228
BHS,FP.CPI.TOTL.ZG,1990,4.66931912
BHS,FP.CPI.TOTL.ZG,1991,7.114681202
BHS,FP.CPI.TOTL.ZG,1992,5.738198862
BHS,FP.CPI.TOTL.ZG,1993,2.72289767
BHS,FP.CPI.TOTL.ZG,1994,1.399334237
BHS,FP.CPI.TOTL.ZG,1995,2.066994954
BHS,FP.CPI.TOTL.ZG,1996,1.379137412
BHS,FP.CPI.TOTL.ZG,1997,0.544150383
BHS,FP.CPI.TOTL.ZG,1998,1.336613366
BHS,FP.CPI.TOTL.ZG,1999,1.25424826
BHS,FP.CPI.TOTL.ZG,2000,1.606329417
BHS,FP.CPI.TOTL.ZG,2001,2.044989775
BHS,FP.CPI.TOTL.ZG,2002,2.173577925
BHS,FP.CPI.TOTL.ZG,2003,3.025045263
BHS,FP.CPI.TOTL.ZG,2004,0.981914037
BHS,FP.CPI.TOTL.ZG,2005,1.591606181
BHS,FP.CPI.TOTL.ZG,2006,2.389826274
BHS,FP.CPI.TOTL.ZG,2007,2.492577949
BHS,FP.CPI.TOTL.ZG,2008,4.489559954
BHS,FP.CPI.TOTL.ZG,2009,2.062734735
BHS,FP.CPI.TOTL.ZG,2010,1.344027384
BHS,FP.CPI.TOTL.ZG,2011,3.198781417
BHS,FP.CPI.TOTL.ZG,2012,1.97336756
BHS,FP.CPI.TOTL.ZG,2013,0.722414785
BHS,FP.CPI.TOTL.ZG,2014,1.513756431
BHS,FP.CPI.TOTL.ZG,2015,1.861483029
BHS,FP.CPI.TOTL.ZG,2016,-0.34637693
BHS,FP.CPI.TOTL.ZG,2017,1.518207007
BHS,FP.CPI.TOTL.ZG,2018,2.265863467
BHS,FP.CPI.TOTL.ZG,2019,2.491235274
BHS,FP.CPI.TOTL.ZG,2020,0.038521098
BHS,FP.CPI.TOTL.ZG,2021,2.904912629
BHS,FP.CPI.TOTL.ZG,2022,5.605406336
BHS,FP.CPI.TOTL.ZG,2023,3.05291579
BHS,FP.CPI.TOTL.ZG,2024,0.409162489
BHS,FP.CPI.TOTL.ZG,2025,
BHR,FP.CPI.TOTL.ZG,1960,
BHR,FP.CPI.TOTL.ZG,1961,
BHR,FP.CPI.TOTL.ZG,1962,
BHR,FP.CPI.TOTL.ZG,1963,
BHR,FP.CPI.TOTL.ZG,1964,
BHR,FP.CPI.TOTL.ZG,1965,
BHR,FP.CPI.TOTL.ZG,1966,2.134471719
BHR,FP.CPI.TOTL.ZG,1967,4.258098223
BHR,FP.CPI.TOTL.ZG,1968,3.25732899
BHR,FP.CPI.TOTL.ZG,1969,-0.194127639
BHR,FP.CPI.TOTL.ZG,1970,1.628981278
BHR,FP.CPI.TOTL.ZG,1971,5.789473685
BHR,FP.CPI.TOTL.ZG,1972,5.088195386
BHR,FP.CPI.TOTL.ZG,1973,14.33182698
BHR,FP.CPI.TOTL.ZG,1974,24.39299831
BHR,FP.CPI.TOTL.ZG,1975,16.15978212
BHR,FP.CPI.TOTL.ZG,1976,22.49576658
BHR,FP.CPI.TOTL.ZG,1977,17.73112089
BHR,FP.CPI.TOTL.ZG,1978,15.78553759
BHR,FP.CPI.TOTL.ZG,1979,2.205991951
BHR,FP.CPI.TOTL.ZG,1980,3.869525059
BHR,FP.CPI.TOTL.ZG,1981,11.34459681
BHR,FP.CPI.TOTL.ZG,1982,8.885713085
BHR,FP.CPI.TOTL.ZG,1983,2.972399151
BHR,FP.CPI.TOTL.ZG,1984,0.32239925
BHR,FP.CPI.TOTL.ZG,1985,-2.635969303
BHR,FP.CPI.TOTL.ZG,1986,-2.296093214
BHR,FP.CPI.TOTL.ZG,1987,-1.745001754
BHR,FP.CPI.TOTL.ZG,1988,0.303435966
BHR,FP.CPI.TOTL.ZG,1989,1.485897322
BHR,FP.CPI.TOTL.ZG,1990,0.929335437
BHR,FP.CPI.TOTL.ZG,1991,0.764419736
BHR,FP.CPI.TOTL.ZG,1992,-0.172413793
BHR,FP.CPI.TOTL.ZG,1993,2.538860104
BHR,FP.CPI.TOTL.ZG,1994,0.816910898
BHR,FP.CPI.TOTL.ZG,1995,2.704034751
BHR,FP.CPI.TOTL.ZG,1996,-0.452227383
BHR,FP.CPI.TOTL.ZG,1997,2.43155134
BHR,FP.CPI.TOTL.ZG,1998,-0.366533865
BHR,FP.CPI.TOTL.ZG,1999,-1.287587972
BHR,FP.CPI.TOTL.ZG,2000,-0.704852953
BHR,FP.CPI.TOTL.ZG,2001,-1.207571802
BHR,FP.CPI.TOTL.ZG,2002,-0.495540139
BHR,FP.CPI.TOTL.ZG,2003,1.593625498
BHR,FP.CPI.TOTL.ZG,2004,2.352941176
BHR,FP.CPI.TOTL.ZG,2005,2.586206897
BHR,FP.CPI.TOTL.ZG,2006,2.007469655
BHR,FP.CPI.TOTL.ZG,2007,3.256666667
BHR,FP.CPI.TOTL.ZG,2008,3.526003164
BHR,FP.CPI.TOTL.ZG,2009,2.795512836
BHR,FP.CPI.TOTL.ZG,2010,1.961884683
BHR,FP.CPI.TOTL.ZG,2011,-0.400040697
BHR,FP.CPI.TOTL.ZG,2012,2.7573967
BHR,FP.CPI.TOTL.ZG,2013,3.300011569
BHR,FP.CPI.TOTL.ZG,2014,2.647553212
BHR,FP.CPI.TOTL.ZG,2015,1.848627424
BHR,FP.CPI.TOTL.ZG,2016,2.786793476
BHR,FP.CPI.TOTL.ZG,2017,1.386718306
BHR,FP.CPI.TOTL.ZG,2018,2.08766938
BHR,FP.CPI.TOTL.ZG,2019,1.005820047
BHR,FP.CPI.TOTL.ZG,2020,-2.317706293
BHR,FP.CPI.TOTL.ZG,2021,-0.606319385
BHR,FP.CPI.TOTL.ZG,2022,3.625741043
BHR,FP.CPI.TOTL.ZG,2023,0.074620678
BHR,FP.CPI.TOTL.ZG,2024,0.91963546
BHR,FP.CPI.TOTL.ZG,2025,-0.137708855
BGD,FP.CPI.TOTL.ZG,1960,
BGD,FP.CPI.TOTL.ZG,1961,
BGD,FP.CPI.TOTL.ZG,1962,
BGD,FP.CPI.TOTL.ZG,1963,
BGD,FP.CPI.TOTL.ZG,1964,
BGD,FP.CPI.TOTL.ZG,1965,
BGD,FP.CPI.TOTL.ZG,1966,
BGD,FP.CPI.TOTL.ZG,1967,
BGD,FP.CPI.TOTL.ZG,1968,
BGD,FP.CPI.TOTL.ZG,1969,
BGD,FP.CPI.TOTL.ZG,1970,
BGD,FP.CPI.TOTL.ZG,1971,
BGD,FP.CPI.TOTL.ZG,1972,
BGD,FP.CPI.TOTL.ZG,1973,
BGD,FP.CPI.TOTL.ZG,1974,
BGD,FP.CPI.TOTL.ZG,1975,
BGD,FP.CPI.TOTL.ZG,1976,
BGD,FP.CPI.TOTL.ZG,1977,
BGD,FP.CPI.TOTL.ZG,1978,
BGD,FP.CPI.TOTL.ZG,1979,
BGD,FP.CPI.TOTL.ZG,1980,
BGD,FP.CPI.TOTL.ZG,1981,
BGD,FP.CPI.TOTL.ZG,1982,
BGD,FP.CPI.TOTL.ZG,1983,
BGD,FP.CPI.TOTL.ZG,1984,
BGD,FP.CPI.TOTL.ZG,1985,
BGD,FP.CPI.TOTL.ZG,1986,
BGD,FP.CPI.TOTL.ZG,1987,9.874696091
BGD,FP.CPI.TOTL.ZG,1988,7.412765957
BGD,FP.CPI.TOTL.ZG,1989,6.045479756
BGD,FP.CPI.TOTL.ZG,1990,6.12671847
BGD,FP.CPI.TOTL.ZG,1991,6.357364123
BGD,FP.CPI.TOTL.ZG,1992,3.634076918
BGD,FP.CPI.TOTL.ZG,1993,3.0148186
BGD,FP.CPI.TOTL.ZG,1994,5.313740079
BGD,FP.CPI.TOTL.ZG,1995,10.29781179
BGD,FP.CPI.TOTL.ZG,1996,2.37712903
BGD,FP.CPI.TOTL.ZG,1997,5.305601057
BGD,FP.CPI.TOTL.ZG,1998,8.402237956
BGD,FP.CPI.TOTL.ZG,1999,6.106695898
BGD,FP.CPI.TOTL.ZG,2000,2.208256209
BGD,FP.CPI.TOTL.ZG,2001,2.007173742
BGD,FP.CPI.TOTL.ZG,2002,3.332564933
BGD,FP.CPI.TOTL.ZG,2003,5.668707734
BGD,FP.CPI.TOTL.ZG,2004,7.587536385
BGD,FP.CPI.TOTL.ZG,2005,7.046618162
BGD,FP.CPI.TOTL.ZG,2006,6.765261171
BGD,FP.CPI.TOTL.ZG,2007,9.106984969
BGD,FP.CPI.TOTL.ZG,2008,8.901944895
BGD,FP.CPI.TOTL.ZG,2009,5.423472362
BGD,FP.CPI.TOTL.ZG,2010,8.126676392
BGD,FP.CPI.TOTL.ZG,2011,11.39516516
BGD,FP.CPI.TOTL.ZG,2012,6.217504221
BGD,FP.CPI.TOTL.ZG,2013,7.530406409
BGD,FP.CPI.TOTL.ZG,2014,6.991638892
BGD,FP.CPI.TOTL.ZG,2015,6.19428023
BGD,FP.CPI.TOTL.ZG,2016,5.513525727
BGD,FP.CPI.TOTL.ZG,2017,5.702070157
BGD,FP.CPI.TOTL.ZG,2018,5.543621395
BGD,FP.CPI.TOTL.ZG,2019,5.591996399
BGD,FP.CPI.TOTL.ZG,2020,5.691074747
BGD,FP.CPI.TOTL.ZG,2021,5.545654308
BGD,FP.CPI.TOTL.ZG,2022,7.696954372
BGD,FP.CPI.TOTL.ZG,2023,9.883503038
BGD,FP.CPI.TOTL.ZG,2024,10.46574828
BGD,FP.CPI.TOTL.ZG,2025,8.768762812
BRB,FP.CPI.TOTL.ZG,1960,
BRB,FP.CPI.TOTL.ZG,1961,
BRB,FP.CPI.TOTL.ZG,1962,
BRB,FP.CPI.TOTL.ZG,1963,
BRB,FP.CPI.TOTL.ZG,1964,
BRB,FP.CPI.TOTL.ZG,1965,
BRB,FP.CPI.TOTL.ZG,1966,
BRB,FP.CPI.TOTL.ZG,1967,3.634875153
BRB,FP.CPI.TOTL.ZG,1968,7.488743187
BRB,FP.CPI.TOTL.ZG,1969,5.835231866
BRB,FP.CPI.TOTL.ZG,1970,7.284216374
BRB,FP.CPI.TOTL.ZG,1971,7.469255664
BRB,FP.CPI.TOTL.ZG,1972,11.87665623
BRB,FP.CPI.TOTL.ZG,1973,16.85508183
BRB,FP.CPI.TOTL.ZG,1974,38.92292809
BRB,FP.CPI.TOTL.ZG,1975,20.29446876
BRB,FP.CPI.TOTL.ZG,1976,4.986768111
BRB,FP.CPI.TOTL.ZG,1977,8.352369699
BRB,FP.CPI.TOTL.ZG,1978,9.482382591
BRB,FP.CPI.TOTL.ZG,1979,13.16983554
BRB,FP.CPI.TOTL.ZG,1980,14.43051972
BRB,FP.CPI.TOTL.ZG,1981,14.56756321
BRB,FP.CPI.TOTL.ZG,1982,10.33246644
BRB,FP.CPI.TOTL.ZG,1983,5.230298783
BRB,FP.CPI.TOTL.ZG,1984,4.685797312
BRB,FP.CPI.TOTL.ZG,1985,3.915105251
BRB,FP.CPI.TOTL.ZG,1986,1.330068452
BRB,FP.CPI.TOTL.ZG,1987,3.311731107
BRB,FP.CPI.TOTL.ZG,1988,4.858859178
BRB,FP.CPI.TOTL.ZG,1989,6.190114068
BRB,FP.CPI.TOTL.ZG,1990,3.074572711
BRB,FP.CPI.TOTL.ZG,1991,6.257526633
BRB,FP.CPI.TOTL.ZG,1992,6.09389303
BRB,FP.CPI.TOTL.ZG,1993,1.113439336
BRB,FP.CPI.TOTL.ZG,1994,0.077204388
BRB,FP.CPI.TOTL.ZG,1995,1.878862794
BRB,FP.CPI.TOTL.ZG,1996,2.386152228
BRB,FP.CPI.TOTL.ZG,1997,7.71053879
BRB,FP.CPI.TOTL.ZG,1998,-1.268886607
BRB,FP.CPI.TOTL.ZG,1999,1.560062402
BRB,FP.CPI.TOTL.ZG,2000,2.435813035
BRB,FP.CPI.TOTL.ZG,2001,2.577834904
BRB,FP.CPI.TOTL.ZG,2002,0.125249458
BRB,FP.CPI.TOTL.ZG,2003,1.619433198
BRB,FP.CPI.TOTL.ZG,2004,1.394422311
BRB,FP.CPI.TOTL.ZG,2005,6.082187295
BRB,FP.CPI.TOTL.ZG,2006,7.307662628
BRB,FP.CPI.TOTL.ZG,2007,4.034229829
BRB,FP.CPI.TOTL.ZG,2008,8.108108108
BRB,FP.CPI.TOTL.ZG,2009,3.643861893
BRB,FP.CPI.TOTL.ZG,2010,5.824218533
BRB,FP.CPI.TOTL.ZG,2011,9.432202402
BRB,FP.CPI.TOTL.ZG,2012,4.533347539
BRB,FP.CPI.TOTL.ZG,2013,1.81410436
BRB,FP.CPI.TOTL.ZG,2014,1.769503221
BRB,FP.CPI.TOTL.ZG,2015,-1.112789925
BRB,FP.CPI.TOTL.ZG,2016,1.281928131
BRB,FP.CPI.TOTL.ZG,2017,4.66018464
BRB,FP.CPI.TOTL.ZG,2018,3.106005724
BRB,FP.CPI.TOTL.ZG,2019,1.676624733
BRB,FP.CPI.TOTL.ZG,2020,
BRB,FP.CPI.TOTL.ZG,2021,
BRB,FP.CPI.TOTL.ZG,2022,
BRB,FP.CPI.TOTL.ZG,2023,3.187189055
BRB,FP.CPI.TOTL.ZG,2024,1.446436643
BRB,FP.CPI.TOTL.ZG,2025,0.846576563
BLR,FP.CPI.TOTL.ZG,1960,
BLR,FP.CPI.TOTL.ZG,1961,
BLR,FP.CPI.TOTL.ZG,1962,
BLR,FP.CPI.TOTL.ZG,1963,
BLR,FP.CPI.TOTL.ZG,1964,
BLR,FP.CPI.TOTL.ZG,1965,
BLR,FP.CPI.TOTL.ZG,1966,
BLR,FP.CPI.TOTL.ZG,1967,
BLR,FP.CPI.TOTL.ZG,1968,
BLR,FP.CPI.TOTL.ZG,1969,
BLR,FP.CPI.TOTL.ZG,1970,
BLR,FP.CPI.TOTL.ZG,1971,
BLR,FP.CPI.TOTL.ZG,1972,
BLR,FP.CPI.TOTL.ZG,1973,
BLR,FP.CPI.TOTL.ZG,1974,
BLR,FP.CPI.TOTL.ZG,1975,
BLR,FP.CPI.TOTL.ZG,1976,
BLR,FP.CPI.TOTL.ZG,1977,
BLR,FP.CPI.TOTL.ZG,1978,
BLR,FP.CPI.TOTL.ZG,1979,
BLR,FP.CPI.TOTL.ZG,1980,
BLR,FP.CPI.TOTL.ZG,1981,
BLR,FP.CPI.TOTL.ZG,1982,
BLR,FP.CPI.TOTL.ZG,1983,
BLR,FP.CPI.TOTL.ZG,1984,
BLR,FP.CPI.TOTL.ZG,1985,
BLR,FP.CPI.TOTL.ZG,1986,
BLR,FP.CPI.TOTL.ZG,1987,
BLR,FP.CPI.TOTL.ZG,1988,
BLR,FP.CPI.TOTL.ZG,1989,
BLR,FP.CPI.TOTL.ZG,1990,
BLR,FP.CPI.TOTL.ZG,1991,
BLR,FP.CPI.TOTL.ZG,1992,
BLR,FP.CPI.TOTL.ZG,1993,1190.229233
BLR,FP.CPI.TOTL.ZG,1994,2221.01657
BLR,FP.CPI.TOTL.ZG,1995,709.3460321
BLR,FP.CPI.TOTL.ZG,1996,52.71207675
BLR,FP.CPI.TOTL.ZG,1997,63.93736634
BLR,FP.CPI.TOTL.ZG,1998,72.86971705
BLR,FP.CPI.TOTL.ZG,1999,293.6787509
BLR,FP.CPI.TOTL.ZG,2000,168.6202359
BLR,FP.CPI.TOTL.ZG,2001,61.13493316
BLR,FP.CPI.TOTL.ZG,2002,42.53754813
BLR,FP.CPI.TOTL.ZG,2003,28.39783991
BLR,FP.CPI.TOTL.ZG,2004,18.10824249
BLR,FP.CPI.TOTL.ZG,2005,10.33887945
BLR,FP.CPI.TOTL.ZG,2006,6.997129035
BLR,FP.CPI.TOTL.ZG,2007,8.426752735
BLR,FP.CPI.TOTL.ZG,2008,14.83787648
BLR,FP.CPI.TOTL.ZG,2009,12.94565634
BLR,FP.CPI.TOTL.ZG,2010,7.735748043
BLR,FP.CPI.TOTL.ZG,2011,53.22869831
BLR,FP.CPI.TOTL.ZG,2012,59.21973602
BLR,FP.CPI.TOTL.ZG,2013,18.31226104
BLR,FP.CPI.TOTL.ZG,2014,18.11955435
BLR,FP.CPI.TOTL.ZG,2015,13.53448976
BLR,FP.CPI.TOTL.ZG,2016,11.83658077
BLR,FP.CPI.TOTL.ZG,2017,6.031837252
BLR,FP.CPI.TOTL.ZG,2018,4.872302206
BLR,FP.CPI.TOTL.ZG,2019,5.59815595
BLR,FP.CPI.TOTL.ZG,2020,5.548143575
BLR,FP.CPI.TOTL.ZG,2021,9.460283896
BLR,FP.CPI.TOTL.ZG,2022,15.20967527
BLR,FP.CPI.TOTL.ZG,2023,5.000599031
BLR,FP.CPI.TOTL.ZG,2024,5.785319104
BLR,FP.CPI.TOTL.ZG,2025,6.59877946
BEL,FP.CPI.TOTL.ZG,1960,0.299467255
BEL,FP.CPI.TOTL.ZG,1961,0.992676261
BEL,FP.CPI.TOTL.ZG,1962,1.404607035
BEL,FP.CPI.TOTL.ZG,1963,2.148003413
BEL,FP.CPI.TOTL.ZG,1964,4.168760586
BEL,FP.CPI.TOTL.ZG,1965,4.065201375
BEL,FP.CPI.TOTL.ZG,1966,4.174347619
BEL,FP.CPI.TOTL.ZG,1967,2.730302686
BEL,FP.CPI.TOTL.ZG,1968,2.701449829
BEL,FP.CPI.TOTL.ZG,1969,3.753992291
BEL,FP.CPI.TOTL.ZG,1970,3.908472385
BEL,FP.CPI.TOTL.ZG,1971,4.343628546
BEL,FP.CPI.TOTL.ZG,1972,5.448431284
BEL,FP.CPI.TOTL.ZG,1973,6.955280087
BEL,FP.CPI.TOTL.ZG,1974,12.67788775
BEL,FP.CPI.TOTL.ZG,1975,12.76819859
BEL,FP.CPI.TOTL.ZG,1976,9.068609811
BEL,FP.CPI.TOTL.ZG,1977,7.096000591
BEL,FP.CPI.TOTL.ZG,1978,4.470593316
BEL,FP.CPI.TOTL.ZG,1979,4.469083949
BEL,FP.CPI.TOTL.ZG,1980,6.648688297
BEL,FP.CPI.TOTL.ZG,1981,7.627486568
BEL,FP.CPI.TOTL.ZG,1982,8.726549066
BEL,FP.CPI.TOTL.ZG,1983,7.661609837
BEL,FP.CPI.TOTL.ZG,1984,6.34177491
BEL,FP.CPI.TOTL.ZG,1985,4.868733995
BEL,FP.CPI.TOTL.ZG,1986,1.294368191
BEL,FP.CPI.TOTL.ZG,1987,1.553382613
BEL,FP.CPI.TOTL.ZG,1988,1.160934934
BEL,FP.CPI.TOTL.ZG,1989,3.107050651
BEL,FP.CPI.TOTL.ZG,1990,3.44831218
BEL,FP.CPI.TOTL.ZG,1991,3.215310693
BEL,FP.CPI.TOTL.ZG,1992,2.427955672
BEL,FP.CPI.TOTL.ZG,1993,2.754426435
BEL,FP.CPI.TOTL.ZG,1994,2.377540845
BEL,FP.CPI.TOTL.ZG,1995,1.467966991
BEL,FP.CPI.TOTL.ZG,1996,2.077021074
BEL,FP.CPI.TOTL.ZG,1997,1.628160495
BEL,FP.CPI.TOTL.ZG,1998,0.949250288
BEL,FP.CPI.TOTL.ZG,1999,1.120848234
BEL,FP.CPI.TOTL.ZG,2000,2.544517762
BEL,FP.CPI.TOTL.ZG,2001,2.469258231
BEL,FP.CPI.TOTL.ZG,2002,1.645214362
BEL,FP.CPI.TOTL.ZG,2003,1.588964
BEL,FP.CPI.TOTL.ZG,2004,2.097283112
BEL,FP.CPI.TOTL.ZG,2005,2.781432637
BEL,FP.CPI.TOTL.ZG,2006,1.791207701
BEL,FP.CPI.TOTL.ZG,2007,1.8230563
BEL,FP.CPI.TOTL.ZG,2008,4.489444205
BEL,FP.CPI.TOTL.ZG,2009,-0.053145674
BEL,FP.CPI.TOTL.ZG,2010,2.189299204
BEL,FP.CPI.TOTL.ZG,2011,3.532082107
BEL,FP.CPI.TOTL.ZG,2012,2.839663434
BEL,FP.CPI.TOTL.ZG,2013,1.11309594
BEL,FP.CPI.TOTL.ZG,2014,0.340002833
BEL,FP.CPI.TOTL.ZG,2015,0.561429153
BEL,FP.CPI.TOTL.ZG,2016,1.973852647
BEL,FP.CPI.TOTL.ZG,2017,2.12597086
BEL,FP.CPI.TOTL.ZG,2018,2.053164999
BEL,FP.CPI.TOTL.ZG,2019,1.43681957
BEL,FP.CPI.TOTL.ZG,2020,0.740791812
BEL,FP.CPI.TOTL.ZG,2021,2.440248511
BEL,FP.CPI.TOTL.ZG,2022,9.597511729
BEL,FP.CPI.TOTL.ZG,2023,4.049010776
BEL,FP.CPI.TOTL.ZG,2024,3.143491365
BEL,FP.CPI.TOTL.ZG,2025,2.467055438
BLZ,FP.CPI.TOTL.ZG,1960,
BLZ,FP.CPI.TOTL.ZG,1961,
BLZ,FP.CPI.TOTL.ZG,1962,
BLZ,FP.CPI.TOTL.ZG,1963,
BLZ,FP.CPI.TOTL.ZG,1964,
BLZ,FP.CPI.TOTL.ZG,1965,
BLZ,FP.CPI.TOTL.ZG,1966,
BLZ,FP.CPI.TOTL.ZG,1967,
BLZ,FP.CPI.TOTL.ZG,1968,
BLZ,FP.CPI.TOTL.ZG,1969,
BLZ,FP.CPI.TOTL.ZG,1970,
BLZ,FP.CPI.TOTL.ZG,1971,
BLZ,FP.CPI.TOTL.ZG,1972,
BLZ,FP.CPI.TOTL.ZG,1973,
BLZ,FP.CPI.TOTL.ZG,1974,
BLZ,FP.CPI.TOTL.ZG,1975,
BLZ,FP.CPI.TOTL.ZG,1976,
BLZ,FP.CPI.TOTL.ZG,1977,
BLZ,FP.CPI.TOTL.ZG,1978,
BLZ,FP.CPI.TOTL.ZG,1979,
BLZ,FP.CPI.TOTL.ZG,1980,
BLZ,FP.CPI.TOTL.ZG,1981,11.2244898
BLZ,FP.CPI.TOTL.ZG,1982,6.839032527
BLZ,FP.CPI.TOTL.ZG,1983,4.9960968
BLZ,FP.CPI.TOTL.ZG,1984,3.382899629
BLZ,FP.CPI.TOTL.ZG,1985,6.237166118
BLZ,FP.CPI.TOTL.ZG,1986,0.799771494
BLZ,FP.CPI.TOTL.ZG,1987,2.011901388
BLZ,FP.CPI.TOTL.ZG,1988,3.138888889
BLZ,FP.CPI.TOTL.ZG,1989,2.127659574
BLZ,FP.CPI.TOTL.ZG,1990,3.05907173
BLZ,FP.CPI.TOTL.ZG,1991,0.761951501
BLZ,FP.CPI.TOTL.ZG,1992,2.39670073
BLZ,FP.CPI.TOTL.ZG,1993,1.472596947
BLZ,FP.CPI.TOTL.ZG,1994,2.569343046
BLZ,FP.CPI.TOTL.ZG,1995,2.889615844
BLZ,FP.CPI.TOTL.ZG,1996,5.965020975
BLZ,FP.CPI.TOTL.ZG,1997,1.149037568
BLZ,FP.CPI.TOTL.ZG,1998,2.1952625
BLZ,FP.CPI.TOTL.ZG,1999,2.621395246
BLZ,FP.CPI.TOTL.ZG,2000,3.067439669
BLZ,FP.CPI.TOTL.ZG,2001,3.651417866
BLZ,FP.CPI.TOTL.ZG,2002,4.240266607
BLZ,FP.CPI.TOTL.ZG,2003,2.318082747
BLZ,FP.CPI.TOTL.ZG,2004,6.394430997
BLZ,FP.CPI.TOTL.ZG,2005,-1.104310444
BLZ,FP.CPI.TOTL.ZG,2006,-7.113767713
BLZ,FP.CPI.TOTL.ZG,2007,2.318082746
BLZ,FP.CPI.TOTL.ZG,2008,6.394431003
BLZ,FP.CPI.TOTL.ZG,2009,-1.104310449
BLZ,FP.CPI.TOTL.ZG,2010,0.917977379
BLZ,FP.CPI.TOTL.ZG,2011,1.602056156
BLZ,FP.CPI.TOTL.ZG,2012,1.300580745
BLZ,FP.CPI.TOTL.ZG,2013,0.509747769
BLZ,FP.CPI.TOTL.ZG,2014,1.201399645
BLZ,FP.CPI.TOTL.ZG,2015,-0.861584009
BLZ,FP.CPI.TOTL.ZG,2016,0.663427168
BLZ,FP.CPI.TOTL.ZG,2017,1.147653393
BLZ,FP.CPI.TOTL.ZG,2018,0.269982623
BLZ,FP.CPI.TOTL.ZG,2019,0.187069385
BLZ,FP.CPI.TOTL.ZG,2020,0.121434645
BLZ,FP.CPI.TOTL.ZG,2021,3.235636592
BLZ,FP.CPI.TOTL.ZG,2022,6.276893194
BLZ,FP.CPI.TOTL.ZG,2023,4.389840175
BLZ,FP.CPI.TOTL.ZG,2024,3.28955986
BLZ,FP.CPI.TOTL.ZG,2025,1.06281548
BEN,FP.CPI.TOTL.ZG,1960,
BEN,FP.CPI.TOTL.ZG,1961,
BEN,FP.CPI.TOTL.ZG,1962,
BEN,FP.CPI.TOTL.ZG,1963,
BEN,FP.CPI.TOTL.ZG,1964,
BEN,FP.CPI.TOTL.ZG,1965,
BEN,FP.CPI.TOTL.ZG,1966,
BEN,FP.CPI.TOTL.ZG,1967,
BEN,FP.CPI.TOTL.ZG,1968,
BEN,FP.CPI.TOTL.ZG,1969,
BEN,FP.CPI.TOTL.ZG,1970,
BEN,FP.CPI.TOTL.ZG,1971,
BEN,FP.CPI.TOTL.ZG,1972,
BEN,FP.CPI.TOTL.ZG,1973,
BEN,FP.CPI.TOTL.ZG,1974,
BEN,FP.CPI.TOTL.ZG,1975,
BEN,FP.CPI.TOTL.ZG,1976,
BEN,FP.CPI.TOTL.ZG,1977,
BEN,FP.CPI.TOTL.ZG,1978,
BEN,FP.CPI.TOTL.ZG,1979,
BEN,FP.CPI.TOTL.ZG,1980,
BEN,FP.CPI.TOTL.ZG,1981,
BEN,FP.CPI.TOTL.ZG,1982,
BEN,FP.CPI.TOTL.ZG,1983,
BEN,FP.CPI.TOTL.ZG,1984,
BEN,FP.CPI.TOTL.ZG,1985,
BEN,FP.CPI.TOTL.ZG,1986,
BEN,FP.CPI.TOTL.ZG,1987,
BEN,FP.CPI.TOTL.ZG,1988,
BEN,FP.CPI.TOTL.ZG,1989,
BEN,FP.CPI.TOTL.ZG,1990,
BEN,FP.CPI.TOTL.ZG,1991,
BEN,FP.CPI.TOTL.ZG,1992,
BEN,FP.CPI.TOTL.ZG,1993,0.440599215
BEN,FP.CPI.TOTL.ZG,1994,38.53086617
BEN,FP.CPI.TOTL.ZG,1995,14.46254822
BEN,FP.CPI.TOTL.ZG,1996,4.914239726
BEN,FP.CPI.TOTL.ZG,1997,3.466295906
BEN,FP.CPI.TOTL.ZG,1998,5.753314584
BEN,FP.CPI.TOTL.ZG,1999,0.326722893
BEN,FP.CPI.TOTL.ZG,2000,4.165404423
BEN,FP.CPI.TOTL.ZG,2001,3.984295478
BEN,FP.CPI.TOTL.ZG,2002,2.489162355
BEN,FP.CPI.TOTL.ZG,2003,1.487242461
BEN,FP.CPI.TOTL.ZG,2004,0.873890831
BEN,FP.CPI.TOTL.ZG,2005,5.364520858
BEN,FP.CPI.TOTL.ZG,2006,3.782176965
BEN,FP.CPI.TOTL.ZG,2007,1.298068133
BEN,FP.CPI.TOTL.ZG,2008,7.947298761
BEN,FP.CPI.TOTL.ZG,2009,0.896072356
BEN,FP.CPI.TOTL.ZG,2010,2.207835325
BEN,FP.CPI.TOTL.ZG,2011,2.704239077
BEN,FP.CPI.TOTL.ZG,2012,6.744682533
BEN,FP.CPI.TOTL.ZG,2013,0.428888889
BEN,FP.CPI.TOTL.ZG,2014,-0.548757551
BEN,FP.CPI.TOTL.ZG,2015,0.218785924
BEN,FP.CPI.TOTL.ZG,2016,-0.793310146
BEN,FP.CPI.TOTL.ZG,2017,0.043264856
BEN,FP.CPI.TOTL.ZG,2018,0.919170718
BEN,FP.CPI.TOTL.ZG,2019,0.732849371
BEN,FP.CPI.TOTL.ZG,2020,3.022721197
BEN,FP.CPI.TOTL.ZG,2021,1.733539627
BEN,FP.CPI.TOTL.ZG,2022,1.350778636
BEN,FP.CPI.TOTL.ZG,2023,2.738700784
BEN,FP.CPI.TOTL.ZG,2024,1.160930896
BEN,FP.CPI.TOTL.ZG,2025,1.101552479
BMU,FP.CPI.TOTL.ZG,1960,
BMU,FP.CPI.TOTL.ZG,1961,
BMU,FP.CPI.TOTL.ZG,1962,
BMU,FP.CPI.TOTL.ZG,1963,
BMU,FP.CPI.TOTL.ZG,1964,
BMU,FP.CPI.TOTL.ZG,1965,
BMU,FP.CPI.TOTL.ZG,1966,
BMU,FP.CPI.TOTL.ZG,1967,
BMU,FP.CPI.TOTL.ZG,1968,
BMU,FP.CPI.TOTL.ZG,1969,
BMU,FP.CPI.TOTL.ZG,1970,
BMU,FP.CPI.TOTL.ZG,1971,
BMU,FP.CPI.TOTL.ZG,1972,
BMU,FP.CPI.TOTL.ZG,1973,
BMU,FP.CPI.TOTL.ZG,1974,
BMU,FP.CPI.TOTL.ZG,1975,
BMU,FP.CPI.TOTL.ZG,1976,
BMU,FP.CPI.TOTL.ZG,1977,
BMU,FP.CPI.TOTL.ZG,1978,
BMU,FP.CPI.TOTL.ZG,1979,
BMU,FP.CPI.TOTL.ZG,1980,
BMU,FP.CPI.TOTL.ZG,1981,
BMU,FP.CPI.TOTL.ZG,1982,
BMU,FP.CPI.TOTL.ZG,1983,
BMU,FP.CPI.TOTL.ZG,1984,
BMU,FP.CPI.TOTL.ZG,1985,
BMU,FP.CPI.TOTL.ZG,1986,
BMU,FP.CPI.TOTL.ZG,1987,
BMU,FP.CPI.TOTL.ZG,1988,
BMU,FP.CPI.TOTL.ZG,1989,
BMU,FP.CPI.TOTL.ZG,1990,
BMU,FP.CPI.TOTL.ZG,1991,
BMU,FP.CPI.TOTL.ZG,1992,
BMU,FP.CPI.TOTL.ZG,1993,
BMU,FP.CPI.TOTL.ZG,1994,
BMU,FP.CPI.TOTL.ZG,1995,
BMU,FP.CPI.TOTL.ZG,1996,
BMU,FP.CPI.TOTL.ZG,1997,
BMU,FP.CPI.TOTL.ZG,1998,
BMU,FP.CPI.TOTL.ZG,1999,
BMU,FP.CPI.TOTL.ZG,2000,
BMU,FP.CPI.TOTL.ZG,2001,
BMU,FP.CPI.TOTL.ZG,2002,
BMU,FP.CPI.TOTL.ZG,2003,
BMU,FP.CPI.TOTL.ZG,2004,
BMU,FP.CPI.TOTL.ZG,2005,
BMU,FP.CPI.TOTL.ZG,2006,
BMU,FP.CPI.TOTL.ZG,2007,
BMU,FP.CPI.TOTL.ZG,2008,
BMU,FP.CPI.TOTL.ZG,2009,
BMU,FP.CPI.TOTL.ZG,2010,
BMU,FP.CPI.TOTL.ZG,2011,
BMU,FP.CPI.TOTL.ZG,2012,
BMU,FP.CPI.TOTL.ZG,2013,
BMU,FP.CPI.TOTL.ZG,2014,
BMU,FP.CPI.TOTL.ZG,2015,
BMU,FP.CPI.TOTL.ZG,2016,
BMU,FP.CPI.TOTL.ZG,2017,
BMU,FP.CPI.TOTL.ZG,2018,
BMU,FP.CPI.TOTL.ZG,2019,
BMU,FP.CPI.TOTL.ZG,2020,
BMU,FP.CPI.TOTL.ZG,2021,
BMU,FP.CPI.TOTL.ZG,2022,
BMU,FP.CPI.TOTL.ZG,2023,
BMU,FP.CPI.TOTL.ZG,2024,
BMU,FP.CPI.TOTL.ZG,2025,
BTN,FP.CPI.TOTL.ZG,1960,
BTN,FP.CPI.TOTL.ZG,1961,
BTN,FP.CPI.TOTL.ZG,1962,
BTN,FP.CPI.TOTL.ZG,1963,
BTN,FP.CPI.TOTL.ZG,1964,
BTN,FP.CPI.TOTL.ZG,1965,
BTN,FP.CPI.TOTL.ZG,1966,
BTN,FP.CPI.TOTL.ZG,1967,
BTN,FP.CPI.TOTL.ZG,1968,
BTN,FP.CPI.TOTL.ZG,1969,
BTN,FP.CPI.TOTL.ZG,1970,
BTN,FP.CPI.TOTL.ZG,1971,
BTN,FP.CPI.TOTL.ZG,1972,
BTN,FP.CPI.TOTL.ZG,1973,
BTN,FP.CPI.TOTL.ZG,1974,
BTN,FP.CPI.TOTL.ZG,1975,
BTN,FP.CPI.TOTL.ZG,1976,
BTN,FP.CPI.TOTL.ZG,1977,
BTN,FP.CPI.TOTL.ZG,1978,
BTN,FP.CPI.TOTL.ZG,1979,
BTN,FP.CPI.TOTL.ZG,1980,
BTN,FP.CPI.TOTL.ZG,1981,9.972375691
BTN,FP.CPI.TOTL.ZG,1982,9.846772168
BTN,FP.CPI.TOTL.ZG,1983,18.05777879
BTN,FP.CPI.TOTL.ZG,1984,7.037706612
BTN,FP.CPI.TOTL.ZG,1985,1.882012305
BTN,FP.CPI.TOTL.ZG,1986,9.964476021
BTN,FP.CPI.TOTL.ZG,1987,6.331771927
BTN,FP.CPI.TOTL.ZG,1988,10.09671376
BTN,FP.CPI.TOTL.ZG,1989,8.779837189
BTN,FP.CPI.TOTL.ZG,1990,10.01183832
BTN,FP.CPI.TOTL.ZG,1991,12.27517294
BTN,FP.CPI.TOTL.ZG,1992,15.97521736
BTN,FP.CPI.TOTL.ZG,1993,11.19801659
BTN,FP.CPI.TOTL.ZG,1994,7.00995355
BTN,FP.CPI.TOTL.ZG,1995,9.487548368
BTN,FP.CPI.TOTL.ZG,1996,8.790013819
BTN,FP.CPI.TOTL.ZG,1997,6.505487183
BTN,FP.CPI.TOTL.ZG,1998,10.58558999
BTN,FP.CPI.TOTL.ZG,1999,6.776993936
BTN,FP.CPI.TOTL.ZG,2000,4.012120811
BTN,FP.CPI.TOTL.ZG,2001,3.414789461
BTN,FP.CPI.TOTL.ZG,2002,2.455357143
BTN,FP.CPI.TOTL.ZG,2003,2.572308617
BTN,FP.CPI.TOTL.ZG,2004,4.105936983
BTN,FP.CPI.TOTL.ZG,2005,5.312631046
BTN,FP.CPI.TOTL.ZG,2006,5.00045438
BTN,FP.CPI.TOTL.ZG,2007,5.156111388
BTN,FP.CPI.TOTL.ZG,2008,8.327160494
BTN,FP.CPI.TOTL.ZG,2009,4.361122191
BTN,FP.CPI.TOTL.ZG,2010,7.036383161
BTN,FP.CPI.TOTL.ZG,2011,8.848985699
BTN,FP.CPI.TOTL.ZG,2012,10.91965694
BTN,FP.CPI.TOTL.ZG,2013,8.776383453
BTN,FP.CPI.TOTL.ZG,2014,8.271060939
BTN,FP.CPI.TOTL.ZG,2015,4.548143951
BTN,FP.CPI.TOTL.ZG,2016,3.219886894
BTN,FP.CPI.TOTL.ZG,2017,4.95508367
BTN,FP.CPI.TOTL.ZG,2018,2.723963862
BTN,FP.CPI.TOTL.ZG,2019,2.726430374
BTN,FP.CPI.TOTL.ZG,2020,5.629365226
BTN,FP.CPI.TOTL.ZG,2021,7.346814405
BTN,FP.CPI.TOTL.ZG,2022,5.639166714
BTN,FP.CPI.TOTL.ZG,2023,4.229344199
BTN,FP.CPI.TOTL.ZG,2024,2.761315696
BTN,FP.CPI.TOTL.ZG,2025,3.555136631
BOL,FP.CPI.TOTL.ZG,1960,11.53315258
BOL,FP.CPI.TOTL.ZG,1961,7.561493072
BOL,FP.CPI.TOTL.ZG,1962,5.879331422
BOL,FP.CPI.TOTL.ZG,1963,-0.706357215
BOL,FP.CPI.TOTL.ZG,1964,10.18181818
BOL,FP.CPI.TOTL.ZG,1965,2.860286029
BOL,FP.CPI.TOTL.ZG,1966,6.951871658
BOL,FP.CPI.TOTL.ZG,1967,11.2
BOL,FP.CPI.TOTL.ZG,1968,5.470623502
BOL,FP.CPI.TOTL.ZG,1969,2.209748473
BOL,FP.CPI.TOTL.ZG,1970,3.955509211
BOL,FP.CPI.TOTL.ZG,1971,3.674614306
BOL,FP.CPI.TOTL.ZG,1972,6.511544012
BOL,FP.CPI.TOTL.ZG,1973,31.48602879
BOL,FP.CPI.TOTL.ZG,1974,62.8360756
BOL,FP.CPI.TOTL.ZG,1975,7.976746025
BOL,FP.CPI.TOTL.ZG,1976,4.494011647
BOL,FP.CPI.TOTL.ZG,1977,8.107255521
BOL,FP.CPI.TOTL.ZG,1978,10.35567228
BOL,FP.CPI.TOTL.ZG,1979,19.71971678
BOL,FP.CPI.TOTL.ZG,1980,47.2416501
BOL,FP.CPI.TOTL.ZG,1981,32.13360111
BOL,FP.CPI.TOTL.ZG,1982,123.5357186
BOL,FP.CPI.TOTL.ZG,1983,275.5862836
BOL,FP.CPI.TOTL.ZG,1984,1281.349942
BOL,FP.CPI.TOTL.ZG,1985,11749.63963
BOL,FP.CPI.TOTL.ZG,1986,276.3359676
BOL,FP.CPI.TOTL.ZG,1987,14.57869845
BOL,FP.CPI.TOTL.ZG,1988,16.00209105
BOL,FP.CPI.TOTL.ZG,1989,15.17346811
BOL,FP.CPI.TOTL.ZG,1990,17.1187746
BOL,FP.CPI.TOTL.ZG,1991,21.44706982
BOL,FP.CPI.TOTL.ZG,1992,12.0603236
BOL,FP.CPI.TOTL.ZG,1993,8.527876957
BOL,FP.CPI.TOTL.ZG,1994,7.874044215
BOL,FP.CPI.TOTL.ZG,1995,10.19320676
BOL,FP.CPI.TOTL.ZG,1996,12.42548662
BOL,FP.CPI.TOTL.ZG,1997,4.70844436
BOL,FP.CPI.TOTL.ZG,1998,7.673228957
BOL,FP.CPI.TOTL.ZG,1999,2.159516268
BOL,FP.CPI.TOTL.ZG,2000,4.608229989
BOL,FP.CPI.TOTL.ZG,2001,1.589653779
BOL,FP.CPI.TOTL.ZG,2002,0.928258852
BOL,FP.CPI.TOTL.ZG,2003,3.337274997
BOL,FP.CPI.TOTL.ZG,2004,4.437380801
BOL,FP.CPI.TOTL.ZG,2005,5.393231069
BOL,FP.CPI.TOTL.ZG,2006,4.282396048
BOL,FP.CPI.TOTL.ZG,2007,8.705609236
BOL,FP.CPI.TOTL.ZG,2008,14.00681077
BOL,FP.CPI.TOTL.ZG,2009,3.346454201
BOL,FP.CPI.TOTL.ZG,2010,2.503276058
BOL,FP.CPI.TOTL.ZG,2011,9.884464198
BOL,FP.CPI.TOTL.ZG,2012,4.515602914
BOL,FP.CPI.TOTL.ZG,2013,5.736400237
BOL,FP.CPI.TOTL.ZG,2014,5.766600746
BOL,FP.CPI.TOTL.ZG,2015,4.059610411
BOL,FP.CPI.TOTL.ZG,2016,3.623214318
BOL,FP.CPI.TOTL.ZG,2017,2.822758055
BOL,FP.CPI.TOTL.ZG,2018,2.272059872
BOL,FP.CPI.TOTL.ZG,2019,1.83954505
BOL,FP.CPI.TOTL.ZG,2020,0.940742153
BOL,FP.CPI.TOTL.ZG,2021,0.737383721
BOL,FP.CPI.TOTL.ZG,2022,1.746328729
BOL,FP.CPI.TOTL.ZG,2023,2.576888005
BOL,FP.CPI.TOTL.ZG,2024,5.099765683
BOL,FP.CPI.TOTL.ZG,2025,19.5171208
BIH,FP.CPI.TOTL.ZG,1960,
BIH,FP.CPI.TOTL.ZG,1961,
BIH,FP.CPI.TOTL.ZG,1962,
BIH,FP.CPI.TOTL.ZG,1963,
BIH,FP.CPI.TOTL.ZG,1964,
BIH,FP.CPI.TOTL.ZG,1965,
BIH,FP.CPI.TOTL.ZG,1966,
BIH,FP.CPI.TOTL.ZG,1967,
BIH,FP.CPI.TOTL.ZG,1968,
BIH,FP.CPI.TOTL.ZG,1969,
BIH,FP.CPI.TOTL.ZG,1970,
BIH,FP.CPI.TOTL.ZG,1971,
BIH,FP.CPI.TOTL.ZG,1972,
BIH,FP.CPI.TOTL.ZG,1973,
BIH,FP.CPI.TOTL.ZG,1974,
BIH,FP.CPI.TOTL.ZG,1975,
BIH,FP.CPI.TOTL.ZG,1976,
BIH,FP.CPI.TOTL.ZG,1977,
BIH,FP.CPI.TOTL.ZG,1978,
BIH,FP.CPI.TOTL.ZG,1979,
BIH,FP.CPI.TOTL.ZG,1980,
BIH,FP.CPI.TOTL.ZG,1981,
BIH,FP.CPI.TOTL.ZG,1982,
BIH,FP.CPI.TOTL.ZG,1983,
BIH,FP.CPI.TOTL.ZG,1984,
BIH,FP.CPI.TOTL.ZG,1985,
BIH,FP.CPI.TOTL.ZG,1986,
BIH,FP.CPI.TOTL.ZG,1987,
BIH,FP.CPI.TOTL.ZG,1988,
BIH,FP.CPI.TOTL.ZG,1989,
BIH,FP.CPI.TOTL.ZG,1990,
BIH,FP.CPI.TOTL.ZG,1991,
BIH,FP.CPI.TOTL.ZG,1992,
BIH,FP.CPI.TOTL.ZG,1993,
BIH,FP.CPI.TOTL.ZG,1994,
BIH,FP.CPI.TOTL.ZG,1995,
BIH,FP.CPI.TOTL.ZG,1996,
BIH,FP.CPI.TOTL.ZG,1997,
BIH,FP.CPI.TOTL.ZG,1998,
BIH,FP.CPI.TOTL.ZG,1999,
BIH,FP.CPI.TOTL.ZG,2000,
BIH,FP.CPI.TOTL.ZG,2001,
BIH,FP.CPI.TOTL.ZG,2002,
BIH,FP.CPI.TOTL.ZG,2003,
BIH,FP.CPI.TOTL.ZG,2004,
BIH,FP.CPI.TOTL.ZG,2005,
BIH,FP.CPI.TOTL.ZG,2006,6.125566156
BIH,FP.CPI.TOTL.ZG,2007,1.500777106
BIH,FP.CPI.TOTL.ZG,2008,7.427043103
BIH,FP.CPI.TOTL.ZG,2009,-0.381464282
BIH,FP.CPI.TOTL.ZG,2010,1.996212367
BIH,FP.CPI.TOTL.ZG,2011,3.67125
BIH,FP.CPI.TOTL.ZG,2012,2.05267452
BIH,FP.CPI.TOTL.ZG,2013,-0.093045684
BIH,FP.CPI.TOTL.ZG,2014,-0.897194054
BIH,FP.CPI.TOTL.ZG,2015,-1.036023034
BIH,FP.CPI.TOTL.ZG,2016,-1.584008333
BIH,FP.CPI.TOTL.ZG,2017,0.810039425
BIH,FP.CPI.TOTL.ZG,2018,1.41710814
BIH,FP.CPI.TOTL.ZG,2019,0.562782154
BIH,FP.CPI.TOTL.ZG,2020,-1.051296008
BIH,FP.CPI.TOTL.ZG,2021,1.981639006
BIH,FP.CPI.TOTL.ZG,2022,14.02084408
BIH,FP.CPI.TOTL.ZG,2023,6.105901128
BIH,FP.CPI.TOTL.ZG,2024,
BIH,FP.CPI.TOTL.ZG,2025,
BWA,FP.CPI.TOTL.ZG,1960,
BWA,FP.CPI.TOTL.ZG,1961,
BWA,FP.CPI.TOTL.ZG,1962,
BWA,FP.CPI.TOTL.ZG,1963,
BWA,FP.CPI.TOTL.ZG,1964,
BWA,FP.CPI.TOTL.ZG,1965,
BWA,FP.CPI.TOTL.ZG,1966,
BWA,FP.CPI.TOTL.ZG,1967,
BWA,FP.CPI.TOTL.ZG,1968,
BWA,FP.CPI.TOTL.ZG,1969,
BWA,FP.CPI.TOTL.ZG,1970,
BWA,FP.CPI.TOTL.ZG,1971,
BWA,FP.CPI.TOTL.ZG,1972,
BWA,FP.CPI.TOTL.ZG,1973,
BWA,FP.CPI.TOTL.ZG,1974,
BWA,FP.CPI.TOTL.ZG,1975,11.97475502
BWA,FP.CPI.TOTL.ZG,1976,11.73242361
BWA,FP.CPI.TOTL.ZG,1977,13.16872428
BWA,FP.CPI.TOTL.ZG,1978,9.04398827
BWA,FP.CPI.TOTL.ZG,1979,11.73623064
BWA,FP.CPI.TOTL.ZG,1980,13.63242515
BWA,FP.CPI.TOTL.ZG,1981,16.42802677
BWA,FP.CPI.TOTL.ZG,1982,11.13720643
BWA,FP.CPI.TOTL.ZG,1983,10.47714381
BWA,FP.CPI.TOTL.ZG,1984,8.577469043
BWA,FP.CPI.TOTL.ZG,1985,8.0945758
BWA,FP.CPI.TOTL.ZG,1986,10.00171556
BWA,FP.CPI.TOTL.ZG,1987,9.801933874
BWA,FP.CPI.TOTL.ZG,1988,8.351679568
BWA,FP.CPI.TOTL.ZG,1989,11.57501475
BWA,FP.CPI.TOTL.ZG,1990,11.39634612
BWA,FP.CPI.TOTL.ZG,1991,11.76501608
BWA,FP.CPI.TOTL.ZG,1992,16.1676124
BWA,FP.CPI.TOTL.ZG,1993,14.33080334
BWA,FP.CPI.TOTL.ZG,1994,10.54292099
BWA,FP.CPI.TOTL.ZG,1995,10.51254608
BWA,FP.CPI.TOTL.ZG,1996,10.08285807
BWA,FP.CPI.TOTL.ZG,1997,8.719931271
BWA,FP.CPI.TOTL.ZG,1998,6.661398657
BWA,FP.CPI.TOTL.ZG,1999,7.749296192
BWA,FP.CPI.TOTL.ZG,2000,8.601485149
BWA,FP.CPI.TOTL.ZG,2001,6.55903767
BWA,FP.CPI.TOTL.ZG,2002,8.032796625
BWA,FP.CPI.TOTL.ZG,2003,9.189902656
BWA,FP.CPI.TOTL.ZG,2004,6.945703637
BWA,FP.CPI.TOTL.ZG,2005,8.610225285
BWA,FP.CPI.TOTL.ZG,2006,11.55521879
BWA,FP.CPI.TOTL.ZG,2007,7.080998472
BWA,FP.CPI.TOTL.ZG,2008,12.70218839
BWA,FP.CPI.TOTL.ZG,2009,8.027297031
BWA,FP.CPI.TOTL.ZG,2010,6.948876587
BWA,FP.CPI.TOTL.ZG,2011,8.459872334
BWA,FP.CPI.TOTL.ZG,2012,7.536902611
BWA,FP.CPI.TOTL.ZG,2013,5.884607071
BWA,FP.CPI.TOTL.ZG,2014,4.402253092
BWA,FP.CPI.TOTL.ZG,2015,3.062031696
BWA,FP.CPI.TOTL.ZG,2016,2.814957914
BWA,FP.CPI.TOTL.ZG,2017,3.308280768
BWA,FP.CPI.TOTL.ZG,2018,3.238015589
BWA,FP.CPI.TOTL.ZG,2019,2.772864429
BWA,FP.CPI.TOTL.ZG,2020,1.890359168
BWA,FP.CPI.TOTL.ZG,2021,7.240977656
BWA,FP.CPI.TOTL.ZG,2022,11.66556748
BWA,FP.CPI.TOTL.ZG,2023,5.067615493
BWA,FP.CPI.TOTL.ZG,2024,2.818351317
BWA,FP.CPI.TOTL.ZG,2025,2.659750618
BRA,FP.CPI.TOTL.ZG,1960,
BRA,FP.CPI.TOTL.ZG,1961,
BRA,FP.CPI.TOTL.ZG,1962,
BRA,FP.CPI.TOTL.ZG,1963,
BRA,FP.CPI.TOTL.ZG,1964,
BRA,FP.CPI.TOTL.ZG,1965,
BRA,FP.CPI.TOTL.ZG,1966,
BRA,FP.CPI.TOTL.ZG,1967,
BRA,FP.CPI.TOTL.ZG,1968,
BRA,FP.CPI.TOTL.ZG,1969,
BRA,FP.CPI.TOTL.ZG,1970,
BRA,FP.CPI.TOTL.ZG,1971,
BRA,FP.CPI.TOTL.ZG,1972,
BRA,FP.CPI.TOTL.ZG,1973,
BRA,FP.CPI.TOTL.ZG,1974,
BRA,FP.CPI.TOTL.ZG,1975,
BRA,FP.CPI.TOTL.ZG,1976,
BRA,FP.CPI.TOTL.ZG,1977,
BRA,FP.CPI.TOTL.ZG,1978,
BRA,FP.CPI.TOTL.ZG,1979,
BRA,FP.CPI.TOTL.ZG,1980,
BRA,FP.CPI.TOTL.ZG,1981,101.725073
BRA,FP.CPI.TOTL.ZG,1982,100.5433592
BRA,FP.CPI.TOTL.ZG,1983,135.0276822
BRA,FP.CPI.TOTL.ZG,1984,192.1217331
BRA,FP.CPI.TOTL.ZG,1985,225.9896652
BRA,FP.CPI.TOTL.ZG,1986,147.1428262
BRA,FP.CPI.TOTL.ZG,1987,228.3361626
BRA,FP.CPI.TOTL.ZG,1988,629.1145091
BRA,FP.CPI.TOTL.ZG,1989,1430.723725
BRA,FP.CPI.TOTL.ZG,1990,2947.732772
BRA,FP.CPI.TOTL.ZG,1991,432.7866619
BRA,FP.CPI.TOTL.ZG,1992,951.9620531
BRA,FP.CPI.TOTL.ZG,1993,1927.38079
BRA,FP.CPI.TOTL.ZG,1994,2075.888398
BRA,FP.CPI.TOTL.ZG,1995,66.00703355
BRA,FP.CPI.TOTL.ZG,1996,15.7576656
BRA,FP.CPI.TOTL.ZG,1997,6.926712516
BRA,FP.CPI.TOTL.ZG,1998,3.195076293
BRA,FP.CPI.TOTL.ZG,1999,4.858447499
BRA,FP.CPI.TOTL.ZG,2000,7.044141059
BRA,FP.CPI.TOTL.ZG,2001,6.840359025
BRA,FP.CPI.TOTL.ZG,2002,8.450164377
BRA,FP.CPI.TOTL.ZG,2003,14.71491972
BRA,FP.CPI.TOTL.ZG,2004,6.5971851
BRA,FP.CPI.TOTL.ZG,2005,6.869537209
BRA,FP.CPI.TOTL.ZG,2006,4.183568129
BRA,FP.CPI.TOTL.ZG,2007,3.641272991
BRA,FP.CPI.TOTL.ZG,2008,5.678593903
BRA,FP.CPI.TOTL.ZG,2009,4.888034799
BRA,FP.CPI.TOTL.ZG,2010,5.038726901
BRA,FP.CPI.TOTL.ZG,2011,6.636449622
BRA,FP.CPI.TOTL.ZG,2012,5.40349914
BRA,FP.CPI.TOTL.ZG,2013,6.204310666
BRA,FP.CPI.TOTL.ZG,2014,6.329040155
BRA,FP.CPI.TOTL.ZG,2015,9.029901024
BRA,FP.CPI.TOTL.ZG,2016,8.739143523
BRA,FP.CPI.TOTL.ZG,2017,3.44637335
BRA,FP.CPI.TOTL.ZG,2018,3.664850284
BRA,FP.CPI.TOTL.ZG,2019,3.732976212
BRA,FP.CPI.TOTL.ZG,2020,3.211768038
BRA,FP.CPI.TOTL.ZG,2021,8.301659756
BRA,FP.CPI.TOTL.ZG,2022,9.28010609
BRA,FP.CPI.TOTL.ZG,2023,4.593562823
BRA,FP.CPI.TOTL.ZG,2024,4.367464077
BRA,FP.CPI.TOTL.ZG,2025,5.016752796
VGB,FP.CPI.TOTL.ZG,1960,
VGB,FP.CPI.TOTL.ZG,1961,
VGB,FP.CPI.TOTL.ZG,1962,
VGB,FP.CPI.TOTL.ZG,1963,
VGB,FP.CPI.TOTL.ZG,1964,
VGB,FP.CPI.TOTL.ZG,1965,
VGB,FP.CPI.TOTL.ZG,1966,
VGB,FP.CPI.TOTL.ZG,1967,
VGB,FP.CPI.TOTL.ZG,1968,
VGB,FP.CPI.TOTL.ZG,1969,
VGB,FP.CPI.TOTL.ZG,1970,
VGB,FP.CPI.TOTL.ZG,1971,
VGB,FP.CPI.TOTL.ZG,1972,
VGB,FP.CPI.TOTL.ZG,1973,
VGB,FP.CPI.TOTL.ZG,1974,
VGB,FP.CPI.TOTL.ZG,1975,
VGB,FP.CPI.TOTL.ZG,1976,
VGB,FP.CPI.TOTL.ZG,1977,
VGB,FP.CPI.TOTL.ZG,1978,
VGB,FP.CPI.TOTL.ZG,1979,
VGB,FP.CPI.TOTL.ZG,1980,
VGB,FP.CPI.TOTL.ZG,1981,
VGB,FP.CPI.TOTL.ZG,1982,
VGB,FP.CPI.TOTL.ZG,1983,
VGB,FP.CPI.TOTL.ZG,1984,
VGB,FP.CPI.TOTL.ZG,1985,
VGB,FP.CPI.TOTL.ZG,1986,
VGB,FP.CPI.TOTL.ZG,1987,
VGB,FP.CPI.TOTL.ZG,1988,
VGB,FP.CPI.TOTL.ZG,1989,
VGB,FP.CPI.TOTL.ZG,1990,
VGB,FP.CPI.TOTL.ZG,1991,
VGB,FP.CPI.TOTL.ZG,1992,
VGB,FP.CPI.TOTL.ZG,1993,
VGB,FP.CPI.TOTL.ZG,1994,
VGB,FP.CPI.TOTL.ZG,1995,
VGB,FP.CPI.TOTL.ZG,1996,
VGB,FP.CPI.TOTL.ZG,1997,
VGB,FP.CPI.TOTL.ZG,1998,
VGB,FP.CPI.TOTL.ZG,1999,
VGB,FP.CPI.TOTL.ZG,2000,
VGB,FP.CPI.TOTL.ZG,2001,
VGB,FP.CPI.TOTL.ZG,2002,
VGB,FP.CPI.TOTL.ZG,2003,
VGB,FP.CPI.TOTL.ZG,2004,
VGB,FP.CPI.TOTL.ZG,2005,
VGB,FP.CPI.TOTL.ZG,2006,
VGB,FP.CPI.TOTL.ZG,2007,
VGB,FP.CPI.TOTL.ZG,2008,
VGB,FP.CPI.TOTL.ZG,2009,
VGB,FP.CPI.TOTL.ZG,2010,
VGB,FP.CPI.TOTL.ZG,2011,
VGB,FP.CPI.TOTL.ZG,2012,
VGB,FP.CPI.TOTL.ZG,2013,
VGB,FP.CPI.TOTL.ZG,2014,
VGB,FP.CPI.TOTL.ZG,2015,
VGB,FP.CPI.TOTL.ZG,2016,
VGB,FP.CPI.TOTL.ZG,2017,
VGB,FP.CPI.TOTL.ZG,2018,
VGB,FP.CPI.TOTL.ZG,2019,
VGB,FP.CPI.TOTL.ZG,2020,
VGB,FP.CPI.TOTL.ZG,2021,
VGB,FP.CPI.TOTL.ZG,2022,
VGB,FP.CPI.TOTL.ZG,2023,
VGB,FP.CPI.TOTL.ZG,2024,
VGB,FP.CPI.TOTL.ZG,2025,
BRN,FP.CPI.TOTL.ZG,1960,
BRN,FP.CPI.TOTL.ZG,1961,
BRN,FP.CPI.TOTL.ZG,1962,
BRN,FP.CPI.TOTL.ZG,1963,
BRN,FP.CPI.TOTL.ZG,1964,
BRN,FP.CPI.TOTL.ZG,1965,
BRN,FP.CPI.TOTL.ZG,1966,
BRN,FP.CPI.TOTL.ZG,1967,
BRN,FP.CPI.TOTL.ZG,1968,
BRN,FP.CPI.TOTL.ZG,1969,
BRN,FP.CPI.TOTL.ZG,1970,
BRN,FP.CPI.TOTL.ZG,1971,
BRN,FP.CPI.TOTL.ZG,1972,
BRN,FP.CPI.TOTL.ZG,1973,
BRN,FP.CPI.TOTL.ZG,1974,
BRN,FP.CPI.TOTL.ZG,1975,
BRN,FP.CPI.TOTL.ZG,1976,
BRN,FP.CPI.TOTL.ZG,1977,
BRN,FP.CPI.TOTL.ZG,1978,
BRN,FP.CPI.TOTL.ZG,1979,
BRN,FP.CPI.TOTL.ZG,1980,
BRN,FP.CPI.TOTL.ZG,1981,9.137055838
BRN,FP.CPI.TOTL.ZG,1982,6.356589147
BRN,FP.CPI.TOTL.ZG,1983,1.166180758
BRN,FP.CPI.TOTL.ZG,1984,3.073967339
BRN,FP.CPI.TOTL.ZG,1985,2.353215284
BRN,FP.CPI.TOTL.ZG,1986,1.781242886
BRN,FP.CPI.TOTL.ZG,1987,1.246854906
BRN,FP.CPI.TOTL.ZG,1988,1.192842942
BRN,FP.CPI.TOTL.ZG,1989,1.304300371
BRN,FP.CPI.TOTL.ZG,1990,2.138662932
BRN,FP.CPI.TOTL.ZG,1991,1.6
BRN,FP.CPI.TOTL.ZG,1992,1.279527559
BRN,FP.CPI.TOTL.ZG,1993,4.25170068
BRN,FP.CPI.TOTL.ZG,1994,2.462518449
BRN,FP.CPI.TOTL.ZG,1995,5.966641395
BRN,FP.CPI.TOTL.ZG,1996,1.99613651
BRN,FP.CPI.TOTL.ZG,1997,1.711560045
BRN,FP.CPI.TOTL.ZG,1998,-0.44137931
BRN,FP.CPI.TOTL.ZG,1999,-0.415627598
BRN,FP.CPI.TOTL.ZG,2000,1.558152476
BRN,FP.CPI.TOTL.ZG,2001,0.595890411
BRN,FP.CPI.TOTL.ZG,2002,-2.314972425
BRN,FP.CPI.TOTL.ZG,2003,0.3
BRN,FP.CPI.TOTL.ZG,2004,0.814223995
BRN,FP.CPI.TOTL.ZG,2005,1.244437119
BRN,FP.CPI.TOTL.ZG,2006,0.159888078
BRN,FP.CPI.TOTL.ZG,2007,0.96777412
BRN,FP.CPI.TOTL.ZG,2008,2.084980237
BRN,FP.CPI.TOTL.ZG,2009,1.035717743
BRN,FP.CPI.TOTL.ZG,2010,0.356869132
BRN,FP.CPI.TOTL.ZG,2011,0.137911563
BRN,FP.CPI.TOTL.ZG,2012,0.111766261
BRN,FP.CPI.TOTL.ZG,2013,0.389205053
BRN,FP.CPI.TOTL.ZG,2014,-0.207108732
BRN,FP.CPI.TOTL.ZG,2015,-0.488347421
BRN,FP.CPI.TOTL.ZG,2016,-0.278693266
BRN,FP.CPI.TOTL.ZG,2017,-1.260505646
BRN,FP.CPI.TOTL.ZG,2018,1.025051793
BRN,FP.CPI.TOTL.ZG,2019,-0.390522069
BRN,FP.CPI.TOTL.ZG,2020,1.940319966
BRN,FP.CPI.TOTL.ZG,2021,1.733413885
BRN,FP.CPI.TOTL.ZG,2022,3.682250306
BRN,FP.CPI.TOTL.ZG,2023,0.357064312
BRN,FP.CPI.TOTL.ZG,2024,-0.388674165
BRN,FP.CPI.TOTL.ZG,2025,-0.302994414
BGR,FP.CPI.TOTL.ZG,1960,
BGR,FP.CPI.TOTL.ZG,1961,
BGR,FP.CPI.TOTL.ZG,1962,
BGR,FP.CPI.TOTL.ZG,1963,
BGR,FP.CPI.TOTL.ZG,1964,
BGR,FP.CPI.TOTL.ZG,1965,
BGR,FP.CPI.TOTL.ZG,1966,
BGR,FP.CPI.TOTL.ZG,1967,
BGR,FP.CPI.TOTL.ZG,1968,
BGR,FP.CPI.TOTL.ZG,1969,
BGR,FP.CPI.TOTL.ZG,1970,
BGR,FP.CPI.TOTL.ZG,1971,
BGR,FP.CPI.TOTL.ZG,1972,
BGR,FP.CPI.TOTL.ZG,1973,
BGR,FP.CPI.TOTL.ZG,1974,
BGR,FP.CPI.TOTL.ZG,1975,
BGR,FP.CPI.TOTL.ZG,1976,
BGR,FP.CPI.TOTL.ZG,1977,
BGR,FP.CPI.TOTL.ZG,1978,
BGR,FP.CPI.TOTL.ZG,1979,
BGR,FP.CPI.TOTL.ZG,1980,
BGR,FP.CPI.TOTL.ZG,1981,
BGR,FP.CPI.TOTL.ZG,1982,
BGR,FP.CPI.TOTL.ZG,1983,
BGR,FP.CPI.TOTL.ZG,1984,
BGR,FP.CPI.TOTL.ZG,1985,
BGR,FP.CPI.TOTL.ZG,1986,2.7
BGR,FP.CPI.TOTL.ZG,1987,2.726387537
BGR,FP.CPI.TOTL.ZG,1988,2.369668246
BGR,FP.CPI.TOTL.ZG,1989,6.388888889
BGR,FP.CPI.TOTL.ZG,1990,23.8
BGR,FP.CPI.TOTL.ZG,1991,338.4491115
BGR,FP.CPI.TOTL.ZG,1992,91.29793273
BGR,FP.CPI.TOTL.ZG,1993,72.87879139
BGR,FP.CPI.TOTL.ZG,1994,96.05733827
BGR,FP.CPI.TOTL.ZG,1995,62.05483368
BGR,FP.CPI.TOTL.ZG,1996,121.6075424
BGR,FP.CPI.TOTL.ZG,1997,1058.373559
BGR,FP.CPI.TOTL.ZG,1998,18.67220444
BGR,FP.CPI.TOTL.ZG,1999,2.573042819
BGR,FP.CPI.TOTL.ZG,2000,10.31626213
BGR,FP.CPI.TOTL.ZG,2001,7.360939272
BGR,FP.CPI.TOTL.ZG,2002,5.810143657
BGR,FP.CPI.TOTL.ZG,2003,2.348641696
BGR,FP.CPI.TOTL.ZG,2004,6.147130742
BGR,FP.CPI.TOTL.ZG,2005,5.038838071
BGR,FP.CPI.TOTL.ZG,2006,7.261594628
BGR,FP.CPI.TOTL.ZG,2007,8.40253419
BGR,FP.CPI.TOTL.ZG,2008,12.3487196
BGR,FP.CPI.TOTL.ZG,2009,2.753202239
BGR,FP.CPI.TOTL.ZG,2010,2.438990605
BGR,FP.CPI.TOTL.ZG,2011,4.219903466
BGR,FP.CPI.TOTL.ZG,2012,2.954568298
BGR,FP.CPI.TOTL.ZG,2013,0.890093541
BGR,FP.CPI.TOTL.ZG,2014,-1.418183803
BGR,FP.CPI.TOTL.ZG,2015,-0.104633261
BGR,FP.CPI.TOTL.ZG,2016,-0.798649886
BGR,FP.CPI.TOTL.ZG,2017,2.061596194
BGR,FP.CPI.TOTL.ZG,2018,2.814544738
BGR,FP.CPI.TOTL.ZG,2019,3.103729448
BGR,FP.CPI.TOTL.ZG,2020,1.672440969
BGR,FP.CPI.TOTL.ZG,2021,3.297744353
BGR,FP.CPI.TOTL.ZG,2022,15.32525893
BGR,FP.CPI.TOTL.ZG,2023,9.442841401
BGR,FP.CPI.TOTL.ZG,2024,2.44651943
BGR,FP.CPI.TOTL.ZG,2025,4.580843552
BFA,FP.CPI.TOTL.ZG,1960,7.788161994
BFA,FP.CPI.TOTL.ZG,1961,18.56213873
BFA,FP.CPI.TOTL.ZG,1962,1.675909561
BFA,FP.CPI.TOTL.ZG,1963,5.574202829
BFA,FP.CPI.TOTL.ZG,1964,1.845123198
BFA,FP.CPI.TOTL.ZG,1965,-0.730252523
BFA,FP.CPI.TOTL.ZG,1966,2.36410602
BFA,FP.CPI.TOTL.ZG,1967,-4.333753909
BFA,FP.CPI.TOTL.ZG,1968,-0.286713688
BFA,FP.CPI.TOTL.ZG,1969,9.655529358
BFA,FP.CPI.TOTL.ZG,1970,1.772603315
BFA,FP.CPI.TOTL.ZG,1971,2.06121818
BFA,FP.CPI.TOTL.ZG,1972,-2.923356559
BFA,FP.CPI.TOTL.ZG,1973,7.603890363
BFA,FP.CPI.TOTL.ZG,1974,8.719609454
BFA,FP.CPI.TOTL.ZG,1975,18.75694661
BFA,FP.CPI.TOTL.ZG,1976,-8.400718778
BFA,FP.CPI.TOTL.ZG,1977,29.9861043
BFA,FP.CPI.TOTL.ZG,1978,8.269140072
BFA,FP.CPI.TOTL.ZG,1979,14.99346595
BFA,FP.CPI.TOTL.ZG,1980,12.2026365
BFA,FP.CPI.TOTL.ZG,1981,7.555705604
BFA,FP.CPI.TOTL.ZG,1982,12.05976521
BFA,FP.CPI.TOTL.ZG,1983,8.153762774
BFA,FP.CPI.TOTL.ZG,1984,4.846957682
BFA,FP.CPI.TOTL.ZG,1985,6.906057821
BFA,FP.CPI.TOTL.ZG,1986,-2.611742925
BFA,FP.CPI.TOTL.ZG,1987,-2.681784235
BFA,FP.CPI.TOTL.ZG,1988,4.255616018
BFA,FP.CPI.TOTL.ZG,1989,-0.481798715
BFA,FP.CPI.TOTL.ZG,1990,-0.504303389
BFA,FP.CPI.TOTL.ZG,1991,2.162600527
BFA,FP.CPI.TOTL.ZG,1992,-1.991135807
BFA,FP.CPI.TOTL.ZG,1993,0.553455724
BFA,FP.CPI.TOTL.ZG,1994,25.17787622
BFA,FP.CPI.TOTL.ZG,1995,7.458844978
BFA,FP.CPI.TOTL.ZG,1996,6.097804391
BFA,FP.CPI.TOTL.ZG,1997,2.318690622
BFA,FP.CPI.TOTL.ZG,1998,5.084333441
BFA,FP.CPI.TOTL.ZG,1999,-1.072613628
BFA,FP.CPI.TOTL.ZG,2000,-0.304212168
BFA,FP.CPI.TOTL.ZG,2001,5.007432908
BFA,FP.CPI.TOTL.ZG,2002,2.175694807
BFA,FP.CPI.TOTL.ZG,2003,2.034565741
BFA,FP.CPI.TOTL.ZG,2004,-0.400228702
BFA,FP.CPI.TOTL.ZG,2005,6.415040184
BFA,FP.CPI.TOTL.ZG,2006,2.333108564
BFA,FP.CPI.TOTL.ZG,2007,-0.230627306
BFA,FP.CPI.TOTL.ZG,2008,10.6597979
BFA,FP.CPI.TOTL.ZG,2009,2.608176664
BFA,FP.CPI.TOTL.ZG,2010,-0.764230735
BFA,FP.CPI.TOTL.ZG,2011,2.759767249
BFA,FP.CPI.TOTL.ZG,2012,3.818152403
BFA,FP.CPI.TOTL.ZG,2013,0.533738507
BFA,FP.CPI.TOTL.ZG,2014,-0.258089518
BFA,FP.CPI.TOTL.ZG,2015,0.724838981
BFA,FP.CPI.TOTL.ZG,2016,0.441041448
BFA,FP.CPI.TOTL.ZG,2017,1.482998972
BFA,FP.CPI.TOTL.ZG,2018,1.955943027
BFA,FP.CPI.TOTL.ZG,2019,-3.23338934
BFA,FP.CPI.TOTL.ZG,2020,1.884700665
BFA,FP.CPI.TOTL.ZG,2021,3.653267618
BFA,FP.CPI.TOTL.ZG,2022,14.29023543
BFA,FP.CPI.TOTL.ZG,2023,0.742910429
BFA,FP.CPI.TOTL.ZG,2024,4.190817213
BFA,FP.CPI.TOTL.ZG,2025,-0.586235316
BDI,FP.CPI.TOTL.ZG,1960,
BDI,FP.CPI.TOTL.ZG,1961,
BDI,FP.CPI.TOTL.ZG,1962,
BDI,FP.CPI.TOTL.ZG,1963,
BDI,FP.CPI.TOTL.ZG,1964,
BDI,FP.CPI.TOTL.ZG,1965,
BDI,FP.CPI.TOTL.ZG,1966,4.436860068
BDI,FP.CPI.TOTL.ZG,1967,-1.089324619
BDI,FP.CPI.TOTL.ZG,1968,6.057268722
BDI,FP.CPI.TOTL.ZG,1969,4.023883697
BDI,FP.CPI.TOTL.ZG,1970,-0.199650611
BDI,FP.CPI.TOTL.ZG,1971,3.85096274
BDI,FP.CPI.TOTL.ZG,1972,3.828557669
BDI,FP.CPI.TOTL.ZG,1973,6.006493507
BDI,FP.CPI.TOTL.ZG,1974,15.7223073
BDI,FP.CPI.TOTL.ZG,1975,15.7098746
BDI,FP.CPI.TOTL.ZG,1976,6.856551574
BDI,FP.CPI.TOTL.ZG,1977,6.834514041
BDI,FP.CPI.TOTL.ZG,1978,23.89562065
BDI,FP.CPI.TOTL.ZG,1979,36.540757
BDI,FP.CPI.TOTL.ZG,1980,2.4985195
BDI,FP.CPI.TOTL.ZG,1981,12.16739435
BDI,FP.CPI.TOTL.ZG,1982,5.868096357
BDI,FP.CPI.TOTL.ZG,1983,8.151231356
BDI,FP.CPI.TOTL.ZG,1984,14.31686979
BDI,FP.CPI.TOTL.ZG,1985,3.804286836
BDI,FP.CPI.TOTL.ZG,1986,1.675675676
BDI,FP.CPI.TOTL.ZG,1987,7.11323764
BDI,FP.CPI.TOTL.ZG,1988,4.486797697
BDI,FP.CPI.TOTL.ZG,1989,11.66159985
BDI,FP.CPI.TOTL.ZG,1990,7.002169567
BDI,FP.CPI.TOTL.ZG,1991,8.996938735
BDI,FP.CPI.TOTL.ZG,1992,1.823333333
BDI,FP.CPI.TOTL.ZG,1993,9.679346581
BDI,FP.CPI.TOTL.ZG,1994,14.85281498
BDI,FP.CPI.TOTL.ZG,1995,19.26325364
BDI,FP.CPI.TOTL.ZG,1996,26.43678161
BDI,FP.CPI.TOTL.ZG,1997,31.11158983
BDI,FP.CPI.TOTL.ZG,1998,12.50041077
BDI,FP.CPI.TOTL.ZG,1999,3.385424273
BDI,FP.CPI.TOTL.ZG,2000,24.43202421
BDI,FP.CPI.TOTL.ZG,2001,9.296187713
BDI,FP.CPI.TOTL.ZG,2002,-1.365680053
BDI,FP.CPI.TOTL.ZG,2003,10.64746457
BDI,FP.CPI.TOTL.ZG,2004,8.176429375
BDI,FP.CPI.TOTL.ZG,2005,13.25206992
BDI,FP.CPI.TOTL.ZG,2006,2.745420002
BDI,FP.CPI.TOTL.ZG,2007,8.412062858
BDI,FP.CPI.TOTL.ZG,2008,24.40695104
BDI,FP.CPI.TOTL.ZG,2009,10.55543553
BDI,FP.CPI.TOTL.ZG,2010,6.493265915
BDI,FP.CPI.TOTL.ZG,2011,9.59216606
BDI,FP.CPI.TOTL.ZG,2012,18.16104531
BDI,FP.CPI.TOTL.ZG,2013,7.937958075
BDI,FP.CPI.TOTL.ZG,2014,4.405352342
BDI,FP.CPI.TOTL.ZG,2015,5.544688913
BDI,FP.CPI.TOTL.ZG,2016,5.557689614
BDI,FP.CPI.TOTL.ZG,2017,16.0525353
BDI,FP.CPI.TOTL.ZG,2018,-2.814698077
BDI,FP.CPI.TOTL.ZG,2019,-0.686772171
BDI,FP.CPI.TOTL.ZG,2020,7.321106434
BDI,FP.CPI.TOTL.ZG,2021,8.404538451
BDI,FP.CPI.TOTL.ZG,2022,18.80087867
BDI,FP.CPI.TOTL.ZG,2023,26.94148358
BDI,FP.CPI.TOTL.ZG,2024,20.2124925
BDI,FP.CPI.TOTL.ZG,2025,34.13399857
CPV,FP.CPI.TOTL.ZG,1960,
CPV,FP.CPI.TOTL.ZG,1961,
CPV,FP.CPI.TOTL.ZG,1962,
CPV,FP.CPI.TOTL.ZG,1963,
CPV,FP.CPI.TOTL.ZG,1964,
CPV,FP.CPI.TOTL.ZG,1965,
CPV,FP.CPI.TOTL.ZG,1966,
CPV,FP.CPI.TOTL.ZG,1967,
CPV,FP.CPI.TOTL.ZG,1968,
CPV,FP.CPI.TOTL.ZG,1969,
CPV,FP.CPI.TOTL.ZG,1970,
CPV,FP.CPI.TOTL.ZG,1971,
CPV,FP.CPI.TOTL.ZG,1972,
CPV,FP.CPI.TOTL.ZG,1973,
CPV,FP.CPI.TOTL.ZG,1974,
CPV,FP.CPI.TOTL.ZG,1975,
CPV,FP.CPI.TOTL.ZG,1976,
CPV,FP.CPI.TOTL.ZG,1977,
CPV,FP.CPI.TOTL.ZG,1978,
CPV,FP.CPI.TOTL.ZG,1979,
CPV,FP.CPI.TOTL.ZG,1980,
CPV,FP.CPI.TOTL.ZG,1981,
CPV,FP.CPI.TOTL.ZG,1982,
CPV,FP.CPI.TOTL.ZG,1983,
CPV,FP.CPI.TOTL.ZG,1984,11.25
CPV,FP.CPI.TOTL.ZG,1985,5.393258427
CPV,FP.CPI.TOTL.ZG,1986,10.87420043
CPV,FP.CPI.TOTL.ZG,1987,3.846153846
CPV,FP.CPI.TOTL.ZG,1988,4.074074074
CPV,FP.CPI.TOTL.ZG,1989,4.555160142
CPV,FP.CPI.TOTL.ZG,1990,10.65350579
CPV,FP.CPI.TOTL.ZG,1991,9.550907413
CPV,FP.CPI.TOTL.ZG,1992,3.116664327
CPV,FP.CPI.TOTL.ZG,1993,5.788395904
CPV,FP.CPI.TOTL.ZG,1994,3.45205833
CPV,FP.CPI.TOTL.ZG,1995,8.35152498
CPV,FP.CPI.TOTL.ZG,1996,5.963619618
CPV,FP.CPI.TOTL.ZG,1997,8.556062581
CPV,FP.CPI.TOTL.ZG,1998,4.3942351
CPV,FP.CPI.TOTL.ZG,1999,4.356433745
CPV,FP.CPI.TOTL.ZG,2000,-2.477456685
CPV,FP.CPI.TOTL.ZG,2001,3.349964723
CPV,FP.CPI.TOTL.ZG,2002,1.884534101
CPV,FP.CPI.TOTL.ZG,2003,1.188170386
CPV,FP.CPI.TOTL.ZG,2004,-1.890821723
CPV,FP.CPI.TOTL.ZG,2005,0.418891613
CPV,FP.CPI.TOTL.ZG,2006,5.369076871
CPV,FP.CPI.TOTL.ZG,2007,4.410997042
CPV,FP.CPI.TOTL.ZG,2008,6.774435464
CPV,FP.CPI.TOTL.ZG,2009,0.991103481
CPV,FP.CPI.TOTL.ZG,2010,2.078664709
CPV,FP.CPI.TOTL.ZG,2011,4.473883422
CPV,FP.CPI.TOTL.ZG,2012,2.540396442
CPV,FP.CPI.TOTL.ZG,2013,1.506542857
CPV,FP.CPI.TOTL.ZG,2014,-0.238778145
CPV,FP.CPI.TOTL.ZG,2015,0.131187999
CPV,FP.CPI.TOTL.ZG,2016,-1.407816371
CPV,FP.CPI.TOTL.ZG,2017,0.784415251
CPV,FP.CPI.TOTL.ZG,2018,1.256995667
CPV,FP.CPI.TOTL.ZG,2019,1.106666743
CPV,FP.CPI.TOTL.ZG,2020,0.605795808
CPV,FP.CPI.TOTL.ZG,2021,1.862152975
CPV,FP.CPI.TOTL.ZG,2022,7.930929254
CPV,FP.CPI.TOTL.ZG,2023,3.724375177
CPV,FP.CPI.TOTL.ZG,2024,1.048170011
CPV,FP.CPI.TOTL.ZG,2025,2.343338974
KHM,FP.CPI.TOTL.ZG,1960,
KHM,FP.CPI.TOTL.ZG,1961,
KHM,FP.CPI.TOTL.ZG,1962,
KHM,FP.CPI.TOTL.ZG,1963,
KHM,FP.CPI.TOTL.ZG,1964,
KHM,FP.CPI.TOTL.ZG,1965,
KHM,FP.CPI.TOTL.ZG,1966,
KHM,FP.CPI.TOTL.ZG,1967,
KHM,FP.CPI.TOTL.ZG,1968,
KHM,FP.CPI.TOTL.ZG,1969,
KHM,FP.CPI.TOTL.ZG,1970,
KHM,FP.CPI.TOTL.ZG,1971,
KHM,FP.CPI.TOTL.ZG,1972,
KHM,FP.CPI.TOTL.ZG,1973,
KHM,FP.CPI.TOTL.ZG,1974,
KHM,FP.CPI.TOTL.ZG,1975,
KHM,FP.CPI.TOTL.ZG,1976,
KHM,FP.CPI.TOTL.ZG,1977,
KHM,FP.CPI.TOTL.ZG,1978,
KHM,FP.CPI.TOTL.ZG,1979,
KHM,FP.CPI.TOTL.ZG,1980,
KHM,FP.CPI.TOTL.ZG,1981,
KHM,FP.CPI.TOTL.ZG,1982,
KHM,FP.CPI.TOTL.ZG,1983,
KHM,FP.CPI.TOTL.ZG,1984,
KHM,FP.CPI.TOTL.ZG,1985,
KHM,FP.CPI.TOTL.ZG,1986,
KHM,FP.CPI.TOTL.ZG,1987,
KHM,FP.CPI.TOTL.ZG,1988,
KHM,FP.CPI.TOTL.ZG,1989,
KHM,FP.CPI.TOTL.ZG,1990,
KHM,FP.CPI.TOTL.ZG,1991,
KHM,FP.CPI.TOTL.ZG,1992,
KHM,FP.CPI.TOTL.ZG,1993,
KHM,FP.CPI.TOTL.ZG,1994,
KHM,FP.CPI.TOTL.ZG,1995,-0.798944338
KHM,FP.CPI.TOTL.ZG,1996,7.150861409
KHM,FP.CPI.TOTL.ZG,1997,7.960213978
KHM,FP.CPI.TOTL.ZG,1998,14.80650354
KHM,FP.CPI.TOTL.ZG,1999,4.008207021
KHM,FP.CPI.TOTL.ZG,2000,-0.791992529
KHM,FP.CPI.TOTL.ZG,2001,-0.6006483
KHM,FP.CPI.TOTL.ZG,2002,0.211466568
KHM,FP.CPI.TOTL.ZG,2003,0.941746118
KHM,FP.CPI.TOTL.ZG,2004,4.319336774
KHM,FP.CPI.TOTL.ZG,2005,6.61525912
KHM,FP.CPI.TOTL.ZG,2006,5.810685505
KHM,FP.CPI.TOTL.ZG,2007,8.708827706
KHM,FP.CPI.TOTL.ZG,2008,24.09685193
KHM,FP.CPI.TOTL.ZG,2009,-1.241717542
KHM,FP.CPI.TOTL.ZG,2010,3.996395281
KHM,FP.CPI.TOTL.ZG,2011,5.478447496
KHM,FP.CPI.TOTL.ZG,2012,2.934316093
KHM,FP.CPI.TOTL.ZG,2013,2.941625095
KHM,FP.CPI.TOTL.ZG,2014,3.855688614
KHM,FP.CPI.TOTL.ZG,2015,1.223931955
KHM,FP.CPI.TOTL.ZG,2016,3.019139751
KHM,FP.CPI.TOTL.ZG,2017,2.912635574
KHM,FP.CPI.TOTL.ZG,2018,2.459085154
KHM,FP.CPI.TOTL.ZG,2019,1.942575008
KHM,FP.CPI.TOTL.ZG,2020,2.940295143
KHM,FP.CPI.TOTL.ZG,2021,2.920734776
KHM,FP.CPI.TOTL.ZG,2022,5.343702649
KHM,FP.CPI.TOTL.ZG,2023,2.127467966
KHM,FP.CPI.TOTL.ZG,2024,0.808042017
KHM,FP.CPI.TOTL.ZG,2025,2.351271059
CMR,FP.CPI.TOTL.ZG,1960,
CMR,FP.CPI.TOTL.ZG,1961,
CMR,FP.CPI.TOTL.ZG,1962,
CMR,FP.CPI.TOTL.ZG,1963,
CMR,FP.CPI.TOTL.ZG,1964,
CMR,FP.CPI.TOTL.ZG,1965,
CMR,FP.CPI.TOTL.ZG,1966,
CMR,FP.CPI.TOTL.ZG,1967,
CMR,FP.CPI.TOTL.ZG,1968,
CMR,FP.CPI.TOTL.ZG,1969,-1.101591187
CMR,FP.CPI.TOTL.ZG,1970,5.858085809
CMR,FP.CPI.TOTL.ZG,1971,4.014029618
CMR,FP.CPI.TOTL.ZG,1972,8.092918696
CMR,FP.CPI.TOTL.ZG,1973,10.3847487
CMR,FP.CPI.TOTL.ZG,1974,17.23293349
CMR,FP.CPI.TOTL.ZG,1975,13.55332941
CMR,FP.CPI.TOTL.ZG,1976,9.930650564
CMR,FP.CPI.TOTL.ZG,1977,14.69830916
CMR,FP.CPI.TOTL.ZG,1978,12.46305234
CMR,FP.CPI.TOTL.ZG,1979,6.580610819
CMR,FP.CPI.TOTL.ZG,1980,9.551754276
CMR,FP.CPI.TOTL.ZG,1981,10.7275
CMR,FP.CPI.TOTL.ZG,1982,13.25701986
CMR,FP.CPI.TOTL.ZG,1983,16.63122641
CMR,FP.CPI.TOTL.ZG,1984,11.37332209
CMR,FP.CPI.TOTL.ZG,1985,8.508374344
CMR,FP.CPI.TOTL.ZG,1986,7.770024987
CMR,FP.CPI.TOTL.ZG,1987,13.14049984
CMR,FP.CPI.TOTL.ZG,1988,1.682332608
CMR,FP.CPI.TOTL.ZG,1989,-1.665525896
CMR,FP.CPI.TOTL.ZG,1990,1.099381284
CMR,FP.CPI.TOTL.ZG,1991,0.060051331
CMR,FP.CPI.TOTL.ZG,1992,-0.016055046
CMR,FP.CPI.TOTL.ZG,1993,-3.206554569
CMR,FP.CPI.TOTL.ZG,1994,35.09446185
CMR,FP.CPI.TOTL.ZG,1995,9.069690719
CMR,FP.CPI.TOTL.ZG,1996,3.924063727
CMR,FP.CPI.TOTL.ZG,1997,4.786238819
CMR,FP.CPI.TOTL.ZG,1998,3.170751854
CMR,FP.CPI.TOTL.ZG,1999,1.871745007
CMR,FP.CPI.TOTL.ZG,2000,1.22719013
CMR,FP.CPI.TOTL.ZG,2001,4.419772459
CMR,FP.CPI.TOTL.ZG,2002,2.834422601
CMR,FP.CPI.TOTL.ZG,2003,0.623163557
CMR,FP.CPI.TOTL.ZG,2004,0.23364738
CMR,FP.CPI.TOTL.ZG,2005,2.013539502
CMR,FP.CPI.TOTL.ZG,2006,5.11757816
CMR,FP.CPI.TOTL.ZG,2007,0.921402246
CMR,FP.CPI.TOTL.ZG,2008,5.337806276
CMR,FP.CPI.TOTL.ZG,2009,3.043618479
CMR,FP.CPI.TOTL.ZG,2010,1.275380462
CMR,FP.CPI.TOTL.ZG,2011,2.939699463
CMR,FP.CPI.TOTL.ZG,2012,2.735296775
CMR,FP.CPI.TOTL.ZG,2013,2.05034718
CMR,FP.CPI.TOTL.ZG,2014,1.854898504
CMR,FP.CPI.TOTL.ZG,2015,2.676235314
CMR,FP.CPI.TOTL.ZG,2016,0.874190383
CMR,FP.CPI.TOTL.ZG,2017,0.64040915
CMR,FP.CPI.TOTL.ZG,2018,1.068858113
CMR,FP.CPI.TOTL.ZG,2019,2.452802141
CMR,FP.CPI.TOTL.ZG,2020,2.437608822
CMR,FP.CPI.TOTL.ZG,2021,2.271857625
CMR,FP.CPI.TOTL.ZG,2022,6.247677133
CMR,FP.CPI.TOTL.ZG,2023,7.382813843
CMR,FP.CPI.TOTL.ZG,2024,4.533313497
CMR,FP.CPI.TOTL.ZG,2025,3.403734583
CAN,FP.CPI.TOTL.ZG,1960,1.358695652
CAN,FP.CPI.TOTL.ZG,1961,1.018766756
CAN,FP.CPI.TOTL.ZG,1962,1.061571125
CAN,FP.CPI.TOTL.ZG,1963,1.628151261
CAN,FP.CPI.TOTL.ZG,1964,1.912144703
CAN,FP.CPI.TOTL.ZG,1965,2.332657201
CAN,FP.CPI.TOTL.ZG,1966,3.815659068
CAN,FP.CPI.TOTL.ZG,1967,3.579952267
CAN,FP.CPI.TOTL.ZG,1968,4.055299539
CAN,FP.CPI.TOTL.ZG,1969,4.561558902
CAN,FP.CPI.TOTL.ZG,1970,3.346039814
CAN,FP.CPI.TOTL.ZG,1971,2.704918033
CAN,FP.CPI.TOTL.ZG,1972,4.988028731
CAN,FP.CPI.TOTL.ZG,1973,7.487647282
CAN,FP.CPI.TOTL.ZG,1974,10.99717115
CAN,FP.CPI.TOTL.ZG,1975,10.6721886
CAN,FP.CPI.TOTL.ZG,1976,7.54173863
CAN,FP.CPI.TOTL.ZG,1977,7.976445396
CAN,FP.CPI.TOTL.ZG,1978,8.973723352
CAN,FP.CPI.TOTL.ZG,1979,9.144676979
CAN,FP.CPI.TOTL.ZG,1980,10.12922051
CAN,FP.CPI.TOTL.ZG,1981,12.47161241
CAN,FP.CPI.TOTL.ZG,1982,10.7689719
CAN,FP.CPI.TOTL.ZG,1983,5.86358803
CAN,FP.CPI.TOTL.ZG,1984,4.304778304
CAN,FP.CPI.TOTL.ZG,1985,3.962030541
CAN,FP.CPI.TOTL.ZG,1986,4.194786291
CAN,FP.CPI.TOTL.ZG,1987,4.356108712
CAN,FP.CPI.TOTL.ZG,1988,4.028234149
CAN,FP.CPI.TOTL.ZG,1989,4.9836219
CAN,FP.CPI.TOTL.ZG,1990,4.780476933
CAN,FP.CPI.TOTL.ZG,1991,5.625864086
CAN,FP.CPI.TOTL.ZG,1992,1.490132904
CAN,FP.CPI.TOTL.ZG,1993,1.865079365
CAN,FP.CPI.TOTL.ZG,1994,0.165562914
CAN,FP.CPI.TOTL.ZG,1995,2.148760331
CAN,FP.CPI.TOTL.ZG,1996,1.570531125
CAN,FP.CPI.TOTL.ZG,1997,1.621216381
CAN,FP.CPI.TOTL.ZG,1998,0.995942457
CAN,FP.CPI.TOTL.ZG,1999,1.734842951
CAN,FP.CPI.TOTL.ZG,2000,2.719439957
CAN,FP.CPI.TOTL.ZG,2001,2.52512014
CAN,FP.CPI.TOTL.ZG,2002,2.258394409
CAN,FP.CPI.TOTL.ZG,2003,2.758563214
CAN,FP.CPI.TOTL.ZG,2004,1.857258719
CAN,FP.CPI.TOTL.ZG,2005,2.213552034
CAN,FP.CPI.TOTL.ZG,2006,2.002025395
CAN,FP.CPI.TOTL.ZG,2007,2.138383993
CAN,FP.CPI.TOTL.ZG,2008,2.370270674
CAN,FP.CPI.TOTL.ZG,2009,0.299466803
CAN,FP.CPI.TOTL.ZG,2010,1.776871541
CAN,FP.CPI.TOTL.ZG,2011,2.912135089
CAN,FP.CPI.TOTL.ZG,2012,1.515678231
CAN,FP.CPI.TOTL.ZG,2013,0.938291898
CAN,FP.CPI.TOTL.ZG,2014,1.906635907
CAN,FP.CPI.TOTL.ZG,2015,1.125241361
CAN,FP.CPI.TOTL.ZG,2016,1.428759547
CAN,FP.CPI.TOTL.ZG,2017,1.596884129
CAN,FP.CPI.TOTL.ZG,2018,2.268225672
CAN,FP.CPI.TOTL.ZG,2019,1.949269024
CAN,FP.CPI.TOTL.ZG,2020,0.716999632
CAN,FP.CPI.TOTL.ZG,2021,3.395193185
CAN,FP.CPI.TOTL.ZG,2022,6.802801153
CAN,FP.CPI.TOTL.ZG,2023,3.879001598
CAN,FP.CPI.TOTL.ZG,2024,2.381583833
CAN,FP.CPI.TOTL.ZG,2025,2.072324111
CYM,FP.CPI.TOTL.ZG,1960,
CYM,FP.CPI.TOTL.ZG,1961,
CYM,FP.CPI.TOTL.ZG,1962,
CYM,FP.CPI.TOTL.ZG,1963,
CYM,FP.CPI.TOTL.ZG,1964,
CYM,FP.CPI.TOTL.ZG,1965,
CYM,FP.CPI.TOTL.ZG,1966,
CYM,FP.CPI.TOTL.ZG,1967,
CYM,FP.CPI.TOTL.ZG,1968,
CYM,FP.CPI.TOTL.ZG,1969,
CYM,FP.CPI.TOTL.ZG,1970,
CYM,FP.CPI.TOTL.ZG,1971,
CYM,FP.CPI.TOTL.ZG,1972,
CYM,FP.CPI.TOTL.ZG,1973,
CYM,FP.CPI.TOTL.ZG,1974,
CYM,FP.CPI.TOTL.ZG,1975,
CYM,FP.CPI.TOTL.ZG,1976,
CYM,FP.CPI.TOTL.ZG,1977,
CYM,FP.CPI.TOTL.ZG,1978,
CYM,FP.CPI.TOTL.ZG,1979,
CYM,FP.CPI.TOTL.ZG,1980,
CYM,FP.CPI.TOTL.ZG,1981,
CYM,FP.CPI.TOTL.ZG,1982,
CYM,FP.CPI.TOTL.ZG,1983,
CYM,FP.CPI.TOTL.ZG,1984,
CYM,FP.CPI.TOTL.ZG,1985,
CYM,FP.CPI.TOTL.ZG,1986,
CYM,FP.CPI.TOTL.ZG,1987,
CYM,FP.CPI.TOTL.ZG,1988,
CYM,FP.CPI.TOTL.ZG,1989,
CYM,FP.CPI.TOTL.ZG,1990,
CYM,FP.CPI.TOTL.ZG,1991,
CYM,FP.CPI.TOTL.ZG,1992,
CYM,FP.CPI.TOTL.ZG,1993,
CYM,FP.CPI.TOTL.ZG,1994,
CYM,FP.CPI.TOTL.ZG,1995,
CYM,FP.CPI.TOTL.ZG,1996,
CYM,FP.CPI.TOTL.ZG,1997,
CYM,FP.CPI.TOTL.ZG,1998,
CYM,FP.CPI.TOTL.ZG,1999,
CYM,FP.CPI.TOTL.ZG,2000,
CYM,FP.CPI.TOTL.ZG,2001,
CYM,FP.CPI.TOTL.ZG,2002,
CYM,FP.CPI.TOTL.ZG,2003,
CYM,FP.CPI.TOTL.ZG,2004,
CYM,FP.CPI.TOTL.ZG,2005,
CYM,FP.CPI.TOTL.ZG,2006,
CYM,FP.CPI.TOTL.ZG,2007,
CYM,FP.CPI.TOTL.ZG,2008,
CYM,FP.CPI.TOTL.ZG,2009,
CYM,FP.CPI.TOTL.ZG,2010,0.276140862
CYM,FP.CPI.TOTL.ZG,2011,1.325435758
CYM,FP.CPI.TOTL.ZG,2012,1.188948452
CYM,FP.CPI.TOTL.ZG,2013,2.160611468
CYM,FP.CPI.TOTL.ZG,2014,1.273979115
CYM,FP.CPI.TOTL.ZG,2015,-2.347527702
CYM,FP.CPI.TOTL.ZG,2016,-0.625258359
CYM,FP.CPI.TOTL.ZG,2017,
CYM,FP.CPI.TOTL.ZG,2018,
CYM,FP.CPI.TOTL.ZG,2019,
CYM,FP.CPI.TOTL.ZG,2020,
CYM,FP.CPI.TOTL.ZG,2021,
CYM,FP.CPI.TOTL.ZG,2022,
CYM,FP.CPI.TOTL.ZG,2023,
CYM,FP.CPI.TOTL.ZG,2024,
CYM,FP.CPI.TOTL.ZG,2025,
CAF,FP.CPI.TOTL.ZG,1960,
CAF,FP.CPI.TOTL.ZG,1961,
CAF,FP.CPI.TOTL.ZG,1962,
CAF,FP.CPI.TOTL.ZG,1963,
CAF,FP.CPI.TOTL.ZG,1964,
CAF,FP.CPI.TOTL.ZG,1965,
CAF,FP.CPI.TOTL.ZG,1966,
CAF,FP.CPI.TOTL.ZG,1967,
CAF,FP.CPI.TOTL.ZG,1968,
CAF,FP.CPI.TOTL.ZG,1969,
CAF,FP.CPI.TOTL.ZG,1970,
CAF,FP.CPI.TOTL.ZG,1971,
CAF,FP.CPI.TOTL.ZG,1972,
CAF,FP.CPI.TOTL.ZG,1973,
CAF,FP.CPI.TOTL.ZG,1974,
CAF,FP.CPI.TOTL.ZG,1975,
CAF,FP.CPI.TOTL.ZG,1976,
CAF,FP.CPI.TOTL.ZG,1977,
CAF,FP.CPI.TOTL.ZG,1978,
CAF,FP.CPI.TOTL.ZG,1979,
CAF,FP.CPI.TOTL.ZG,1980,
CAF,FP.CPI.TOTL.ZG,1981,-0.033333333
CAF,FP.CPI.TOTL.ZG,1982,13.2960987
CAF,FP.CPI.TOTL.ZG,1983,14.61261129
CAF,FP.CPI.TOTL.ZG,1984,2.542209668
CAF,FP.CPI.TOTL.ZG,1985,10.42384023
CAF,FP.CPI.TOTL.ZG,1986,2.245152512
CAF,FP.CPI.TOTL.ZG,1987,-6.986802706
CAF,FP.CPI.TOTL.ZG,1988,-3.964468821
CAF,FP.CPI.TOTL.ZG,1989,0.689055807
CAF,FP.CPI.TOTL.ZG,1990,-0.012330456
CAF,FP.CPI.TOTL.ZG,1991,-2.762362807
CAF,FP.CPI.TOTL.ZG,1992,-1.033608117
CAF,FP.CPI.TOTL.ZG,1993,-2.915358493
CAF,FP.CPI.TOTL.ZG,1994,24.57101373
CAF,FP.CPI.TOTL.ZG,1995,19.18940397
CAF,FP.CPI.TOTL.ZG,1996,3.724941103
CAF,FP.CPI.TOTL.ZG,1997,1.611313478
CAF,FP.CPI.TOTL.ZG,1998,-1.885200962
CAF,FP.CPI.TOTL.ZG,1999,-1.414202201
CAF,FP.CPI.TOTL.ZG,2000,3.203400916
CAF,FP.CPI.TOTL.ZG,2001,3.834860602
CAF,FP.CPI.TOTL.ZG,2002,2.331817035
CAF,FP.CPI.TOTL.ZG,2003,4.134709052
CAF,FP.CPI.TOTL.ZG,2004,-2.066406011
CAF,FP.CPI.TOTL.ZG,2005,2.883520734
CAF,FP.CPI.TOTL.ZG,2006,6.695264658
CAF,FP.CPI.TOTL.ZG,2007,0.959917619
CAF,FP.CPI.TOTL.ZG,2008,9.258950994
CAF,FP.CPI.TOTL.ZG,2009,3.521262272
CAF,FP.CPI.TOTL.ZG,2010,1.4910237
CAF,FP.CPI.TOTL.ZG,2011,1.194475724
CAF,FP.CPI.TOTL.ZG,2012,5.478295943
CAF,FP.CPI.TOTL.ZG,2013,6.98879342
CAF,FP.CPI.TOTL.ZG,2014,14.89868418
CAF,FP.CPI.TOTL.ZG,2015,1.402970171
CAF,FP.CPI.TOTL.ZG,2016,4.945432761
CAF,FP.CPI.TOTL.ZG,2017,4.180723319
CAF,FP.CPI.TOTL.ZG,2018,1.61215687
CAF,FP.CPI.TOTL.ZG,2019,2.685373553
CAF,FP.CPI.TOTL.ZG,2020,1.710156595
CAF,FP.CPI.TOTL.ZG,2021,4.259364175
CAF,FP.CPI.TOTL.ZG,2022,5.583167352
CAF,FP.CPI.TOTL.ZG,2023,2.979138526
CAF,FP.CPI.TOTL.ZG,2024,1.477336007
CAF,FP.CPI.TOTL.ZG,2025,1.001980128
TCD,FP.CPI.TOTL.ZG,1960,
TCD,FP.CPI.TOTL.ZG,1961,
TCD,FP.CPI.TOTL.ZG,1962,
TCD,FP.CPI.TOTL.ZG,1963,
TCD,FP.CPI.TOTL.ZG,1964,
TCD,FP.CPI.TOTL.ZG,1965,
TCD,FP.CPI.TOTL.ZG,1966,
TCD,FP.CPI.TOTL.ZG,1967,
TCD,FP.CPI.TOTL.ZG,1968,
TCD,FP.CPI.TOTL.ZG,1969,
TCD,FP.CPI.TOTL.ZG,1970,
TCD,FP.CPI.TOTL.ZG,1971,
TCD,FP.CPI.TOTL.ZG,1972,
TCD,FP.CPI.TOTL.ZG,1973,
TCD,FP.CPI.TOTL.ZG,1974,
TCD,FP.CPI.TOTL.ZG,1975,
TCD,FP.CPI.TOTL.ZG,1976,
TCD,FP.CPI.TOTL.ZG,1977,
TCD,FP.CPI.TOTL.ZG,1978,
TCD,FP.CPI.TOTL.ZG,1979,
TCD,FP.CPI.TOTL.ZG,1980,
TCD,FP.CPI.TOTL.ZG,1981,
TCD,FP.CPI.TOTL.ZG,1982,
TCD,FP.CPI.TOTL.ZG,1983,
TCD,FP.CPI.TOTL.ZG,1984,20.25089606
TCD,FP.CPI.TOTL.ZG,1985,5.153999006
TCD,FP.CPI.TOTL.ZG,1986,-13.05657258
TCD,FP.CPI.TOTL.ZG,1987,-5.974842767
TCD,FP.CPI.TOTL.ZG,1988,15.47751765
TCD,FP.CPI.TOTL.ZG,1989,-3.689134604
TCD,FP.CPI.TOTL.ZG,1990,-0.738282265
TCD,FP.CPI.TOTL.ZG,1991,3.19387473
TCD,FP.CPI.TOTL.ZG,1992,-3.113030672
TCD,FP.CPI.TOTL.ZG,1993,-8.427933487
TCD,FP.CPI.TOTL.ZG,1994,41.72489724
TCD,FP.CPI.TOTL.ZG,1995,9.230325998
TCD,FP.CPI.TOTL.ZG,1996,11.33087891
TCD,FP.CPI.TOTL.ZG,1997,5.572257111
TCD,FP.CPI.TOTL.ZG,1998,4.258851102
TCD,FP.CPI.TOTL.ZG,1999,-8.025059627
TCD,FP.CPI.TOTL.ZG,2000,3.822600881
TCD,FP.CPI.TOTL.ZG,2001,12.43128653
TCD,FP.CPI.TOTL.ZG,2002,5.191818952
TCD,FP.CPI.TOTL.ZG,2003,-1.752569412
TCD,FP.CPI.TOTL.ZG,2004,-5.355400289
TCD,FP.CPI.TOTL.ZG,2005,7.890365675
TCD,FP.CPI.TOTL.ZG,2006,8.03628898
TCD,FP.CPI.TOTL.ZG,2007,-8.97473962
TCD,FP.CPI.TOTL.ZG,2008,10.29697582
TCD,FP.CPI.TOTL.ZG,2009,9.952422907
TCD,FP.CPI.TOTL.ZG,2010,-2.077865746
TCD,FP.CPI.TOTL.ZG,2011,2.029240537
TCD,FP.CPI.TOTL.ZG,2012,7.516623647
TCD,FP.CPI.TOTL.ZG,2013,0.222671565
TCD,FP.CPI.TOTL.ZG,2014,1.681973139
TCD,FP.CPI.TOTL.ZG,2015,4.377126651
TCD,FP.CPI.TOTL.ZG,2016,-0.792440525
TCD,FP.CPI.TOTL.ZG,2017,-1.53709963
TCD,FP.CPI.TOTL.ZG,2018,4.274621986
TCD,FP.CPI.TOTL.ZG,2019,-0.971939175
TCD,FP.CPI.TOTL.ZG,2020,4.464144372
TCD,FP.CPI.TOTL.ZG,2021,-0.77284437
TCD,FP.CPI.TOTL.ZG,2022,5.788026878
TCD,FP.CPI.TOTL.ZG,2023,10.83635684
TCD,FP.CPI.TOTL.ZG,2024,8.899507323
TCD,FP.CPI.TOTL.ZG,2025,-3.911981244
CHI,FP.CPI.TOTL.ZG,1960,
CHI,FP.CPI.TOTL.ZG,1961,
CHI,FP.CPI.TOTL.ZG,1962,
CHI,FP.CPI.TOTL.ZG,1963,
CHI,FP.CPI.TOTL.ZG,1964,
CHI,FP.CPI.TOTL.ZG,1965,
CHI,FP.CPI.TOTL.ZG,1966,
CHI,FP.CPI.TOTL.ZG,1967,
CHI,FP.CPI.TOTL.ZG,1968,
CHI,FP.CPI.TOTL.ZG,1969,
CHI,FP.CPI.TOTL.ZG,1970,
CHI,FP.CPI.TOTL.ZG,1971,
CHI,FP.CPI.TOTL.ZG,1972,
CHI,FP.CPI.TOTL.ZG,1973,
CHI,FP.CPI.TOTL.ZG,1974,
CHI,FP.CPI.TOTL.ZG,1975,
CHI,FP.CPI.TOTL.ZG,1976,
CHI,FP.CPI.TOTL.ZG,1977,
CHI,FP.CPI.TOTL.ZG,1978,
CHI,FP.CPI.TOTL.ZG,1979,
CHI,FP.CPI.TOTL.ZG,1980,
CHI,FP.CPI.TOTL.ZG,1981,
CHI,FP.CPI.TOTL.ZG,1982,
CHI,FP.CPI.TOTL.ZG,1983,
CHI,FP.CPI.TOTL.ZG,1984,
CHI,FP.CPI.TOTL.ZG,1985,
CHI,FP.CPI.TOTL.ZG,1986,
CHI,FP.CPI.TOTL.ZG,1987,
CHI,FP.CPI.TOTL.ZG,1988,
CHI,FP.CPI.TOTL.ZG,1989,
CHI,FP.CPI.TOTL.ZG,1990,
CHI,FP.CPI.TOTL.ZG,1991,
CHI,FP.CPI.TOTL.ZG,1992,
CHI,FP.CPI.TOTL.ZG,1993,
CHI,FP.CPI.TOTL.ZG,1994,
CHI,FP.CPI.TOTL.ZG,1995,
CHI,FP.CPI.TOTL.ZG,1996,
CHI,FP.CPI.TOTL.ZG,1997,
CHI,FP.CPI.TOTL.ZG,1998,
CHI,FP.CPI.TOTL.ZG,1999,
CHI,FP.CPI.TOTL.ZG,2000,
CHI,FP.CPI.TOTL.ZG,2001,
CHI,FP.CPI.TOTL.ZG,2002,
CHI,FP.CPI.TOTL.ZG,2003,
CHI,FP.CPI.TOTL.ZG,2004,
CHI,FP.CPI.TOTL.ZG,2005,
CHI,FP.CPI.TOTL.ZG,2006,
CHI,FP.CPI.TOTL.ZG,2007,
CHI,FP.CPI.TOTL.ZG,2008,
CHI,FP.CPI.TOTL.ZG,2009,
CHI,FP.CPI.TOTL.ZG,2010,
CHI,FP.CPI.TOTL.ZG,2011,
CHI,FP.CPI.TOTL.ZG,2012,
CHI,FP.CPI.TOTL.ZG,2013,
CHI,FP.CPI.TOTL.ZG,2014,
CHI,FP.CPI.TOTL.ZG,2015,
CHI,FP.CPI.TOTL.ZG,2016,
CHI,FP.CPI.TOTL.ZG,2017,
CHI,FP.CPI.TOTL.ZG,2018,
CHI,FP.CPI.TOTL.ZG,2019,
CHI,FP.CPI.TOTL.ZG,2020,
CHI,FP.CPI.TOTL.ZG,2021,
CHI,FP.CPI.TOTL.ZG,2022,
CHI,FP.CPI.TOTL.ZG,2023,
CHI,FP.CPI.TOTL.ZG,2024,
CHI,FP.CPI.TOTL.ZG,2025,
CHL,FP.CPI.TOTL.ZG,1960,
CHL,FP.CPI.TOTL.ZG,1961,
CHL,FP.CPI.TOTL.ZG,1962,
CHL,FP.CPI.TOTL.ZG,1963,
CHL,FP.CPI.TOTL.ZG,1964,
CHL,FP.CPI.TOTL.ZG,1965,
CHL,FP.CPI.TOTL.ZG,1966,
CHL,FP.CPI.TOTL.ZG,1967,
CHL,FP.CPI.TOTL.ZG,1968,
CHL,FP.CPI.TOTL.ZG,1969,
CHL,FP.CPI.TOTL.ZG,1970,
CHL,FP.CPI.TOTL.ZG,1971,20.0522312
CHL,FP.CPI.TOTL.ZG,1972,77.79574048
CHL,FP.CPI.TOTL.ZG,1973,352.8109866
CHL,FP.CPI.TOTL.ZG,1974,504.7385412
CHL,FP.CPI.TOTL.ZG,1975,374.7352742
CHL,FP.CPI.TOTL.ZG,1976,211.9243022
CHL,FP.CPI.TOTL.ZG,1977,91.95413256
CHL,FP.CPI.TOTL.ZG,1978,40.08722463
CHL,FP.CPI.TOTL.ZG,1979,33.38921901
CHL,FP.CPI.TOTL.ZG,1980,35.13834053
CHL,FP.CPI.TOTL.ZG,1981,19.68683271
CHL,FP.CPI.TOTL.ZG,1982,9.94102693
CHL,FP.CPI.TOTL.ZG,1983,27.25719467
CHL,FP.CPI.TOTL.ZG,1984,19.86020566
CHL,FP.CPI.TOTL.ZG,1985,30.70349891
CHL,FP.CPI.TOTL.ZG,1986,19.47683792
CHL,FP.CPI.TOTL.ZG,1987,19.88084572
CHL,FP.CPI.TOTL.ZG,1988,14.68435125
CHL,FP.CPI.TOTL.ZG,1989,17.02793673
CHL,FP.CPI.TOTL.ZG,1990,26.03648114
CHL,FP.CPI.TOTL.ZG,1991,21.78441243
CHL,FP.CPI.TOTL.ZG,1992,15.42580647
CHL,FP.CPI.TOTL.ZG,1993,12.72776695
CHL,FP.CPI.TOTL.ZG,1994,11.44311964
CHL,FP.CPI.TOTL.ZG,1995,8.232630341
CHL,FP.CPI.TOTL.ZG,1996,7.359117818
CHL,FP.CPI.TOTL.ZG,1997,6.133864644
CHL,FP.CPI.TOTL.ZG,1998,5.110249545
CHL,FP.CPI.TOTL.ZG,1999,3.336879175
CHL,FP.CPI.TOTL.ZG,2000,3.843272957
CHL,FP.CPI.TOTL.ZG,2001,3.56910053
CHL,FP.CPI.TOTL.ZG,2002,2.489398167
CHL,FP.CPI.TOTL.ZG,2003,2.810178757
CHL,FP.CPI.TOTL.ZG,2004,1.054738714
CHL,FP.CPI.TOTL.ZG,2005,3.052576214
CHL,FP.CPI.TOTL.ZG,2006,3.392017337
CHL,FP.CPI.TOTL.ZG,2007,4.407799384
CHL,FP.CPI.TOTL.ZG,2008,8.71626873
CHL,FP.CPI.TOTL.ZG,2009,0.353045178
CHL,FP.CPI.TOTL.ZG,2010,1.41071108
CHL,FP.CPI.TOTL.ZG,2011,3.341216943
CHL,FP.CPI.TOTL.ZG,2012,3.007448402
CHL,FP.CPI.TOTL.ZG,2013,1.78955554
CHL,FP.CPI.TOTL.ZG,2014,4.718675279
CHL,FP.CPI.TOTL.ZG,2015,4.348773532
CHL,FP.CPI.TOTL.ZG,2016,3.786193559
CHL,FP.CPI.TOTL.ZG,2017,2.182718469
CHL,FP.CPI.TOTL.ZG,2018,2.434889814
CHL,FP.CPI.TOTL.ZG,2019,2.557544757
CHL,FP.CPI.TOTL.ZG,2020,3.045490848
CHL,FP.CPI.TOTL.ZG,2021,4.524568383
CHL,FP.CPI.TOTL.ZG,2022,11.64386671
CHL,FP.CPI.TOTL.ZG,2023,7.581682514
CHL,FP.CPI.TOTL.ZG,2024,4.297638916
CHL,FP.CPI.TOTL.ZG,2025,4.212936017
CHN,FP.CPI.TOTL.ZG,1960,
CHN,FP.CPI.TOTL.ZG,1961,
CHN,FP.CPI.TOTL.ZG,1962,
CHN,FP.CPI.TOTL.ZG,1963,
CHN,FP.CPI.TOTL.ZG,1964,
CHN,FP.CPI.TOTL.ZG,1965,
CHN,FP.CPI.TOTL.ZG,1966,
CHN,FP.CPI.TOTL.ZG,1967,
CHN,FP.CPI.TOTL.ZG,1968,
CHN,FP.CPI.TOTL.ZG,1969,
CHN,FP.CPI.TOTL.ZG,1970,
CHN,FP.CPI.TOTL.ZG,1971,
CHN,FP.CPI.TOTL.ZG,1972,
CHN,FP.CPI.TOTL.ZG,1973,
CHN,FP.CPI.TOTL.ZG,1974,
CHN,FP.CPI.TOTL.ZG,1975,
CHN,FP.CPI.TOTL.ZG,1976,
CHN,FP.CPI.TOTL.ZG,1977,
CHN,FP.CPI.TOTL.ZG,1978,
CHN,FP.CPI.TOTL.ZG,1979,
CHN,FP.CPI.TOTL.ZG,1980,
CHN,FP.CPI.TOTL.ZG,1981,
CHN,FP.CPI.TOTL.ZG,1982,
CHN,FP.CPI.TOTL.ZG,1983,
CHN,FP.CPI.TOTL.ZG,1984,
CHN,FP.CPI.TOTL.ZG,1985,
CHN,FP.CPI.TOTL.ZG,1986,
CHN,FP.CPI.TOTL.ZG,1987,7.233835531
CHN,FP.CPI.TOTL.ZG,1988,18.81181794
CHN,FP.CPI.TOTL.ZG,1989,18.24563836
CHN,FP.CPI.TOTL.ZG,1990,3.052290121
CHN,FP.CPI.TOTL.ZG,1991,3.556685652
CHN,FP.CPI.TOTL.ZG,1992,6.35398134
CHN,FP.CPI.TOTL.ZG,1993,14.61007864
CHN,FP.CPI.TOTL.ZG,1994,24.25698972
CHN,FP.CPI.TOTL.ZG,1995,16.79122685
CHN,FP.CPI.TOTL.ZG,1996,8.313158727
CHN,FP.CPI.TOTL.ZG,1997,2.786465055
CHN,FP.CPI.TOTL.ZG,1998,-0.773186012
CHN,FP.CPI.TOTL.ZG,1999,-1.401472683
CHN,FP.CPI.TOTL.ZG,2000,0.347811227
CHN,FP.CPI.TOTL.ZG,2001,0.719125609
CHN,FP.CPI.TOTL.ZG,2002,-0.731970902
CHN,FP.CPI.TOTL.ZG,2003,1.127603487
CHN,FP.CPI.TOTL.ZG,2004,3.824637431
CHN,FP.CPI.TOTL.ZG,2005,1.776414077
CHN,FP.CPI.TOTL.ZG,2006,1.649430995
CHN,FP.CPI.TOTL.ZG,2007,4.816767674
CHN,FP.CPI.TOTL.ZG,2008,5.92525137
CHN,FP.CPI.TOTL.ZG,2009,-0.728165251
CHN,FP.CPI.TOTL.ZG,2010,3.175324753
CHN,FP.CPI.TOTL.ZG,2011,5.553898923
CHN,FP.CPI.TOTL.ZG,2012,2.619524326
CHN,FP.CPI.TOTL.ZG,2013,2.621050017
CHN,FP.CPI.TOTL.ZG,2014,1.921641628
CHN,FP.CPI.TOTL.ZG,2015,1.437023809
CHN,FP.CPI.TOTL.ZG,2016,2.000001822
CHN,FP.CPI.TOTL.ZG,2017,1.593136001
CHN,FP.CPI.TOTL.ZG,2018,2.0747904
CHN,FP.CPI.TOTL.ZG,2019,2.899234164
CHN,FP.CPI.TOTL.ZG,2020,2.419421895
CHN,FP.CPI.TOTL.ZG,2021,0.981015136
CHN,FP.CPI.TOTL.ZG,2022,1.973575557
CHN,FP.CPI.TOTL.ZG,2023,0.234836829
CHN,FP.CPI.TOTL.ZG,2024,0.218128938
CHN,FP.CPI.TOTL.ZG,2025,0.059564692
COL,FP.CPI.TOTL.ZG,1960,5.814076282
COL,FP.CPI.TOTL.ZG,1961,8.283190456
COL,FP.CPI.TOTL.ZG,1962,4.697093951
COL,FP.CPI.TOTL.ZG,1963,26.35543553
COL,FP.CPI.TOTL.ZG,1964,17.07243522
COL,FP.CPI.TOTL.ZG,1965,7.590683669
COL,FP.CPI.TOTL.ZG,1966,16.72816827
COL,FP.CPI.TOTL.ZG,1967,8.328191364
COL,FP.CPI.TOTL.ZG,1968,7.447538783
COL,FP.CPI.TOTL.ZG,1969,6.98166308
COL,FP.CPI.TOTL.ZG,1970,6.908622758
COL,FP.CPI.TOTL.ZG,1971,11.9402617
COL,FP.CPI.TOTL.ZG,1972,12.44445899
COL,FP.CPI.TOTL.ZG,1973,22.52964868
COL,FP.CPI.TOTL.ZG,1974,23.87095737
COL,FP.CPI.TOTL.ZG,1975,23.43750257
COL,FP.CPI.TOTL.ZG,1976,19.83122492
COL,FP.CPI.TOTL.ZG,1977,33.80281836
COL,FP.CPI.TOTL.ZG,1978,17.76315909
COL,FP.CPI.TOTL.ZG,1979,24.13407574
COL,FP.CPI.TOTL.ZG,1980,26.55265315
COL,FP.CPI.TOTL.ZG,1981,27.45376243
COL,FP.CPI.TOTL.ZG,1982,24.72098825
COL,FP.CPI.TOTL.ZG,1983,19.59731706
COL,FP.CPI.TOTL.ZG,1984,16.16161714
COL,FP.CPI.TOTL.ZG,1985,24.09017437
COL,FP.CPI.TOTL.ZG,1986,18.84246316
COL,FP.CPI.TOTL.ZG,1987,23.30202836
COL,FP.CPI.TOTL.ZG,1988,28.10839698
COL,FP.CPI.TOTL.ZG,1989,25.86754808
COL,FP.CPI.TOTL.ZG,1990,29.1520246
COL,FP.CPI.TOTL.ZG,1991,30.38782049
COL,FP.CPI.TOTL.ZG,1992,27.01062662
COL,FP.CPI.TOTL.ZG,1993,22.44248285
COL,FP.CPI.TOTL.ZG,1994,22.84624176
COL,FP.CPI.TOTL.ZG,1995,20.89179302
COL,FP.CPI.TOTL.ZG,1996,20.79757551
COL,FP.CPI.TOTL.ZG,1997,18.47002171
COL,FP.CPI.TOTL.ZG,1998,18.67697993
COL,FP.CPI.TOTL.ZG,1999,10.87368709
COL,FP.CPI.TOTL.ZG,2000,9.225348186
COL,FP.CPI.TOTL.ZG,2001,7.965560903
COL,FP.CPI.TOTL.ZG,2002,6.351507288
COL,FP.CPI.TOTL.ZG,2003,7.129788629
COL,FP.CPI.TOTL.ZG,2004,5.904020055
COL,FP.CPI.TOTL.ZG,2005,5.051019627
COL,FP.CPI.TOTL.ZG,2006,4.293423636
COL,FP.CPI.TOTL.ZG,2007,5.544384858
COL,FP.CPI.TOTL.ZG,2008,6.996884956
COL,FP.CPI.TOTL.ZG,2009,4.202516612
COL,FP.CPI.TOTL.ZG,2010,2.272002279
COL,FP.CPI.TOTL.ZG,2011,3.415033448
COL,FP.CPI.TOTL.ZG,2012,3.169301888
COL,FP.CPI.TOTL.ZG,2013,2.016992243
COL,FP.CPI.TOTL.ZG,2014,2.898837878
COL,FP.CPI.TOTL.ZG,2015,4.989831158
COL,FP.CPI.TOTL.ZG,2016,7.513460246
COL,FP.CPI.TOTL.ZG,2017,4.314313257
COL,FP.CPI.TOTL.ZG,2018,3.240569329
COL,FP.CPI.TOTL.ZG,2019,3.523019327
COL,FP.CPI.TOTL.ZG,2020,2.526635001
COL,FP.CPI.TOTL.ZG,2021,3.495057574
COL,FP.CPI.TOTL.ZG,2022,10.17723135
COL,FP.CPI.TOTL.ZG,2023,11.73590449
COL,FP.CPI.TOTL.ZG,2024,6.609085937
COL,FP.CPI.TOTL.ZG,2025,5.142229119
COM,FP.CPI.TOTL.ZG,1960,
COM,FP.CPI.TOTL.ZG,1961,
COM,FP.CPI.TOTL.ZG,1962,
COM,FP.CPI.TOTL.ZG,1963,
COM,FP.CPI.TOTL.ZG,1964,
COM,FP.CPI.TOTL.ZG,1965,
COM,FP.CPI.TOTL.ZG,1966,
COM,FP.CPI.TOTL.ZG,1967,
COM,FP.CPI.TOTL.ZG,1968,
COM,FP.CPI.TOTL.ZG,1969,
COM,FP.CPI.TOTL.ZG,1970,
COM,FP.CPI.TOTL.ZG,1971,
COM,FP.CPI.TOTL.ZG,1972,
COM,FP.CPI.TOTL.ZG,1973,
COM,FP.CPI.TOTL.ZG,1974,
COM,FP.CPI.TOTL.ZG,1975,
COM,FP.CPI.TOTL.ZG,1976,
COM,FP.CPI.TOTL.ZG,1977,
COM,FP.CPI.TOTL.ZG,1978,
COM,FP.CPI.TOTL.ZG,1979,
COM,FP.CPI.TOTL.ZG,1980,
COM,FP.CPI.TOTL.ZG,1981,
COM,FP.CPI.TOTL.ZG,1982,
COM,FP.CPI.TOTL.ZG,1983,
COM,FP.CPI.TOTL.ZG,1984,
COM,FP.CPI.TOTL.ZG,1985,
COM,FP.CPI.TOTL.ZG,1986,
COM,FP.CPI.TOTL.ZG,1987,
COM,FP.CPI.TOTL.ZG,1988,
COM,FP.CPI.TOTL.ZG,1989,
COM,FP.CPI.TOTL.ZG,1990,
COM,FP.CPI.TOTL.ZG,1991,
COM,FP.CPI.TOTL.ZG,1992,
COM,FP.CPI.TOTL.ZG,1993,
COM,FP.CPI.TOTL.ZG,1994,
COM,FP.CPI.TOTL.ZG,1995,
COM,FP.CPI.TOTL.ZG,1996,
COM,FP.CPI.TOTL.ZG,1997,
COM,FP.CPI.TOTL.ZG,1998,
COM,FP.CPI.TOTL.ZG,1999,
COM,FP.CPI.TOTL.ZG,2000,
COM,FP.CPI.TOTL.ZG,2001,5.554593948
COM,FP.CPI.TOTL.ZG,2002,3.533042143
COM,FP.CPI.TOTL.ZG,2003,3.799081367
COM,FP.CPI.TOTL.ZG,2004,4.474992891
COM,FP.CPI.TOTL.ZG,2005,3.013323951
COM,FP.CPI.TOTL.ZG,2006,3.374363601
COM,FP.CPI.TOTL.ZG,2007,4.466167101
COM,FP.CPI.TOTL.ZG,2008,1.700781763
COM,FP.CPI.TOTL.ZG,2009,4.362348293
COM,FP.CPI.TOTL.ZG,2010,3.354757703
COM,FP.CPI.TOTL.ZG,2011,1.842663008
COM,FP.CPI.TOTL.ZG,2012,6.314744503
COM,FP.CPI.TOTL.ZG,2013,-4.294873315
COM,FP.CPI.TOTL.ZG,2014,7.547553791
COM,FP.CPI.TOTL.ZG,2015,-0.117173884
COM,FP.CPI.TOTL.ZG,2016,0.797517431
COM,FP.CPI.TOTL.ZG,2017,-0.237362224
COM,FP.CPI.TOTL.ZG,2018,2.151550844
COM,FP.CPI.TOTL.ZG,2019,3.582135445
COM,FP.CPI.TOTL.ZG,2020,0.786641929
COM,FP.CPI.TOTL.ZG,2021,-0.004417937
COM,FP.CPI.TOTL.ZG,2022,12.53203146
COM,FP.CPI.TOTL.ZG,2023,8.373739555
COM,FP.CPI.TOTL.ZG,2024,5.051926096
COM,FP.CPI.TOTL.ZG,2025,3.249093323
COD,FP.CPI.TOTL.ZG,1960,
COD,FP.CPI.TOTL.ZG,1961,
COD,FP.CPI.TOTL.ZG,1962,
COD,FP.CPI.TOTL.ZG,1963,
COD,FP.CPI.TOTL.ZG,1964,35.42106498
COD,FP.CPI.TOTL.ZG,1965,-2.726980278
COD,FP.CPI.TOTL.ZG,1966,15.78010125
COD,FP.CPI.TOTL.ZG,1967,36.92652487
COD,FP.CPI.TOTL.ZG,1968,53.32167271
COD,FP.CPI.TOTL.ZG,1969,6.176195735
COD,FP.CPI.TOTL.ZG,1970,8.025284045
COD,FP.CPI.TOTL.ZG,1971,5.777349826
COD,FP.CPI.TOTL.ZG,1972,15.80421539
COD,FP.CPI.TOTL.ZG,1973,15.64276212
COD,FP.CPI.TOTL.ZG,1974,29.46928105
COD,FP.CPI.TOTL.ZG,1975,28.6579702
COD,FP.CPI.TOTL.ZG,1976,80.38595908
COD,FP.CPI.TOTL.ZG,1977,68.9477082
COD,FP.CPI.TOTL.ZG,1978,48.76903761
COD,FP.CPI.TOTL.ZG,1979,101.0512604
COD,FP.CPI.TOTL.ZG,1980,46.62590683
COD,FP.CPI.TOTL.ZG,1981,35.40826487
COD,FP.CPI.TOTL.ZG,1982,36.69969757
COD,FP.CPI.TOTL.ZG,1983,76.52669767
COD,FP.CPI.TOTL.ZG,1984,52.22701136
COD,FP.CPI.TOTL.ZG,1985,23.82078452
COD,FP.CPI.TOTL.ZG,1986,44.4
COD,FP.CPI.TOTL.ZG,1987,78.67036011
COD,FP.CPI.TOTL.ZG,1988,71.09173127
COD,FP.CPI.TOTL.ZG,1989,104.0652294
COD,FP.CPI.TOTL.ZG,1990,81.29540481
COD,FP.CPI.TOTL.ZG,1991,2154.436827
COD,FP.CPI.TOTL.ZG,1992,4129.169857
COD,FP.CPI.TOTL.ZG,1993,1986.904762
COD,FP.CPI.TOTL.ZG,1994,23773.13177
COD,FP.CPI.TOTL.ZG,1995,541.9088832
COD,FP.CPI.TOTL.ZG,1996,492.4418502
COD,FP.CPI.TOTL.ZG,1997,198.5167074
COD,FP.CPI.TOTL.ZG,1998,29.14880692
COD,FP.CPI.TOTL.ZG,1999,284.8949759
COD,FP.CPI.TOTL.ZG,2000,513.9068437
COD,FP.CPI.TOTL.ZG,2001,359.9366143
COD,FP.CPI.TOTL.ZG,2002,31.5225826
COD,FP.CPI.TOTL.ZG,2003,12.87396572
COD,FP.CPI.TOTL.ZG,2004,3.994384008
COD,FP.CPI.TOTL.ZG,2005,21.31681672
COD,FP.CPI.TOTL.ZG,2006,13.05269497
COD,FP.CPI.TOTL.ZG,2007,16.94510065
COD,FP.CPI.TOTL.ZG,2008,17.30138457
COD,FP.CPI.TOTL.ZG,2009,2.8
COD,FP.CPI.TOTL.ZG,2010,7.1
COD,FP.CPI.TOTL.ZG,2011,15.31651591
COD,FP.CPI.TOTL.ZG,2012,9.721828063
COD,FP.CPI.TOTL.ZG,2013,0.808223101
COD,FP.CPI.TOTL.ZG,2014,1.243038898
COD,FP.CPI.TOTL.ZG,2015,0.744198995
COD,FP.CPI.TOTL.ZG,2016,2.885851073
COD,FP.CPI.TOTL.ZG,2017,
COD,FP.CPI.TOTL.ZG,2018,
COD,FP.CPI.TOTL.ZG,2019,
COD,FP.CPI.TOTL.ZG,2020,
COD,FP.CPI.TOTL.ZG,2021,
COD,FP.CPI.TOTL.ZG,2022,
COD,FP.CPI.TOTL.ZG,2023,
COD,FP.CPI.TOTL.ZG,2024,
COD,FP.CPI.TOTL.ZG,2025,
COG,FP.CPI.TOTL.ZG,1960,
COG,FP.CPI.TOTL.ZG,1961,
COG,FP.CPI.TOTL.ZG,1962,
COG,FP.CPI.TOTL.ZG,1963,
COG,FP.CPI.TOTL.ZG,1964,
COG,FP.CPI.TOTL.ZG,1965,
COG,FP.CPI.TOTL.ZG,1966,
COG,FP.CPI.TOTL.ZG,1967,
COG,FP.CPI.TOTL.ZG,1968,
COG,FP.CPI.TOTL.ZG,1969,
COG,FP.CPI.TOTL.ZG,1970,
COG,FP.CPI.TOTL.ZG,1971,
COG,FP.CPI.TOTL.ZG,1972,
COG,FP.CPI.TOTL.ZG,1973,
COG,FP.CPI.TOTL.ZG,1974,
COG,FP.CPI.TOTL.ZG,1975,
COG,FP.CPI.TOTL.ZG,1976,
COG,FP.CPI.TOTL.ZG,1977,
COG,FP.CPI.TOTL.ZG,1978,
COG,FP.CPI.TOTL.ZG,1979,
COG,FP.CPI.TOTL.ZG,1980,
COG,FP.CPI.TOTL.ZG,1981,
COG,FP.CPI.TOTL.ZG,1982,
COG,FP.CPI.TOTL.ZG,1983,
COG,FP.CPI.TOTL.ZG,1984,
COG,FP.CPI.TOTL.ZG,1985,
COG,FP.CPI.TOTL.ZG,1986,4.158110883
COG,FP.CPI.TOTL.ZG,1987,0.44356826
COG,FP.CPI.TOTL.ZG,1988,1.030421982
COG,FP.CPI.TOTL.ZG,1989,-1.79698883
COG,FP.CPI.TOTL.ZG,1990,2.889053742
COG,FP.CPI.TOTL.ZG,1991,-1.67834969
COG,FP.CPI.TOTL.ZG,1992,-3.935468101
COG,FP.CPI.TOTL.ZG,1993,4.923664122
COG,FP.CPI.TOTL.ZG,1994,42.43967503
COG,FP.CPI.TOTL.ZG,1995,9.418007435
COG,FP.CPI.TOTL.ZG,1996,10.03112033
COG,FP.CPI.TOTL.ZG,1997,
COG,FP.CPI.TOTL.ZG,1998,
COG,FP.CPI.TOTL.ZG,1999,4.142671373
COG,FP.CPI.TOTL.ZG,2000,-0.881991517
COG,FP.CPI.TOTL.ZG,2001,0.055989922
COG,FP.CPI.TOTL.ZG,2002,4.378759718
COG,FP.CPI.TOTL.ZG,2003,-0.631844987
COG,FP.CPI.TOTL.ZG,2004,2.42976608
COG,FP.CPI.TOTL.ZG,2005,3.094490115
COG,FP.CPI.TOTL.ZG,2006,6.537843953
COG,FP.CPI.TOTL.ZG,2007,2.654646451
COG,FP.CPI.TOTL.ZG,2008,4.95875092
COG,FP.CPI.TOTL.ZG,2009,4.415003748
COG,FP.CPI.TOTL.ZG,2010,0.391525011
COG,FP.CPI.TOTL.ZG,2011,1.759587043
COG,FP.CPI.TOTL.ZG,2012,5.010187731
COG,FP.CPI.TOTL.ZG,2013,4.631616197
COG,FP.CPI.TOTL.ZG,2014,0.912139545
COG,FP.CPI.TOTL.ZG,2015,3.169097968
COG,FP.CPI.TOTL.ZG,2016,3.190561797
COG,FP.CPI.TOTL.ZG,2017,0.450063823
COG,FP.CPI.TOTL.ZG,2018,1.152778964
COG,FP.CPI.TOTL.ZG,2019,2.206073058
COG,FP.CPI.TOTL.ZG,2020,1.795371471
COG,FP.CPI.TOTL.ZG,2021,1.715642755
COG,FP.CPI.TOTL.ZG,2022,3.043443347
COG,FP.CPI.TOTL.ZG,2023,4.301745636
COG,FP.CPI.TOTL.ZG,2024,3.091436309
COG,FP.CPI.TOTL.ZG,2025,2.400695594
CRI,FP.CPI.TOTL.ZG,1960,0.790205818
CRI,FP.CPI.TOTL.ZG,1961,2.43079391
CRI,FP.CPI.TOTL.ZG,1962,2.677859687
CRI,FP.CPI.TOTL.ZG,1963,2.931618471
CRI,FP.CPI.TOTL.ZG,1964,3.32403316
CRI,FP.CPI.TOTL.ZG,1965,-0.665000001
CRI,FP.CPI.TOTL.ZG,1966,0.182882838
CRI,FP.CPI.TOTL.ZG,1967,1.208340311
CRI,FP.CPI.TOTL.ZG,1968,4.093891431
CRI,FP.CPI.TOTL.ZG,1969,2.629340837
CRI,FP.CPI.TOTL.ZG,1970,4.652297493
CRI,FP.CPI.TOTL.ZG,1971,3.083048414
CRI,FP.CPI.TOTL.ZG,1972,4.601125693
CRI,FP.CPI.TOTL.ZG,1973,15.21403422
CRI,FP.CPI.TOTL.ZG,1974,30.07362928
CRI,FP.CPI.TOTL.ZG,1975,17.36920202
CRI,FP.CPI.TOTL.ZG,1976,3.485833333
CRI,FP.CPI.TOTL.ZG,1977,4.190240453
CRI,FP.CPI.TOTL.ZG,1978,6.0071271
CRI,FP.CPI.TOTL.ZG,1979,9.188410437
CRI,FP.CPI.TOTL.ZG,1980,18.1351708
CRI,FP.CPI.TOTL.ZG,1981,37.05634152
CRI,FP.CPI.TOTL.ZG,1982,90.12133285
CRI,FP.CPI.TOTL.ZG,1983,32.62370815
CRI,FP.CPI.TOTL.ZG,1984,11.94742701
CRI,FP.CPI.TOTL.ZG,1985,15.05741964
CRI,FP.CPI.TOTL.ZG,1986,11.83506189
CRI,FP.CPI.TOTL.ZG,1987,16.84242016
CRI,FP.CPI.TOTL.ZG,1988,20.83253323
CRI,FP.CPI.TOTL.ZG,1989,16.50980877
CRI,FP.CPI.TOTL.ZG,1990,19.03975266
CRI,FP.CPI.TOTL.ZG,1991,28.70929137
CRI,FP.CPI.TOTL.ZG,1992,21.79116879
CRI,FP.CPI.TOTL.ZG,1993,9.778600783
CRI,FP.CPI.TOTL.ZG,1994,13.53446873
CRI,FP.CPI.TOTL.ZG,1995,23.18649811
CRI,FP.CPI.TOTL.ZG,1996,17.51145248
CRI,FP.CPI.TOTL.ZG,1997,13.24804408
CRI,FP.CPI.TOTL.ZG,1998,11.65929977
CRI,FP.CPI.TOTL.ZG,1999,10.04528173
CRI,FP.CPI.TOTL.ZG,2000,10.96154966
CRI,FP.CPI.TOTL.ZG,2001,11.25561571
CRI,FP.CPI.TOTL.ZG,2002,9.167520485
CRI,FP.CPI.TOTL.ZG,2003,9.447580916
CRI,FP.CPI.TOTL.ZG,2004,12.31481502
CRI,FP.CPI.TOTL.ZG,2005,13.79829491
CRI,FP.CPI.TOTL.ZG,2006,11.47059681
CRI,FP.CPI.TOTL.ZG,2007,9.357244564
CRI,FP.CPI.TOTL.ZG,2008,13.42446355
CRI,FP.CPI.TOTL.ZG,2009,7.842701677
CRI,FP.CPI.TOTL.ZG,2010,5.662757084
CRI,FP.CPI.TOTL.ZG,2011,4.87799831
CRI,FP.CPI.TOTL.ZG,2012,4.495453144
CRI,FP.CPI.TOTL.ZG,2013,5.231336142
CRI,FP.CPI.TOTL.ZG,2014,4.519200985
CRI,FP.CPI.TOTL.ZG,2015,0.801982005
CRI,FP.CPI.TOTL.ZG,2016,-0.017478851
CRI,FP.CPI.TOTL.ZG,2017,1.62590693
CRI,FP.CPI.TOTL.ZG,2018,2.221114615
CRI,FP.CPI.TOTL.ZG,2019,2.096046353
CRI,FP.CPI.TOTL.ZG,2020,0.724911478
CRI,FP.CPI.TOTL.ZG,2021,1.726477551
CRI,FP.CPI.TOTL.ZG,2022,8.274774902
CRI,FP.CPI.TOTL.ZG,2023,0.525193509
CRI,FP.CPI.TOTL.ZG,2024,-0.412853001
CRI,FP.CPI.TOTL.ZG,2025,-0.073671441
CIV,FP.CPI.TOTL.ZG,1960,
CIV,FP.CPI.TOTL.ZG,1961,11.61649215
CIV,FP.CPI.TOTL.ZG,1962,-1.341248901
CIV,FP.CPI.TOTL.ZG,1963,0.94346631
CIV,FP.CPI.TOTL.ZG,1964,0.618192523
CIV,FP.CPI.TOTL.ZG,1965,2.611176126
CIV,FP.CPI.TOTL.ZG,1966,4.191317984
CIV,FP.CPI.TOTL.ZG,1967,2.291851953
CIV,FP.CPI.TOTL.ZG,1968,5.350454789
CIV,FP.CPI.TOTL.ZG,1969,4.450228542
CIV,FP.CPI.TOTL.ZG,1970,8.205190543
CIV,FP.CPI.TOTL.ZG,1971,-0.443745436
CIV,FP.CPI.TOTL.ZG,1972,0.310313699
CIV,FP.CPI.TOTL.ZG,1973,11.10298667
CIV,FP.CPI.TOTL.ZG,1974,17.35938845
CIV,FP.CPI.TOTL.ZG,1975,11.44422397
CIV,FP.CPI.TOTL.ZG,1976,12.07664022
CIV,FP.CPI.TOTL.ZG,1977,27.42186151
CIV,FP.CPI.TOTL.ZG,1978,13.24298685
CIV,FP.CPI.TOTL.ZG,1979,16.34235657
CIV,FP.CPI.TOTL.ZG,1980,14.7009813
CIV,FP.CPI.TOTL.ZG,1981,8.799210833
CIV,FP.CPI.TOTL.ZG,1982,7.583125896
CIV,FP.CPI.TOTL.ZG,1983,5.640428433
CIV,FP.CPI.TOTL.ZG,1984,4.284761104
CIV,FP.CPI.TOTL.ZG,1985,1.863803272
CIV,FP.CPI.TOTL.ZG,1986,9.682954731
CIV,FP.CPI.TOTL.ZG,1987,6.943306265
CIV,FP.CPI.TOTL.ZG,1988,6.930686172
CIV,FP.CPI.TOTL.ZG,1989,1.049518238
CIV,FP.CPI.TOTL.ZG,1990,-0.805879698
CIV,FP.CPI.TOTL.ZG,1991,1.683348499
CIV,FP.CPI.TOTL.ZG,1992,4.231383829
CIV,FP.CPI.TOTL.ZG,1993,2.16471454
CIV,FP.CPI.TOTL.ZG,1994,26.08157199
CIV,FP.CPI.TOTL.ZG,1995,14.29506909
CIV,FP.CPI.TOTL.ZG,1996,2.480806692
CIV,FP.CPI.TOTL.ZG,1997,4.020833333
CIV,FP.CPI.TOTL.ZG,1998,4.611447595
CIV,FP.CPI.TOTL.ZG,1999,0.702375806
CIV,FP.CPI.TOTL.ZG,2000,2.530775167
CIV,FP.CPI.TOTL.ZG,2001,4.36152914
CIV,FP.CPI.TOTL.ZG,2002,3.077264852
CIV,FP.CPI.TOTL.ZG,2003,3.29680747
CIV,FP.CPI.TOTL.ZG,2004,1.457988356
CIV,FP.CPI.TOTL.ZG,2005,3.885830399
CIV,FP.CPI.TOTL.ZG,2006,2.467191486
CIV,FP.CPI.TOTL.ZG,2007,1.892006293
CIV,FP.CPI.TOTL.ZG,2008,6.308527692
CIV,FP.CPI.TOTL.ZG,2009,1.019504577
CIV,FP.CPI.TOTL.ZG,2010,1.226456121
CIV,FP.CPI.TOTL.ZG,2011,4.912433951
CIV,FP.CPI.TOTL.ZG,2012,1.304511199
CIV,FP.CPI.TOTL.ZG,2013,2.581170373
CIV,FP.CPI.TOTL.ZG,2014,0.448682077
CIV,FP.CPI.TOTL.ZG,2015,1.251499548
CIV,FP.CPI.TOTL.ZG,2016,0.723178458
CIV,FP.CPI.TOTL.ZG,2017,0.685881065
CIV,FP.CPI.TOTL.ZG,2018,0.401297817
CIV,FP.CPI.TOTL.ZG,2019,0.790855512
CIV,FP.CPI.TOTL.ZG,2020,2.412526172
CIV,FP.CPI.TOTL.ZG,2021,4.159196579
CIV,FP.CPI.TOTL.ZG,2022,5.233528561
CIV,FP.CPI.TOTL.ZG,2023,4.369722549
CIV,FP.CPI.TOTL.ZG,2024,3.450530281
CIV,FP.CPI.TOTL.ZG,2025,0.125038773
HRV,FP.CPI.TOTL.ZG,1960,
HRV,FP.CPI.TOTL.ZG,1961,
HRV,FP.CPI.TOTL.ZG,1962,
HRV,FP.CPI.TOTL.ZG,1963,
HRV,FP.CPI.TOTL.ZG,1964,
HRV,FP.CPI.TOTL.ZG,1965,
HRV,FP.CPI.TOTL.ZG,1966,
HRV,FP.CPI.TOTL.ZG,1967,
HRV,FP.CPI.TOTL.ZG,1968,
HRV,FP.CPI.TOTL.ZG,1969,
HRV,FP.CPI.TOTL.ZG,1970,
HRV,FP.CPI.TOTL.ZG,1971,
HRV,FP.CPI.TOTL.ZG,1972,
HRV,FP.CPI.TOTL.ZG,1973,
HRV,FP.CPI.TOTL.ZG,1974,
HRV,FP.CPI.TOTL.ZG,1975,
HRV,FP.CPI.TOTL.ZG,1976,
HRV,FP.CPI.TOTL.ZG,1977,
HRV,FP.CPI.TOTL.ZG,1978,
HRV,FP.CPI.TOTL.ZG,1979,
HRV,FP.CPI.TOTL.ZG,1980,
HRV,FP.CPI.TOTL.ZG,1981,
HRV,FP.CPI.TOTL.ZG,1982,
HRV,FP.CPI.TOTL.ZG,1983,
HRV,FP.CPI.TOTL.ZG,1984,
HRV,FP.CPI.TOTL.ZG,1985,
HRV,FP.CPI.TOTL.ZG,1986,50
HRV,FP.CPI.TOTL.ZG,1987,133.3332637
HRV,FP.CPI.TOTL.ZG,1988,185.7142857
HRV,FP.CPI.TOTL.ZG,1989,1400
HRV,FP.CPI.TOTL.ZG,1990,500
HRV,FP.CPI.TOTL.ZG,1991,122.2222222
HRV,FP.CPI.TOTL.ZG,1992,625
HRV,FP.CPI.TOTL.ZG,1993,1500
HRV,FP.CPI.TOTL.ZG,1994,107.3275862
HRV,FP.CPI.TOTL.ZG,1995,3.95010395
HRV,FP.CPI.TOTL.ZG,1996,4.3
HRV,FP.CPI.TOTL.ZG,1997,4.170661553
HRV,FP.CPI.TOTL.ZG,1998,6.396686608
HRV,FP.CPI.TOTL.ZG,1999,4.019138756
HRV,FP.CPI.TOTL.ZG,2000,4.611315547
HRV,FP.CPI.TOTL.ZG,2001,3.776702467
HRV,FP.CPI.TOTL.ZG,2002,1.671784374
HRV,FP.CPI.TOTL.ZG,2003,1.767337808
HRV,FP.CPI.TOTL.ZG,2004,2.055396791
HRV,FP.CPI.TOTL.ZG,2005,3.317178244
HRV,FP.CPI.TOTL.ZG,2006,3.189825915
HRV,FP.CPI.TOTL.ZG,2007,2.899282756
HRV,FP.CPI.TOTL.ZG,2008,6.076968388
HRV,FP.CPI.TOTL.ZG,2009,2.378528459
HRV,FP.CPI.TOTL.ZG,2010,1.030555053
HRV,FP.CPI.TOTL.ZG,2011,2.272727273
HRV,FP.CPI.TOTL.ZG,2012,3.412073491
HRV,FP.CPI.TOTL.ZG,2013,2.216582064
HRV,FP.CPI.TOTL.ZG,2014,-0.21519616
HRV,FP.CPI.TOTL.ZG,2015,-0.464499005
HRV,FP.CPI.TOTL.ZG,2016,-1.125
HRV,FP.CPI.TOTL.ZG,2017,1.129372103
HRV,FP.CPI.TOTL.ZG,2018,1.50012501
HRV,FP.CPI.TOTL.ZG,2019,0.771820346
HRV,FP.CPI.TOTL.ZG,2020,0.154811375
HRV,FP.CPI.TOTL.ZG,2021,2.554506996
HRV,FP.CPI.TOTL.ZG,2022,10.78058068
HRV,FP.CPI.TOTL.ZG,2023,7.941281776
HRV,FP.CPI.TOTL.ZG,2024,2.972004776
HRV,FP.CPI.TOTL.ZG,2025,3.691534596
CUB,FP.CPI.TOTL.ZG,1960,
CUB,FP.CPI.TOTL.ZG,1961,
CUB,FP.CPI.TOTL.ZG,1962,
CUB,FP.CPI.TOTL.ZG,1963,
CUB,FP.CPI.TOTL.ZG,1964,
CUB,FP.CPI.TOTL.ZG,1965,
CUB,FP.CPI.TOTL.ZG,1966,
CUB,FP.CPI.TOTL.ZG,1967,
CUB,FP.CPI.TOTL.ZG,1968,
CUB,FP.CPI.TOTL.ZG,1969,
CUB,FP.CPI.TOTL.ZG,1970,
CUB,FP.CPI.TOTL.ZG,1971,
CUB,FP.CPI.TOTL.ZG,1972,
CUB,FP.CPI.TOTL.ZG,1973,
CUB,FP.CPI.TOTL.ZG,1974,
CUB,FP.CPI.TOTL.ZG,1975,
CUB,FP.CPI.TOTL.ZG,1976,
CUB,FP.CPI.TOTL.ZG,1977,
CUB,FP.CPI.TOTL.ZG,1978,
CUB,FP.CPI.TOTL.ZG,1979,
CUB,FP.CPI.TOTL.ZG,1980,
CUB,FP.CPI.TOTL.ZG,1981,
CUB,FP.CPI.TOTL.ZG,1982,
CUB,FP.CPI.TOTL.ZG,1983,
CUB,FP.CPI.TOTL.ZG,1984,
CUB,FP.CPI.TOTL.ZG,1985,
CUB,FP.CPI.TOTL.ZG,1986,
CUB,FP.CPI.TOTL.ZG,1987,
CUB,FP.CPI.TOTL.ZG,1988,
CUB,FP.CPI.TOTL.ZG,1989,
CUB,FP.CPI.TOTL.ZG,1990,
CUB,FP.CPI.TOTL.ZG,1991,
CUB,FP.CPI.TOTL.ZG,1992,
CUB,FP.CPI.TOTL.ZG,1993,
CUB,FP.CPI.TOTL.ZG,1994,
CUB,FP.CPI.TOTL.ZG,1995,
CUB,FP.CPI.TOTL.ZG,1996,
CUB,FP.CPI.TOTL.ZG,1997,
CUB,FP.CPI.TOTL.ZG,1998,
CUB,FP.CPI.TOTL.ZG,1999,
CUB,FP.CPI.TOTL.ZG,2000,
CUB,FP.CPI.TOTL.ZG,2001,
CUB,FP.CPI.TOTL.ZG,2002,
CUB,FP.CPI.TOTL.ZG,2003,
CUB,FP.CPI.TOTL.ZG,2004,
CUB,FP.CPI.TOTL.ZG,2005,
CUB,FP.CPI.TOTL.ZG,2006,
CUB,FP.CPI.TOTL.ZG,2007,
CUB,FP.CPI.TOTL.ZG,2008,
CUB,FP.CPI.TOTL.ZG,2009,
CUB,FP.CPI.TOTL.ZG,2010,
CUB,FP.CPI.TOTL.ZG,2011,
CUB,FP.CPI.TOTL.ZG,2012,
CUB,FP.CPI.TOTL.ZG,2013,
CUB,FP.CPI.TOTL.ZG,2014,
CUB,FP.CPI.TOTL.ZG,2015,
CUB,FP.CPI.TOTL.ZG,2016,
CUB,FP.CPI.TOTL.ZG,2017,
CUB,FP.CPI.TOTL.ZG,2018,
CUB,FP.CPI.TOTL.ZG,2019,
CUB,FP.CPI.TOTL.ZG,2020,
CUB,FP.CPI.TOTL.ZG,2021,
CUB,FP.CPI.TOTL.ZG,2022,
CUB,FP.CPI.TOTL.ZG,2023,
CUB,FP.CPI.TOTL.ZG,2024,
CUB,FP.CPI.TOTL.ZG,2025,
CUW,FP.CPI.TOTL.ZG,1960,
CUW,FP.CPI.TOTL.ZG,1961,
CUW,FP.CPI.TOTL.ZG,1962,
CUW,FP.CPI.TOTL.ZG,1963,
CUW,FP.CPI.TOTL.ZG,1964,
CUW,FP.CPI.TOTL.ZG,1965,
CUW,FP.CPI.TOTL.ZG,1966,
CUW,FP.CPI.TOTL.ZG,1967,
CUW,FP.CPI.TOTL.ZG,1968,
CUW,FP.CPI.TOTL.ZG,1969,
CUW,FP.CPI.TOTL.ZG,1970,
CUW,FP.CPI.TOTL.ZG,1971,
CUW,FP.CPI.TOTL.ZG,1972,
CUW,FP.CPI.TOTL.ZG,1973,
CUW,FP.CPI.TOTL.ZG,1974,
CUW,FP.CPI.TOTL.ZG,1975,
CUW,FP.CPI.TOTL.ZG,1976,
CUW,FP.CPI.TOTL.ZG,1977,
CUW,FP.CPI.TOTL.ZG,1978,
CUW,FP.CPI.TOTL.ZG,1979,
CUW,FP.CPI.TOTL.ZG,1980,
CUW,FP.CPI.TOTL.ZG,1981,
CUW,FP.CPI.TOTL.ZG,1982,
CUW,FP.CPI.TOTL.ZG,1983,
CUW,FP.CPI.TOTL.ZG,1984,
CUW,FP.CPI.TOTL.ZG,1985,
CUW,FP.CPI.TOTL.ZG,1986,
CUW,FP.CPI.TOTL.ZG,1987,
CUW,FP.CPI.TOTL.ZG,1988,
CUW,FP.CPI.TOTL.ZG,1989,
CUW,FP.CPI.TOTL.ZG,1990,
CUW,FP.CPI.TOTL.ZG,1991,
CUW,FP.CPI.TOTL.ZG,1992,
CUW,FP.CPI.TOTL.ZG,1993,
CUW,FP.CPI.TOTL.ZG,1994,
CUW,FP.CPI.TOTL.ZG,1995,
CUW,FP.CPI.TOTL.ZG,1996,
CUW,FP.CPI.TOTL.ZG,1997,
CUW,FP.CPI.TOTL.ZG,1998,
CUW,FP.CPI.TOTL.ZG,1999,
CUW,FP.CPI.TOTL.ZG,2000,
CUW,FP.CPI.TOTL.ZG,2001,1.792828685
CUW,FP.CPI.TOTL.ZG,2002,0.391389432
CUW,FP.CPI.TOTL.ZG,2003,1.633713914
CUW,FP.CPI.TOTL.ZG,2004,1.379121381
CUW,FP.CPI.TOTL.ZG,2005,4.117117117
CUW,FP.CPI.TOTL.ZG,2006,3.114995241
CUW,FP.CPI.TOTL.ZG,2007,2.995720399
CUW,FP.CPI.TOTL.ZG,2008,6.876323937
CUW,FP.CPI.TOTL.ZG,2009,1.753316054
CUW,FP.CPI.TOTL.ZG,2010,2.779442613
CUW,FP.CPI.TOTL.ZG,2011,2.332531526
CUW,FP.CPI.TOTL.ZG,2012,3.183987463
CUW,FP.CPI.TOTL.ZG,2013,1.332320862
CUW,FP.CPI.TOTL.ZG,2014,1.498739696
CUW,FP.CPI.TOTL.ZG,2015,-0.47654205
CUW,FP.CPI.TOTL.ZG,2016,-0.047207985
CUW,FP.CPI.TOTL.ZG,2017,1.585588017
CUW,FP.CPI.TOTL.ZG,2018,2.583687566
CUW,FP.CPI.TOTL.ZG,2019,2.622207834
CUW,FP.CPI.TOTL.ZG,2020,
CUW,FP.CPI.TOTL.ZG,2021,
CUW,FP.CPI.TOTL.ZG,2022,
CUW,FP.CPI.TOTL.ZG,2023,
CUW,FP.CPI.TOTL.ZG,2024,
CUW,FP.CPI.TOTL.ZG,2025,
CYP,FP.CPI.TOTL.ZG,1960,0.827300931
CYP,FP.CPI.TOTL.ZG,1961,-0.615384615
CYP,FP.CPI.TOTL.ZG,1962,0.103199174
CYP,FP.CPI.TOTL.ZG,1963,1.958762887
CYP,FP.CPI.TOTL.ZG,1964,-0.303336705
CYP,FP.CPI.TOTL.ZG,1965,0.202839757
CYP,FP.CPI.TOTL.ZG,1966,0.506072874
CYP,FP.CPI.TOTL.ZG,1967,0.704934543
CYP,FP.CPI.TOTL.ZG,1968,3.766666666
CYP,FP.CPI.TOTL.ZG,1969,2.38515901
CYP,FP.CPI.TOTL.ZG,1970,2.40018825
CYP,FP.CPI.TOTL.ZG,1971,4.144006128
CYP,FP.CPI.TOTL.ZG,1972,4.832303619
CYP,FP.CPI.TOTL.ZG,1973,7.808882341
CYP,FP.CPI.TOTL.ZG,1974,16.17666667
CYP,FP.CPI.TOTL.ZG,1975,4.63948584
CYP,FP.CPI.TOTL.ZG,1976,3.854389722
CYP,FP.CPI.TOTL.ZG,1977,7.326460481
CYP,FP.CPI.TOTL.ZG,1978,7.436283299
CYP,FP.CPI.TOTL.ZG,1979,9.463708295
CYP,FP.CPI.TOTL.ZG,1980,13.51756058
CYP,FP.CPI.TOTL.ZG,1981,10.74469361
CYP,FP.CPI.TOTL.ZG,1982,6.432797267
CYP,FP.CPI.TOTL.ZG,1983,5.049714241
CYP,FP.CPI.TOTL.ZG,1984,5.99195111
CYP,FP.CPI.TOTL.ZG,1985,5.034453664
CYP,FP.CPI.TOTL.ZG,1986,1.21836926
CYP,FP.CPI.TOTL.ZG,1987,2.791666667
CYP,FP.CPI.TOTL.ZG,1988,3.429266315
CYP,FP.CPI.TOTL.ZG,1989,3.765480483
CYP,FP.CPI.TOTL.ZG,1990,4.502054629
CYP,FP.CPI.TOTL.ZG,1991,5.035274388
CYP,FP.CPI.TOTL.ZG,1992,6.510219531
CYP,FP.CPI.TOTL.ZG,1993,4.854166667
CYP,FP.CPI.TOTL.ZG,1994,4.698589311
CYP,FP.CPI.TOTL.ZG,1995,2.61581788
CYP,FP.CPI.TOTL.ZG,1996,2.978924865
CYP,FP.CPI.TOTL.ZG,1997,3.605344444
CYP,FP.CPI.TOTL.ZG,1998,2.227707327
CYP,FP.CPI.TOTL.ZG,1999,1.63
CYP,FP.CPI.TOTL.ZG,2000,4.141657647
CYP,FP.CPI.TOTL.ZG,2001,1.973041917
CYP,FP.CPI.TOTL.ZG,2002,2.801155052
CYP,FP.CPI.TOTL.ZG,2003,4.139065387
CYP,FP.CPI.TOTL.ZG,2004,2.286217068
CYP,FP.CPI.TOTL.ZG,2005,2.560161323
CYP,FP.CPI.TOTL.ZG,2006,2.30468733
CYP,FP.CPI.TOTL.ZG,2007,2.372651837
CYP,FP.CPI.TOTL.ZG,2008,4.669008419
CYP,FP.CPI.TOTL.ZG,2009,0.326276652
CYP,FP.CPI.TOTL.ZG,2010,2.430040841
CYP,FP.CPI.TOTL.ZG,2011,3.289449396
CYP,FP.CPI.TOTL.ZG,2012,2.3890541
CYP,FP.CPI.TOTL.ZG,2013,-0.399357676
CYP,FP.CPI.TOTL.ZG,2014,-1.354988854
CYP,FP.CPI.TOTL.ZG,2015,-2.096997691
CYP,FP.CPI.TOTL.ZG,2016,-1.429166667
CYP,FP.CPI.TOTL.ZG,2017,0.531766496
CYP,FP.CPI.TOTL.ZG,2018,1.435491195
CYP,FP.CPI.TOTL.ZG,2019,0.250370997
CYP,FP.CPI.TOTL.ZG,2020,-0.638422798
CYP,FP.CPI.TOTL.ZG,2021,2.446088672
CYP,FP.CPI.TOTL.ZG,2022,8.39548298
CYP,FP.CPI.TOTL.ZG,2023,3.541341888
CYP,FP.CPI.TOTL.ZG,2024,1.800230186
CYP,FP.CPI.TOTL.ZG,2025,0.126528852
CZE,FP.CPI.TOTL.ZG,1960,
CZE,FP.CPI.TOTL.ZG,1961,
CZE,FP.CPI.TOTL.ZG,1962,
CZE,FP.CPI.TOTL.ZG,1963,
CZE,FP.CPI.TOTL.ZG,1964,
CZE,FP.CPI.TOTL.ZG,1965,
CZE,FP.CPI.TOTL.ZG,1966,
CZE,FP.CPI.TOTL.ZG,1967,
CZE,FP.CPI.TOTL.ZG,1968,
CZE,FP.CPI.TOTL.ZG,1969,
CZE,FP.CPI.TOTL.ZG,1970,
CZE,FP.CPI.TOTL.ZG,1971,
CZE,FP.CPI.TOTL.ZG,1972,
CZE,FP.CPI.TOTL.ZG,1973,
CZE,FP.CPI.TOTL.ZG,1974,
CZE,FP.CPI.TOTL.ZG,1975,
CZE,FP.CPI.TOTL.ZG,1976,
CZE,FP.CPI.TOTL.ZG,1977,
CZE,FP.CPI.TOTL.ZG,1978,
CZE,FP.CPI.TOTL.ZG,1979,
CZE,FP.CPI.TOTL.ZG,1980,
CZE,FP.CPI.TOTL.ZG,1981,
CZE,FP.CPI.TOTL.ZG,1982,
CZE,FP.CPI.TOTL.ZG,1983,
CZE,FP.CPI.TOTL.ZG,1984,
CZE,FP.CPI.TOTL.ZG,1985,
CZE,FP.CPI.TOTL.ZG,1986,
CZE,FP.CPI.TOTL.ZG,1987,
CZE,FP.CPI.TOTL.ZG,1988,
CZE,FP.CPI.TOTL.ZG,1989,
CZE,FP.CPI.TOTL.ZG,1990,
CZE,FP.CPI.TOTL.ZG,1991,
CZE,FP.CPI.TOTL.ZG,1992,11.08650007
CZE,FP.CPI.TOTL.ZG,1993,20.81302954
CZE,FP.CPI.TOTL.ZG,1994,10.03942984
CZE,FP.CPI.TOTL.ZG,1995,8.990523615
CZE,FP.CPI.TOTL.ZG,1996,8.758774729
CZE,FP.CPI.TOTL.ZG,1997,8.596156667
CZE,FP.CPI.TOTL.ZG,1998,10.69836553
CZE,FP.CPI.TOTL.ZG,1999,2.135448444
CZE,FP.CPI.TOTL.ZG,2000,3.775388292
CZE,FP.CPI.TOTL.ZG,2001,4.66267557
CZE,FP.CPI.TOTL.ZG,2002,1.90298097
CZE,FP.CPI.TOTL.ZG,2003,0.118739206
CZE,FP.CPI.TOTL.ZG,2004,2.760107817
CZE,FP.CPI.TOTL.ZG,2005,1.857097891
CZE,FP.CPI.TOTL.ZG,2006,2.533992583
CZE,FP.CPI.TOTL.ZG,2007,2.853124372
CZE,FP.CPI.TOTL.ZG,2008,6.358663802
CZE,FP.CPI.TOTL.ZG,2009,1.019377353
CZE,FP.CPI.TOTL.ZG,2010,1.472727273
CZE,FP.CPI.TOTL.ZG,2011,1.917219136
CZE,FP.CPI.TOTL.ZG,2012,3.287623066
CZE,FP.CPI.TOTL.ZG,2013,1.438297872
CZE,FP.CPI.TOTL.ZG,2014,0.34398859
CZE,FP.CPI.TOTL.ZG,2015,0.309364548
CZE,FP.CPI.TOTL.ZG,2016,0.683504209
CZE,FP.CPI.TOTL.ZG,2017,2.450533985
CZE,FP.CPI.TOTL.ZG,2018,2.149494949
CZE,FP.CPI.TOTL.ZG,2019,2.847875959
CZE,FP.CPI.TOTL.ZG,2020,3.161295285
CZE,FP.CPI.TOTL.ZG,2021,3.839844915
CZE,FP.CPI.TOTL.ZG,2022,15.10016515
CZE,FP.CPI.TOTL.ZG,2023,10.66126014
CZE,FP.CPI.TOTL.ZG,2024,2.435312024
CZE,FP.CPI.TOTL.ZG,2025,2.459963678
DNK,FP.CPI.TOTL.ZG,1960,1.255230126
DNK,FP.CPI.TOTL.ZG,1961,3.451628586
DNK,FP.CPI.TOTL.ZG,1962,7.377819548
DNK,FP.CPI.TOTL.ZG,1963,6.105032823
DNK,FP.CPI.TOTL.ZG,1964,3.092783505
DNK,FP.CPI.TOTL.ZG,1965,5.449999999
DNK,FP.CPI.TOTL.ZG,1966,7.064959697
DNK,FP.CPI.TOTL.ZG,1967,8.207853558
DNK,FP.CPI.TOTL.ZG,1968,8.005207104
DNK,FP.CPI.TOTL.ZG,1969,3.487919244
DNK,FP.CPI.TOTL.ZG,1970,6.514841417
DNK,FP.CPI.TOTL.ZG,1971,5.869869591
DNK,FP.CPI.TOTL.ZG,1972,6.562360903
DNK,FP.CPI.TOTL.ZG,1973,9.30338298
DNK,FP.CPI.TOTL.ZG,1974,15.27520622
DNK,FP.CPI.TOTL.ZG,1975,9.605612075
DNK,FP.CPI.TOTL.ZG,1976,9.010290836
DNK,FP.CPI.TOTL.ZG,1977,10.92223781
DNK,FP.CPI.TOTL.ZG,1978,10.21365457
DNK,FP.CPI.TOTL.ZG,1979,9.611050379
DNK,FP.CPI.TOTL.ZG,1980,12.30532408
DNK,FP.CPI.TOTL.ZG,1981,11.76738743
DNK,FP.CPI.TOTL.ZG,1982,10.12082568
DNK,FP.CPI.TOTL.ZG,1983,6.908228812
DNK,FP.CPI.TOTL.ZG,1984,6.29077936
DNK,FP.CPI.TOTL.ZG,1985,4.678751452
DNK,FP.CPI.TOTL.ZG,1986,3.678184119
DNK,FP.CPI.TOTL.ZG,1987,4.019993457
DNK,FP.CPI.TOTL.ZG,1988,4.53513301
DNK,FP.CPI.TOTL.ZG,1989,4.772723424
DNK,FP.CPI.TOTL.ZG,1990,2.641603064
DNK,FP.CPI.TOTL.ZG,1991,2.395153317
DNK,FP.CPI.TOTL.ZG,1992,2.096044429
DNK,FP.CPI.TOTL.ZG,1993,1.25785668
DNK,FP.CPI.TOTL.ZG,1994,1.992014638
DNK,FP.CPI.TOTL.ZG,1995,2.083608424
DNK,FP.CPI.TOTL.ZG,1996,2.126298023
DNK,FP.CPI.TOTL.ZG,1997,2.182166779
DNK,FP.CPI.TOTL.ZG,1998,1.84565122
DNK,FP.CPI.TOTL.ZG,1999,2.497795444
DNK,FP.CPI.TOTL.ZG,2000,2.903282032
DNK,FP.CPI.TOTL.ZG,2001,2.337870003
DNK,FP.CPI.TOTL.ZG,2002,2.424436612
DNK,FP.CPI.TOTL.ZG,2003,2.075078206
DNK,FP.CPI.TOTL.ZG,2004,1.154356931
DNK,FP.CPI.TOTL.ZG,2005,1.817814583
DNK,FP.CPI.TOTL.ZG,2006,1.924221385
DNK,FP.CPI.TOTL.ZG,2007,1.693265862
DNK,FP.CPI.TOTL.ZG,2008,3.416267943
DNK,FP.CPI.TOTL.ZG,2009,1.30470991
DNK,FP.CPI.TOTL.ZG,2010,2.31092437
DNK,FP.CPI.TOTL.ZG,2011,2.758682261
DNK,FP.CPI.TOTL.ZG,2012,2.397914857
DNK,FP.CPI.TOTL.ZG,2013,0.78907178
DNK,FP.CPI.TOTL.ZG,2014,0.56402054
DNK,FP.CPI.TOTL.ZG,2015,0.452034154
DNK,FP.CPI.TOTL.ZG,2016,0.25
DNK,FP.CPI.TOTL.ZG,2017,1.14713217
DNK,FP.CPI.TOTL.ZG,2018,0.813609467
DNK,FP.CPI.TOTL.ZG,2019,0.758131573
DNK,FP.CPI.TOTL.ZG,2020,0.420711974
DNK,FP.CPI.TOTL.ZG,2021,1.85304544
DNK,FP.CPI.TOTL.ZG,2022,7.696566999
DNK,FP.CPI.TOTL.ZG,2023,3.305178112
DNK,FP.CPI.TOTL.ZG,2024,1.372200498
DNK,FP.CPI.TOTL.ZG,2025,1.893673727
DJI,FP.CPI.TOTL.ZG,1960,
DJI,FP.CPI.TOTL.ZG,1961,
DJI,FP.CPI.TOTL.ZG,1962,
DJI,FP.CPI.TOTL.ZG,1963,
DJI,FP.CPI.TOTL.ZG,1964,
DJI,FP.CPI.TOTL.ZG,1965,
DJI,FP.CPI.TOTL.ZG,1966,
DJI,FP.CPI.TOTL.ZG,1967,
DJI,FP.CPI.TOTL.ZG,1968,
DJI,FP.CPI.TOTL.ZG,1969,
DJI,FP.CPI.TOTL.ZG,1970,
DJI,FP.CPI.TOTL.ZG,1971,
DJI,FP.CPI.TOTL.ZG,1972,
DJI,FP.CPI.TOTL.ZG,1973,
DJI,FP.CPI.TOTL.ZG,1974,
DJI,FP.CPI.TOTL.ZG,1975,
DJI,FP.CPI.TOTL.ZG,1976,
DJI,FP.CPI.TOTL.ZG,1977,
DJI,FP.CPI.TOTL.ZG,1978,
DJI,FP.CPI.TOTL.ZG,1979,
DJI,FP.CPI.TOTL.ZG,1980,12.05802357
DJI,FP.CPI.TOTL.ZG,1981,5.717367854
DJI,FP.CPI.TOTL.ZG,1982,-2.410714286
DJI,FP.CPI.TOTL.ZG,1983,0.901842896
DJI,FP.CPI.TOTL.ZG,1984,1.884715026
DJI,FP.CPI.TOTL.ZG,1985,2.128902988
DJI,FP.CPI.TOTL.ZG,1986,18.14763345
DJI,FP.CPI.TOTL.ZG,1987,4.089116446
DJI,FP.CPI.TOTL.ZG,1988,
DJI,FP.CPI.TOTL.ZG,1989,
DJI,FP.CPI.TOTL.ZG,1990,
DJI,FP.CPI.TOTL.ZG,1991,
DJI,FP.CPI.TOTL.ZG,1992,
DJI,FP.CPI.TOTL.ZG,1993,
DJI,FP.CPI.TOTL.ZG,1994,
DJI,FP.CPI.TOTL.ZG,1995,
DJI,FP.CPI.TOTL.ZG,1996,
DJI,FP.CPI.TOTL.ZG,1997,
DJI,FP.CPI.TOTL.ZG,1998,
DJI,FP.CPI.TOTL.ZG,1999,
DJI,FP.CPI.TOTL.ZG,2000,
DJI,FP.CPI.TOTL.ZG,2001,1.74665225
DJI,FP.CPI.TOTL.ZG,2002,0.637619554
DJI,FP.CPI.TOTL.ZG,2003,1.981967346
DJI,FP.CPI.TOTL.ZG,2004,3.122262047
DJI,FP.CPI.TOTL.ZG,2005,3.104966401
DJI,FP.CPI.TOTL.ZG,2006,3.483406997
DJI,FP.CPI.TOTL.ZG,2007,4.965976546
DJI,FP.CPI.TOTL.ZG,2008,11.95862069
DJI,FP.CPI.TOTL.ZG,2009,1.675495873
DJI,FP.CPI.TOTL.ZG,2010,3.950078759
DJI,FP.CPI.TOTL.ZG,2011,5.068713948
DJI,FP.CPI.TOTL.ZG,2012,3.731209508
DJI,FP.CPI.TOTL.ZG,2013,2.706032429
DJI,FP.CPI.TOTL.ZG,2014,1.341864943
DJI,FP.CPI.TOTL.ZG,2015,-0.522166521
DJI,FP.CPI.TOTL.ZG,2016,2.402529054
DJI,FP.CPI.TOTL.ZG,2017,0.577285725
DJI,FP.CPI.TOTL.ZG,2018,0.1388364
DJI,FP.CPI.TOTL.ZG,2019,3.317632033
DJI,FP.CPI.TOTL.ZG,2020,1.779005356
DJI,FP.CPI.TOTL.ZG,2021,1.180867839
DJI,FP.CPI.TOTL.ZG,2022,5.172220886
DJI,FP.CPI.TOTL.ZG,2023,1.44905087
DJI,FP.CPI.TOTL.ZG,2024,2.112011673
DJI,FP.CPI.TOTL.ZG,2025,-0.3137318
DMA,FP.CPI.TOTL.ZG,1960,
DMA,FP.CPI.TOTL.ZG,1961,
DMA,FP.CPI.TOTL.ZG,1962,
DMA,FP.CPI.TOTL.ZG,1963,
DMA,FP.CPI.TOTL.ZG,1964,
DMA,FP.CPI.TOTL.ZG,1965,
DMA,FP.CPI.TOTL.ZG,1966,
DMA,FP.CPI.TOTL.ZG,1967,0.952456544
DMA,FP.CPI.TOTL.ZG,1968,5.369919019
DMA,FP.CPI.TOTL.ZG,1969,4.215788689
DMA,FP.CPI.TOTL.ZG,1970,12.39349896
DMA,FP.CPI.TOTL.ZG,1971,3.637406039
DMA,FP.CPI.TOTL.ZG,1972,3.687995575
DMA,FP.CPI.TOTL.ZG,1973,12.09911672
DMA,FP.CPI.TOTL.ZG,1974,34.37607425
DMA,FP.CPI.TOTL.ZG,1975,19.90278844
DMA,FP.CPI.TOTL.ZG,1976,10.90249627
DMA,FP.CPI.TOTL.ZG,1977,9.503655252
DMA,FP.CPI.TOTL.ZG,1978,7.712579058
DMA,FP.CPI.TOTL.ZG,1979,
DMA,FP.CPI.TOTL.ZG,1980,
DMA,FP.CPI.TOTL.ZG,1981,13.26668749
DMA,FP.CPI.TOTL.ZG,1982,4.394594098
DMA,FP.CPI.TOTL.ZG,1983,4.147952444
DMA,FP.CPI.TOTL.ZG,1984,2.21799425
DMA,FP.CPI.TOTL.ZG,1985,3.739979981
DMA,FP.CPI.TOTL.ZG,1986,2.774233677
DMA,FP.CPI.TOTL.ZG,1987,4.024580433
DMA,FP.CPI.TOTL.ZG,1988,2.924591631
DMA,FP.CPI.TOTL.ZG,1989,6.218521498
DMA,FP.CPI.TOTL.ZG,1990,3.190923232
DMA,FP.CPI.TOTL.ZG,1991,5.557061534
DMA,FP.CPI.TOTL.ZG,1992,5.471825593
DMA,FP.CPI.TOTL.ZG,1993,1.569026042
DMA,FP.CPI.TOTL.ZG,1994,0.015136735
DMA,FP.CPI.TOTL.ZG,1995,1.317537458
DMA,FP.CPI.TOTL.ZG,1996,1.677164505
DMA,FP.CPI.TOTL.ZG,1997,2.436297155
DMA,FP.CPI.TOTL.ZG,1998,0.999147458
DMA,FP.CPI.TOTL.ZG,1999,1.179477874
DMA,FP.CPI.TOTL.ZG,2000,0.856946805
DMA,FP.CPI.TOTL.ZG,2001,1.303894035
DMA,FP.CPI.TOTL.ZG,2002,0.17005533
DMA,FP.CPI.TOTL.ZG,2003,1.453368004
DMA,FP.CPI.TOTL.ZG,2004,2.394109821
DMA,FP.CPI.TOTL.ZG,2005,1.681900799
DMA,FP.CPI.TOTL.ZG,2006,2.202391326
DMA,FP.CPI.TOTL.ZG,2007,3.632221293
DMA,FP.CPI.TOTL.ZG,2008,6.359921833
DMA,FP.CPI.TOTL.ZG,2009,0.006263571
DMA,FP.CPI.TOTL.ZG,2010,2.999366305
DMA,FP.CPI.TOTL.ZG,2011,1.131231365
DMA,FP.CPI.TOTL.ZG,2012,1.356771478
DMA,FP.CPI.TOTL.ZG,2013,-0.046411647
DMA,FP.CPI.TOTL.ZG,2014,0.799250373
DMA,FP.CPI.TOTL.ZG,2015,-0.843826985
DMA,FP.CPI.TOTL.ZG,2016,0.141816226
DMA,FP.CPI.TOTL.ZG,2017,0.296252889
DMA,FP.CPI.TOTL.ZG,2018,0.989191119
DMA,FP.CPI.TOTL.ZG,2019,1.504623539
DMA,FP.CPI.TOTL.ZG,2020,1.220264422
DMA,FP.CPI.TOTL.ZG,2021,2.228913307
DMA,FP.CPI.TOTL.ZG,2022,2.884902268
DMA,FP.CPI.TOTL.ZG,2023,5.086774832
DMA,FP.CPI.TOTL.ZG,2024,2.736207519
DMA,FP.CPI.TOTL.ZG,2025,2.533851261
DOM,FP.CPI.TOTL.ZG,1960,-3.5621918
DOM,FP.CPI.TOTL.ZG,1961,-3.900000001
DOM,FP.CPI.TOTL.ZG,1962,9.157127992
DOM,FP.CPI.TOTL.ZG,1963,8.579599619
DOM,FP.CPI.TOTL.ZG,1964,2.107111501
DOM,FP.CPI.TOTL.ZG,1965,-1.891659501
DOM,FP.CPI.TOTL.ZG,1966,0.262927257
DOM,FP.CPI.TOTL.ZG,1967,1.238344989
DOM,FP.CPI.TOTL.ZG,1968,0.035976399
DOM,FP.CPI.TOTL.ZG,1969,0.956628066
DOM,FP.CPI.TOTL.ZG,1970,3.816666666
DOM,FP.CPI.TOTL.ZG,1971,3.580028897
DOM,FP.CPI.TOTL.ZG,1972,8.640731556
DOM,FP.CPI.TOTL.ZG,1973,15.07953492
DOM,FP.CPI.TOTL.ZG,1974,13.14076737
DOM,FP.CPI.TOTL.ZG,1975,14.50172574
DOM,FP.CPI.TOTL.ZG,1976,7.765550239
DOM,FP.CPI.TOTL.ZG,1977,12.85352751
DOM,FP.CPI.TOTL.ZG,1978,3.477850342
DOM,FP.CPI.TOTL.ZG,1979,9.173805134
DOM,FP.CPI.TOTL.ZG,1980,16.75313569
DOM,FP.CPI.TOTL.ZG,1981,7.514638907
DOM,FP.CPI.TOTL.ZG,1982,7.646243066
DOM,FP.CPI.TOTL.ZG,1983,5.628623294
DOM,FP.CPI.TOTL.ZG,1984,20.15167811
DOM,FP.CPI.TOTL.ZG,1985,45.33617555
DOM,FP.CPI.TOTL.ZG,1986,7.638972666
DOM,FP.CPI.TOTL.ZG,1987,13.55072378
DOM,FP.CPI.TOTL.ZG,1988,43.86383235
DOM,FP.CPI.TOTL.ZG,1989,40.65791612
DOM,FP.CPI.TOTL.ZG,1990,50.46247924
DOM,FP.CPI.TOTL.ZG,1991,47.07915741
DOM,FP.CPI.TOTL.ZG,1992,4.259026389
DOM,FP.CPI.TOTL.ZG,1993,5.250338807
DOM,FP.CPI.TOTL.ZG,1994,8.260767986
DOM,FP.CPI.TOTL.ZG,1995,12.53595946
DOM,FP.CPI.TOTL.ZG,1996,5.39929385
DOM,FP.CPI.TOTL.ZG,1997,8.296567548
DOM,FP.CPI.TOTL.ZG,1998,4.831665586
DOM,FP.CPI.TOTL.ZG,1999,6.470541868
DOM,FP.CPI.TOTL.ZG,2000,7.724135662
DOM,FP.CPI.TOTL.ZG,2001,8.883068488
DOM,FP.CPI.TOTL.ZG,2002,5.223367698
DOM,FP.CPI.TOTL.ZG,2003,27.44971274
DOM,FP.CPI.TOTL.ZG,2004,51.46085983
DOM,FP.CPI.TOTL.ZG,2005,4.190202605
DOM,FP.CPI.TOTL.ZG,2006,7.572805239
DOM,FP.CPI.TOTL.ZG,2007,6.143566552
DOM,FP.CPI.TOTL.ZG,2008,10.6446211
DOM,FP.CPI.TOTL.ZG,2009,1.442151318
DOM,FP.CPI.TOTL.ZG,2010,6.329932201
DOM,FP.CPI.TOTL.ZG,2011,5.796768092
DOM,FP.CPI.TOTL.ZG,2012,3.694497079
DOM,FP.CPI.TOTL.ZG,2013,4.830950967
DOM,FP.CPI.TOTL.ZG,2014,2.998642261
DOM,FP.CPI.TOTL.ZG,2015,0.836746347
DOM,FP.CPI.TOTL.ZG,2016,1.614166072
DOM,FP.CPI.TOTL.ZG,2017,3.279556947
DOM,FP.CPI.TOTL.ZG,2018,3.56443426
DOM,FP.CPI.TOTL.ZG,2019,1.81060377
DOM,FP.CPI.TOTL.ZG,2020,3.781031799
DOM,FP.CPI.TOTL.ZG,2021,8.24300348
DOM,FP.CPI.TOTL.ZG,2022,8.811092093
DOM,FP.CPI.TOTL.ZG,2023,4.78561281
DOM,FP.CPI.TOTL.ZG,2024,3.30223339
DOM,FP.CPI.TOTL.ZG,2025,3.87311768
ECU,FP.CPI.TOTL.ZG,1960,1.676599126
ECU,FP.CPI.TOTL.ZG,1961,3.985620506
ECU,FP.CPI.TOTL.ZG,1962,2.870885315
ECU,FP.CPI.TOTL.ZG,1963,5.939509059
ECU,FP.CPI.TOTL.ZG,1964,4.034204538
ECU,FP.CPI.TOTL.ZG,1965,3.069070662
ECU,FP.CPI.TOTL.ZG,1966,5.453726928
ECU,FP.CPI.TOTL.ZG,1967,3.818138157
ECU,FP.CPI.TOTL.ZG,1968,4.31765613
ECU,FP.CPI.TOTL.ZG,1969,6.326681449
ECU,FP.CPI.TOTL.ZG,1970,5.17127612
ECU,FP.CPI.TOTL.ZG,1971,9.52167078
ECU,FP.CPI.TOTL.ZG,1972,7.5251179
ECU,FP.CPI.TOTL.ZG,1973,12.12814646
ECU,FP.CPI.TOTL.ZG,1974,22.70408162
ECU,FP.CPI.TOTL.ZG,1975,14.28967429
ECU,FP.CPI.TOTL.ZG,1976,10.17463012
ECU,FP.CPI.TOTL.ZG,1977,12.94441387
ECU,FP.CPI.TOTL.ZG,1978,13.09813858
ECU,FP.CPI.TOTL.ZG,1979,10.11719087
ECU,FP.CPI.TOTL.ZG,1980,11.90928938
ECU,FP.CPI.TOTL.ZG,1981,14.04796867
ECU,FP.CPI.TOTL.ZG,1982,16.28448805
ECU,FP.CPI.TOTL.ZG,1983,48.41822208
ECU,FP.CPI.TOTL.ZG,1984,31.21958151
ECU,FP.CPI.TOTL.ZG,1985,27.99361074
ECU,FP.CPI.TOTL.ZG,1986,23.03022611
ECU,FP.CPI.TOTL.ZG,1987,29.50399725
ECU,FP.CPI.TOTL.ZG,1988,58.21628654
ECU,FP.CPI.TOTL.ZG,1989,75.6481901
ECU,FP.CPI.TOTL.ZG,1990,48.519113
ECU,FP.CPI.TOTL.ZG,1991,48.71808068
ECU,FP.CPI.TOTL.ZG,1992,54.60782151
ECU,FP.CPI.TOTL.ZG,1993,44.95505376
ECU,FP.CPI.TOTL.ZG,1994,27.31088179
ECU,FP.CPI.TOTL.ZG,1995,22.93413441
ECU,FP.CPI.TOTL.ZG,1996,24.41145922
ECU,FP.CPI.TOTL.ZG,1997,30.65756757
ECU,FP.CPI.TOTL.ZG,1998,36.09843316
ECU,FP.CPI.TOTL.ZG,1999,52.24200519
ECU,FP.CPI.TOTL.ZG,2000,96.09637569
ECU,FP.CPI.TOTL.ZG,2001,37.67674545
ECU,FP.CPI.TOTL.ZG,2002,12.48359801
ECU,FP.CPI.TOTL.ZG,2003,7.929364875
ECU,FP.CPI.TOTL.ZG,2004,2.743231989
ECU,FP.CPI.TOTL.ZG,2005,2.168277012
ECU,FP.CPI.TOTL.ZG,2006,3.298748463
ECU,FP.CPI.TOTL.ZG,2007,2.27618478
ECU,FP.CPI.TOTL.ZG,2008,8.40009594
ECU,FP.CPI.TOTL.ZG,2009,5.159968292
ECU,FP.CPI.TOTL.ZG,2010,3.554377346
ECU,FP.CPI.TOTL.ZG,2011,4.474532658
ECU,FP.CPI.TOTL.ZG,2012,5.10172181
ECU,FP.CPI.TOTL.ZG,2013,2.721775777
ECU,FP.CPI.TOTL.ZG,2014,3.589220166
ECU,FP.CPI.TOTL.ZG,2015,3.966646233
ECU,FP.CPI.TOTL.ZG,2016,1.728264633
ECU,FP.CPI.TOTL.ZG,2017,0.417335589
ECU,FP.CPI.TOTL.ZG,2018,-0.224103246
ECU,FP.CPI.TOTL.ZG,2019,0.266012515
ECU,FP.CPI.TOTL.ZG,2020,-0.338872393
ECU,FP.CPI.TOTL.ZG,2021,0.133251386
ECU,FP.CPI.TOTL.ZG,2022,3.466169722
ECU,FP.CPI.TOTL.ZG,2023,2.215687642
ECU,FP.CPI.TOTL.ZG,2024,1.547325156
ECU,FP.CPI.TOTL.ZG,2025,0.710469325
EGY,FP.CPI.TOTL.ZG,1960,0.332829047
EGY,FP.CPI.TOTL.ZG,1961,0.693606755
EGY,FP.CPI.TOTL.ZG,1962,-3.003076588
EGY,FP.CPI.TOTL.ZG,1963,0.746645708
EGY,FP.CPI.TOTL.ZG,1964,3.660982949
EGY,FP.CPI.TOTL.ZG,1965,14.83900446
EGY,FP.CPI.TOTL.ZG,1966,9.036440658
EGY,FP.CPI.TOTL.ZG,1967,0.701897484
EGY,FP.CPI.TOTL.ZG,1968,-1.675759425
EGY,FP.CPI.TOTL.ZG,1969,3.409820282
EGY,FP.CPI.TOTL.ZG,1970,3.762898596
EGY,FP.CPI.TOTL.ZG,1971,3.140421714
EGY,FP.CPI.TOTL.ZG,1972,2.102363346
EGY,FP.CPI.TOTL.ZG,1973,5.112184039
EGY,FP.CPI.TOTL.ZG,1974,10.02431775
EGY,FP.CPI.TOTL.ZG,1975,9.669695482
EGY,FP.CPI.TOTL.ZG,1976,10.31741589
EGY,FP.CPI.TOTL.ZG,1977,12.73216279
EGY,FP.CPI.TOTL.ZG,1978,11.07810038
EGY,FP.CPI.TOTL.ZG,1979,9.904360512
EGY,FP.CPI.TOTL.ZG,1980,20.81922493
EGY,FP.CPI.TOTL.ZG,1981,10.31728422
EGY,FP.CPI.TOTL.ZG,1982,14.82300885
EGY,FP.CPI.TOTL.ZG,1983,16.07987388
EGY,FP.CPI.TOTL.ZG,1984,17.03636638
EGY,FP.CPI.TOTL.ZG,1985,12.10675606
EGY,FP.CPI.TOTL.ZG,1986,23.86428982
EGY,FP.CPI.TOTL.ZG,1987,19.69359331
EGY,FP.CPI.TOTL.ZG,1988,17.66348615
EGY,FP.CPI.TOTL.ZG,1989,21.26186709
EGY,FP.CPI.TOTL.ZG,1990,16.75637471
EGY,FP.CPI.TOTL.ZG,1991,19.74854482
EGY,FP.CPI.TOTL.ZG,1992,13.63742417
EGY,FP.CPI.TOTL.ZG,1993,12.08979229
EGY,FP.CPI.TOTL.ZG,1994,8.154231286
EGY,FP.CPI.TOTL.ZG,1995,15.7422305
EGY,FP.CPI.TOTL.ZG,1996,7.187103697
EGY,FP.CPI.TOTL.ZG,1997,4.625605788
EGY,FP.CPI.TOTL.ZG,1998,3.872575464
EGY,FP.CPI.TOTL.ZG,1999,3.079499126
EGY,FP.CPI.TOTL.ZG,2000,2.683805353
EGY,FP.CPI.TOTL.ZG,2001,2.269757205
EGY,FP.CPI.TOTL.ZG,2002,2.73723855
EGY,FP.CPI.TOTL.ZG,2003,4.507776363
EGY,FP.CPI.TOTL.ZG,2004,11.27061933
EGY,FP.CPI.TOTL.ZG,2005,4.869396969
EGY,FP.CPI.TOTL.ZG,2006,7.644526445
EGY,FP.CPI.TOTL.ZG,2007,9.318969058
EGY,FP.CPI.TOTL.ZG,2008,18.31683168
EGY,FP.CPI.TOTL.ZG,2009,11.76349544
EGY,FP.CPI.TOTL.ZG,2010,11.26518827
EGY,FP.CPI.TOTL.ZG,2011,10.06492599
EGY,FP.CPI.TOTL.ZG,2012,7.111729433
EGY,FP.CPI.TOTL.ZG,2013,9.469719811
EGY,FP.CPI.TOTL.ZG,2014,10.07021547
EGY,FP.CPI.TOTL.ZG,2015,10.37049034
EGY,FP.CPI.TOTL.ZG,2016,13.81360621
EGY,FP.CPI.TOTL.ZG,2017,29.50660839
EGY,FP.CPI.TOTL.ZG,2018,14.40146578
EGY,FP.CPI.TOTL.ZG,2019,9.152799593
EGY,FP.CPI.TOTL.ZG,2020,5.04493289
EGY,FP.CPI.TOTL.ZG,2021,5.214049405
EGY,FP.CPI.TOTL.ZG,2022,13.89566098
EGY,FP.CPI.TOTL.ZG,2023,33.88477631
EGY,FP.CPI.TOTL.ZG,2024,28.27058993
EGY,FP.CPI.TOTL.ZG,2025,14.07351366
SLV,FP.CPI.TOTL.ZG,1960,-0.038974199
SLV,FP.CPI.TOTL.ZG,1961,-2.682470368
SLV,FP.CPI.TOTL.ZG,1962,0.096153846
SLV,FP.CPI.TOTL.ZG,1963,1.569004163
SLV,FP.CPI.TOTL.ZG,1964,1.757566204
SLV,FP.CPI.TOTL.ZG,1965,0.456974673
SLV,FP.CPI.TOTL.ZG,1966,-1.187355436
SLV,FP.CPI.TOTL.ZG,1967,1.466916355
SLV,FP.CPI.TOTL.ZG,1968,2.537680713
SLV,FP.CPI.TOTL.ZG,1969,-0.19499025
SLV,FP.CPI.TOTL.ZG,1970,2.817853922
SLV,FP.CPI.TOTL.ZG,1971,0.445808668
SLV,FP.CPI.TOTL.ZG,1972,1.535215367
SLV,FP.CPI.TOTL.ZG,1973,6.391974203
SLV,FP.CPI.TOTL.ZG,1974,16.89903684
SLV,FP.CPI.TOTL.ZG,1975,19.08849965
SLV,FP.CPI.TOTL.ZG,1976,7.034689632
SLV,FP.CPI.TOTL.ZG,1977,11.82027754
SLV,FP.CPI.TOTL.ZG,1978,13.27512329
SLV,FP.CPI.TOTL.ZG,1979,14.05602474
SLV,FP.CPI.TOTL.ZG,1980,17.36696826
SLV,FP.CPI.TOTL.ZG,1981,14.79715163
SLV,FP.CPI.TOTL.ZG,1982,11.72888687
SLV,FP.CPI.TOTL.ZG,1983,13.31431773
SLV,FP.CPI.TOTL.ZG,1984,11.50716951
SLV,FP.CPI.TOTL.ZG,1985,22.32837506
SLV,FP.CPI.TOTL.ZG,1986,31.93501615
SLV,FP.CPI.TOTL.ZG,1987,24.86450034
SLV,FP.CPI.TOTL.ZG,1988,19.76116179
SLV,FP.CPI.TOTL.ZG,1989,17.63407994
SLV,FP.CPI.TOTL.ZG,1990,23.99916511
SLV,FP.CPI.TOTL.ZG,1991,14.40267488
SLV,FP.CPI.TOTL.ZG,1992,11.21448138
SLV,FP.CPI.TOTL.ZG,1993,18.50668833
SLV,FP.CPI.TOTL.ZG,1994,10.58580665
SLV,FP.CPI.TOTL.ZG,1995,10.02965645
SLV,FP.CPI.TOTL.ZG,1996,9.788920402
SLV,FP.CPI.TOTL.ZG,1997,4.490136279
SLV,FP.CPI.TOTL.ZG,1998,2.547059776
SLV,FP.CPI.TOTL.ZG,1999,0.51482713
SLV,FP.CPI.TOTL.ZG,2000,2.271287568
SLV,FP.CPI.TOTL.ZG,2001,3.750820575
SLV,FP.CPI.TOTL.ZG,2002,1.865525036
SLV,FP.CPI.TOTL.ZG,2003,2.120390917
SLV,FP.CPI.TOTL.ZG,2004,4.451943924
SLV,FP.CPI.TOTL.ZG,2005,4.690948709
SLV,FP.CPI.TOTL.ZG,2006,4.037123594
SLV,FP.CPI.TOTL.ZG,2007,4.578085724
SLV,FP.CPI.TOTL.ZG,2008,6.707922935
SLV,FP.CPI.TOTL.ZG,2009,1.055950297
SLV,FP.CPI.TOTL.ZG,2010,1.179335769
SLV,FP.CPI.TOTL.ZG,2011,5.128923767
SLV,FP.CPI.TOTL.ZG,2012,1.729734816
SLV,FP.CPI.TOTL.ZG,2013,0.757669185
SLV,FP.CPI.TOTL.ZG,2014,1.141344675
SLV,FP.CPI.TOTL.ZG,2015,-0.731384487
SLV,FP.CPI.TOTL.ZG,2016,0.604049087
SLV,FP.CPI.TOTL.ZG,2017,1.012354033
SLV,FP.CPI.TOTL.ZG,2018,1.090330006
SLV,FP.CPI.TOTL.ZG,2019,0.075324135
SLV,FP.CPI.TOTL.ZG,2020,-0.371590212
SLV,FP.CPI.TOTL.ZG,2021,3.466925853
SLV,FP.CPI.TOTL.ZG,2022,7.198616156
SLV,FP.CPI.TOTL.ZG,2023,4.045546942
SLV,FP.CPI.TOTL.ZG,2024,0.853782293
SLV,FP.CPI.TOTL.ZG,2025,0.257570528
GNQ,FP.CPI.TOTL.ZG,1960,
GNQ,FP.CPI.TOTL.ZG,1961,
GNQ,FP.CPI.TOTL.ZG,1962,
GNQ,FP.CPI.TOTL.ZG,1963,
GNQ,FP.CPI.TOTL.ZG,1964,
GNQ,FP.CPI.TOTL.ZG,1965,
GNQ,FP.CPI.TOTL.ZG,1966,
GNQ,FP.CPI.TOTL.ZG,1967,
GNQ,FP.CPI.TOTL.ZG,1968,
GNQ,FP.CPI.TOTL.ZG,1969,
GNQ,FP.CPI.TOTL.ZG,1970,
GNQ,FP.CPI.TOTL.ZG,1971,
GNQ,FP.CPI.TOTL.ZG,1972,
GNQ,FP.CPI.TOTL.ZG,1973,
GNQ,FP.CPI.TOTL.ZG,1974,
GNQ,FP.CPI.TOTL.ZG,1975,
GNQ,FP.CPI.TOTL.ZG,1976,
GNQ,FP.CPI.TOTL.ZG,1977,
GNQ,FP.CPI.TOTL.ZG,1978,
GNQ,FP.CPI.TOTL.ZG,1979,
GNQ,FP.CPI.TOTL.ZG,1980,
GNQ,FP.CPI.TOTL.ZG,1981,
GNQ,FP.CPI.TOTL.ZG,1982,
GNQ,FP.CPI.TOTL.ZG,1983,
GNQ,FP.CPI.TOTL.ZG,1984,
GNQ,FP.CPI.TOTL.ZG,1985,
GNQ,FP.CPI.TOTL.ZG,1986,-17.64042409
GNQ,FP.CPI.TOTL.ZG,1987,-13.17447275
GNQ,FP.CPI.TOTL.ZG,1988,2.523659306
GNQ,FP.CPI.TOTL.ZG,1989,6.166153846
GNQ,FP.CPI.TOTL.ZG,1990,0.857871551
GNQ,FP.CPI.TOTL.ZG,1991,-3.425287356
GNQ,FP.CPI.TOTL.ZG,1992,-4.278743156
GNQ,FP.CPI.TOTL.ZG,1993,5.452284737
GNQ,FP.CPI.TOTL.ZG,1994,31.84101684
GNQ,FP.CPI.TOTL.ZG,1995,19.87243495
GNQ,FP.CPI.TOTL.ZG,1996,4.540727715
GNQ,FP.CPI.TOTL.ZG,1997,3.016505407
GNQ,FP.CPI.TOTL.ZG,1998,7.935710698
GNQ,FP.CPI.TOTL.ZG,1999,0.37226617
GNQ,FP.CPI.TOTL.ZG,2000,4.802288869
GNQ,FP.CPI.TOTL.ZG,2001,8.825389259
GNQ,FP.CPI.TOTL.ZG,2002,7.592478498
GNQ,FP.CPI.TOTL.ZG,2003,7.323543994
GNQ,FP.CPI.TOTL.ZG,2004,4.219687871
GNQ,FP.CPI.TOTL.ZG,2005,5.631633514
GNQ,FP.CPI.TOTL.ZG,2006,4.415899842
GNQ,FP.CPI.TOTL.ZG,2007,2.803738318
GNQ,FP.CPI.TOTL.ZG,2008,6.551766912
GNQ,FP.CPI.TOTL.ZG,2009,4.691065677
GNQ,FP.CPI.TOTL.ZG,2010,7.78916548
GNQ,FP.CPI.TOTL.ZG,2011,4.805389222
GNQ,FP.CPI.TOTL.ZG,2012,3.656620483
GNQ,FP.CPI.TOTL.ZG,2013,2.948876946
GNQ,FP.CPI.TOTL.ZG,2014,4.309998661
GNQ,FP.CPI.TOTL.ZG,2015,1.676630853
GNQ,FP.CPI.TOTL.ZG,2016,1.411939155
GNQ,FP.CPI.TOTL.ZG,2017,0.744354747
GNQ,FP.CPI.TOTL.ZG,2018,1.060074107
GNQ,FP.CPI.TOTL.ZG,2019,1.53027529
GNQ,FP.CPI.TOTL.ZG,2020,4.766695239
GNQ,FP.CPI.TOTL.ZG,2021,-0.097100766
GNQ,FP.CPI.TOTL.ZG,2022,4.786717047
GNQ,FP.CPI.TOTL.ZG,2023,2.85949506
GNQ,FP.CPI.TOTL.ZG,2024,2.921402273
GNQ,FP.CPI.TOTL.ZG,2025,
ERI,FP.CPI.TOTL.ZG,1960,
ERI,FP.CPI.TOTL.ZG,1961,
ERI,FP.CPI.TOTL.ZG,1962,
ERI,FP.CPI.TOTL.ZG,1963,
ERI,FP.CPI.TOTL.ZG,1964,
ERI,FP.CPI.TOTL.ZG,1965,
ERI,FP.CPI.TOTL.ZG,1966,
ERI,FP.CPI.TOTL.ZG,1967,
ERI,FP.CPI.TOTL.ZG,1968,
ERI,FP.CPI.TOTL.ZG,1969,
ERI,FP.CPI.TOTL.ZG,1970,
ERI,FP.CPI.TOTL.ZG,1971,
ERI,FP.CPI.TOTL.ZG,1972,
ERI,FP.CPI.TOTL.ZG,1973,
ERI,FP.CPI.TOTL.ZG,1974,
ERI,FP.CPI.TOTL.ZG,1975,
ERI,FP.CPI.TOTL.ZG,1976,
ERI,FP.CPI.TOTL.ZG,1977,
ERI,FP.CPI.TOTL.ZG,1978,
ERI,FP.CPI.TOTL.ZG,1979,
ERI,FP.CPI.TOTL.ZG,1980,
ERI,FP.CPI.TOTL.ZG,1981,
ERI,FP.CPI.TOTL.ZG,1982,
ERI,FP.CPI.TOTL.ZG,1983,
ERI,FP.CPI.TOTL.ZG,1984,
ERI,FP.CPI.TOTL.ZG,1985,
ERI,FP.CPI.TOTL.ZG,1986,
ERI,FP.CPI.TOTL.ZG,1987,
ERI,FP.CPI.TOTL.ZG,1988,
ERI,FP.CPI.TOTL.ZG,1989,
ERI,FP.CPI.TOTL.ZG,1990,
ERI,FP.CPI.TOTL.ZG,1991,
ERI,FP.CPI.TOTL.ZG,1992,
ERI,FP.CPI.TOTL.ZG,1993,
ERI,FP.CPI.TOTL.ZG,1994,
ERI,FP.CPI.TOTL.ZG,1995,
ERI,FP.CPI.TOTL.ZG,1996,
ERI,FP.CPI.TOTL.ZG,1997,
ERI,FP.CPI.TOTL.ZG,1998,
ERI,FP.CPI.TOTL.ZG,1999,
ERI,FP.CPI.TOTL.ZG,2000,
ERI,FP.CPI.TOTL.ZG,2001,
ERI,FP.CPI.TOTL.ZG,2002,
ERI,FP.CPI.TOTL.ZG,2003,
ERI,FP.CPI.TOTL.ZG,2004,
ERI,FP.CPI.TOTL.ZG,2005,
ERI,FP.CPI.TOTL.ZG,2006,
ERI,FP.CPI.TOTL.ZG,2007,
ERI,FP.CPI.TOTL.ZG,2008,
ERI,FP.CPI.TOTL.ZG,2009,
ERI,FP.CPI.TOTL.ZG,2010,
ERI,FP.CPI.TOTL.ZG,2011,
ERI,FP.CPI.TOTL.ZG,2012,
ERI,FP.CPI.TOTL.ZG,2013,
ERI,FP.CPI.TOTL.ZG,2014,
ERI,FP.CPI.TOTL.ZG,2015,
ERI,FP.CPI.TOTL.ZG,2016,
ERI,FP.CPI.TOTL.ZG,2017,
ERI,FP.CPI.TOTL.ZG,2018,
ERI,FP.CPI.TOTL.ZG,2019,
ERI,FP.CPI.TOTL.ZG,2020,
ERI,FP.CPI.TOTL.ZG,2021,
ERI,FP.CPI.TOTL.ZG,2022,
ERI,FP.CPI.TOTL.ZG,2023,
ERI,FP.CPI.TOTL.ZG,2024,
ERI,FP.CPI.TOTL.ZG,2025,
EST,FP.CPI.TOTL.ZG,1960,
EST,FP.CPI.TOTL.ZG,1961,
EST,FP.CPI.TOTL.ZG,1962,
EST,FP.CPI.TOTL.ZG,1963,
EST,FP.CPI.TOTL.ZG,1964,
EST,FP.CPI.TOTL.ZG,1965,
EST,FP.CPI.TOTL.ZG,1966,
EST,FP.CPI.TOTL.ZG,1967,
EST,FP.CPI.TOTL.ZG,1968,
EST,FP.CPI.TOTL.ZG,1969,
EST,FP.CPI.TOTL.ZG,1970,
EST,FP.CPI.TOTL.ZG,1971,
EST,FP.CPI.TOTL.ZG,1972,
EST,FP.CPI.TOTL.ZG,1973,
EST,FP.CPI.TOTL.ZG,1974,
EST,FP.CPI.TOTL.ZG,1975,
EST,FP.CPI.TOTL.ZG,1976,
EST,FP.CPI.TOTL.ZG,1977,
EST,FP.CPI.TOTL.ZG,1978,
EST,FP.CPI.TOTL.ZG,1979,
EST,FP.CPI.TOTL.ZG,1980,
EST,FP.CPI.TOTL.ZG,1981,
EST,FP.CPI.TOTL.ZG,1982,
EST,FP.CPI.TOTL.ZG,1983,
EST,FP.CPI.TOTL.ZG,1984,
EST,FP.CPI.TOTL.ZG,1985,
EST,FP.CPI.TOTL.ZG,1986,
EST,FP.CPI.TOTL.ZG,1987,
EST,FP.CPI.TOTL.ZG,1988,
EST,FP.CPI.TOTL.ZG,1989,
EST,FP.CPI.TOTL.ZG,1990,
EST,FP.CPI.TOTL.ZG,1991,
EST,FP.CPI.TOTL.ZG,1992,
EST,FP.CPI.TOTL.ZG,1993,89.81194903
EST,FP.CPI.TOTL.ZG,1994,47.65469062
EST,FP.CPI.TOTL.ZG,1995,28.77661372
EST,FP.CPI.TOTL.ZG,1996,23.05034335
EST,FP.CPI.TOTL.ZG,1997,10.58187893
EST,FP.CPI.TOTL.ZG,1998,8.208333333
EST,FP.CPI.TOTL.ZG,1999,3.296110897
EST,FP.CPI.TOTL.ZG,2000,4.018489525
EST,FP.CPI.TOTL.ZG,2001,5.748279817
EST,FP.CPI.TOTL.ZG,2002,3.571912702
EST,FP.CPI.TOTL.ZG,2003,1.334991165
EST,FP.CPI.TOTL.ZG,2004,3.048111075
EST,FP.CPI.TOTL.ZG,2005,4.079714232
EST,FP.CPI.TOTL.ZG,2006,4.437620424
EST,FP.CPI.TOTL.ZG,2007,6.601326031
EST,FP.CPI.TOTL.ZG,2008,10.36235803
EST,FP.CPI.TOTL.ZG,2009,-0.078408311
EST,FP.CPI.TOTL.ZG,2010,2.97204512
EST,FP.CPI.TOTL.ZG,2011,4.981901315
EST,FP.CPI.TOTL.ZG,2012,3.933399873
EST,FP.CPI.TOTL.ZG,2013,2.78056659
EST,FP.CPI.TOTL.ZG,2014,-0.106175147
EST,FP.CPI.TOTL.ZG,2015,-0.492326007
EST,FP.CPI.TOTL.ZG,2016,0.148684908
EST,FP.CPI.TOTL.ZG,2017,3.417235495
EST,FP.CPI.TOTL.ZG,2018,3.436326884
EST,FP.CPI.TOTL.ZG,2019,2.277259312
EST,FP.CPI.TOTL.ZG,2020,-0.444531098
EST,FP.CPI.TOTL.ZG,2021,4.653166738
EST,FP.CPI.TOTL.ZG,2022,19.39826341
EST,FP.CPI.TOTL.ZG,2023,9.15922508
EST,FP.CPI.TOTL.ZG,2024,3.5194119
EST,FP.CPI.TOTL.ZG,2025,4.829207536
SWZ,FP.CPI.TOTL.ZG,1960,
SWZ,FP.CPI.TOTL.ZG,1961,
SWZ,FP.CPI.TOTL.ZG,1962,
SWZ,FP.CPI.TOTL.ZG,1963,
SWZ,FP.CPI.TOTL.ZG,1964,
SWZ,FP.CPI.TOTL.ZG,1965,
SWZ,FP.CPI.TOTL.ZG,1966,3.177521008
SWZ,FP.CPI.TOTL.ZG,1967,1.824043438
SWZ,FP.CPI.TOTL.ZG,1968,3.449425095
SWZ,FP.CPI.TOTL.ZG,1969,3.205541238
SWZ,FP.CPI.TOTL.ZG,1970,1.849539566
SWZ,FP.CPI.TOTL.ZG,1971,2.321661176
SWZ,FP.CPI.TOTL.ZG,1972,2.366332185
SWZ,FP.CPI.TOTL.ZG,1973,11.54352597
SWZ,FP.CPI.TOTL.ZG,1974,19.28777545
SWZ,FP.CPI.TOTL.ZG,1975,12.04574193
SWZ,FP.CPI.TOTL.ZG,1976,6.530912659
SWZ,FP.CPI.TOTL.ZG,1977,20.80512183
SWZ,FP.CPI.TOTL.ZG,1978,8.517614763
SWZ,FP.CPI.TOTL.ZG,1979,16.45351697
SWZ,FP.CPI.TOTL.ZG,1980,18.6839754
SWZ,FP.CPI.TOTL.ZG,1981,20.05579665
SWZ,FP.CPI.TOTL.ZG,1982,10.80742134
SWZ,FP.CPI.TOTL.ZG,1983,11.56752438
SWZ,FP.CPI.TOTL.ZG,1984,12.93972664
SWZ,FP.CPI.TOTL.ZG,1985,20.46263345
SWZ,FP.CPI.TOTL.ZG,1986,13.73707533
SWZ,FP.CPI.TOTL.ZG,1987,13.37662338
SWZ,FP.CPI.TOTL.ZG,1988,20.39456228
SWZ,FP.CPI.TOTL.ZG,1989,7.546164773
SWZ,FP.CPI.TOTL.ZG,1990,13.09228991
SWZ,FP.CPI.TOTL.ZG,1991,8.934306569
SWZ,FP.CPI.TOTL.ZG,1992,7.558295363
SWZ,FP.CPI.TOTL.ZG,1993,12.02342387
SWZ,FP.CPI.TOTL.ZG,1994,13.76932488
SWZ,FP.CPI.TOTL.ZG,1995,12.28859126
SWZ,FP.CPI.TOTL.ZG,1996,6.425213303
SWZ,FP.CPI.TOTL.ZG,1997,7.125327225
SWZ,FP.CPI.TOTL.ZG,1998,8.109965636
SWZ,FP.CPI.TOTL.ZG,1999,6.088860634
SWZ,FP.CPI.TOTL.ZG,2000,12.20853585
SWZ,FP.CPI.TOTL.ZG,2001,5.942109823
SWZ,FP.CPI.TOTL.ZG,2002,12.01971547
SWZ,FP.CPI.TOTL.ZG,2003,7.29
SWZ,FP.CPI.TOTL.ZG,2004,3.445335073
SWZ,FP.CPI.TOTL.ZG,2005,4.774004046
SWZ,FP.CPI.TOTL.ZG,2006,5.304639463
SWZ,FP.CPI.TOTL.ZG,2007,8.076088279
SWZ,FP.CPI.TOTL.ZG,2008,12.65746019
SWZ,FP.CPI.TOTL.ZG,2009,7.448234234
SWZ,FP.CPI.TOTL.ZG,2010,4.509236918
SWZ,FP.CPI.TOTL.ZG,2011,6.107427146
SWZ,FP.CPI.TOTL.ZG,2012,8.939646828
SWZ,FP.CPI.TOTL.ZG,2013,5.621306235
SWZ,FP.CPI.TOTL.ZG,2014,5.681348858
SWZ,FP.CPI.TOTL.ZG,2015,4.951244937
SWZ,FP.CPI.TOTL.ZG,2016,7.847274591
SWZ,FP.CPI.TOTL.ZG,2017,6.221375289
SWZ,FP.CPI.TOTL.ZG,2018,4.815061675
SWZ,FP.CPI.TOTL.ZG,2019,2.598016203
SWZ,FP.CPI.TOTL.ZG,2020,
SWZ,FP.CPI.TOTL.ZG,2021,
SWZ,FP.CPI.TOTL.ZG,2022,
SWZ,FP.CPI.TOTL.ZG,2023,
SWZ,FP.CPI.TOTL.ZG,2024,
SWZ,FP.CPI.TOTL.ZG,2025,
ETH,FP.CPI.TOTL.ZG,1960,
ETH,FP.CPI.TOTL.ZG,1961,
ETH,FP.CPI.TOTL.ZG,1962,
ETH,FP.CPI.TOTL.ZG,1963,
ETH,FP.CPI.TOTL.ZG,1964,
ETH,FP.CPI.TOTL.ZG,1965,
ETH,FP.CPI.TOTL.ZG,1966,-1.361867705
ETH,FP.CPI.TOTL.ZG,1967,0.808678501
ETH,FP.CPI.TOTL.ZG,1968,0.182612666
ETH,FP.CPI.TOTL.ZG,1969,1.425688431
ETH,FP.CPI.TOTL.ZG,1970,10.12195122
ETH,FP.CPI.TOTL.ZG,1971,0.536224282
ETH,FP.CPI.TOTL.ZG,1972,-6.081511972
ETH,FP.CPI.TOTL.ZG,1973,8.913580247
ETH,FP.CPI.TOTL.ZG,1974,8.592155974
ETH,FP.CPI.TOTL.ZG,1975,6.550104384
ETH,FP.CPI.TOTL.ZG,1976,28.53783982
ETH,FP.CPI.TOTL.ZG,1977,16.65713959
ETH,FP.CPI.TOTL.ZG,1978,14.30811446
ETH,FP.CPI.TOTL.ZG,1979,16.03223594
ETH,FP.CPI.TOTL.ZG,1980,4.482537806
ETH,FP.CPI.TOTL.ZG,1981,6.135967187
ETH,FP.CPI.TOTL.ZG,1982,5.890061077
ETH,FP.CPI.TOTL.ZG,1983,-0.675378065
ETH,FP.CPI.TOTL.ZG,1984,8.417273783
ETH,FP.CPI.TOTL.ZG,1985,19.06468514
ETH,FP.CPI.TOTL.ZG,1986,-9.808765071
ETH,FP.CPI.TOTL.ZG,1987,-2.428672483
ETH,FP.CPI.TOTL.ZG,1988,7.080715321
ETH,FP.CPI.TOTL.ZG,1989,7.817301182
ETH,FP.CPI.TOTL.ZG,1990,5.152481242
ETH,FP.CPI.TOTL.ZG,1991,35.72259823
ETH,FP.CPI.TOTL.ZG,1992,10.52744401
ETH,FP.CPI.TOTL.ZG,1993,3.543065962
ETH,FP.CPI.TOTL.ZG,1994,7.593876002
ETH,FP.CPI.TOTL.ZG,1995,10.02217336
ETH,FP.CPI.TOTL.ZG,1996,-8.484248689
ETH,FP.CPI.TOTL.ZG,1997,2.395209581
ETH,FP.CPI.TOTL.ZG,1998,0.894801694
ETH,FP.CPI.TOTL.ZG,1999,7.941448641
ETH,FP.CPI.TOTL.ZG,2000,0.662458109
ETH,FP.CPI.TOTL.ZG,2001,-8.237844534
ETH,FP.CPI.TOTL.ZG,2002,0.675089102
ETH,FP.CPI.TOTL.ZG,2003,13.6740452
ETH,FP.CPI.TOTL.ZG,2004,3.327370479
ETH,FP.CPI.TOTL.ZG,2005,9.969971235
ETH,FP.CPI.TOTL.ZG,2006,12.29947631
ETH,FP.CPI.TOTL.ZG,2007,17.24040083
ETH,FP.CPI.TOTL.ZG,2008,44.35668588
ETH,FP.CPI.TOTL.ZG,2009,8.483644045
ETH,FP.CPI.TOTL.ZG,2010,8.14926403
ETH,FP.CPI.TOTL.ZG,2011,33.24995988
ETH,FP.CPI.TOTL.ZG,2012,23.60041768
ETH,FP.CPI.TOTL.ZG,2013,7.464021929
ETH,FP.CPI.TOTL.ZG,2014,6.890019516
ETH,FP.CPI.TOTL.ZG,2015,9.56889956
ETH,FP.CPI.TOTL.ZG,2016,6.628133372
ETH,FP.CPI.TOTL.ZG,2017,10.68711503
ETH,FP.CPI.TOTL.ZG,2018,13.83303566
ETH,FP.CPI.TOTL.ZG,2019,15.80963217
ETH,FP.CPI.TOTL.ZG,2020,20.35634686
ETH,FP.CPI.TOTL.ZG,2021,26.83952216
ETH,FP.CPI.TOTL.ZG,2022,33.88987971
ETH,FP.CPI.TOTL.ZG,2023,30.21882781
ETH,FP.CPI.TOTL.ZG,2024,21.03774606
ETH,FP.CPI.TOTL.ZG,2025,13.22964328
FRO,FP.CPI.TOTL.ZG,1960,
FRO,FP.CPI.TOTL.ZG,1961,
FRO,FP.CPI.TOTL.ZG,1962,
FRO,FP.CPI.TOTL.ZG,1963,
FRO,FP.CPI.TOTL.ZG,1964,
FRO,FP.CPI.TOTL.ZG,1965,
FRO,FP.CPI.TOTL.ZG,1966,
FRO,FP.CPI.TOTL.ZG,1967,
FRO,FP.CPI.TOTL.ZG,1968,
FRO,FP.CPI.TOTL.ZG,1969,
FRO,FP.CPI.TOTL.ZG,1970,
FRO,FP.CPI.TOTL.ZG,1971,
FRO,FP.CPI.TOTL.ZG,1972,
FRO,FP.CPI.TOTL.ZG,1973,
FRO,FP.CPI.TOTL.ZG,1974,
FRO,FP.CPI.TOTL.ZG,1975,
FRO,FP.CPI.TOTL.ZG,1976,
FRO,FP.CPI.TOTL.ZG,1977,
FRO,FP.CPI.TOTL.ZG,1978,
FRO,FP.CPI.TOTL.ZG,1979,
FRO,FP.CPI.TOTL.ZG,1980,
FRO,FP.CPI.TOTL.ZG,1981,
FRO,FP.CPI.TOTL.ZG,1982,
FRO,FP.CPI.TOTL.ZG,1983,
FRO,FP.CPI.TOTL.ZG,1984,
FRO,FP.CPI.TOTL.ZG,1985,
FRO,FP.CPI.TOTL.ZG,1986,
FRO,FP.CPI.TOTL.ZG,1987,
FRO,FP.CPI.TOTL.ZG,1988,
FRO,FP.CPI.TOTL.ZG,1989,
FRO,FP.CPI.TOTL.ZG,1990,
FRO,FP.CPI.TOTL.ZG,1991,
FRO,FP.CPI.TOTL.ZG,1992,
FRO,FP.CPI.TOTL.ZG,1993,
FRO,FP.CPI.TOTL.ZG,1994,
FRO,FP.CPI.TOTL.ZG,1995,
FRO,FP.CPI.TOTL.ZG,1996,
FRO,FP.CPI.TOTL.ZG,1997,
FRO,FP.CPI.TOTL.ZG,1998,
FRO,FP.CPI.TOTL.ZG,1999,
FRO,FP.CPI.TOTL.ZG,2000,
FRO,FP.CPI.TOTL.ZG,2001,
FRO,FP.CPI.TOTL.ZG,2002,
FRO,FP.CPI.TOTL.ZG,2003,
FRO,FP.CPI.TOTL.ZG,2004,
FRO,FP.CPI.TOTL.ZG,2005,
FRO,FP.CPI.TOTL.ZG,2006,
FRO,FP.CPI.TOTL.ZG,2007,
FRO,FP.CPI.TOTL.ZG,2008,
FRO,FP.CPI.TOTL.ZG,2009,
FRO,FP.CPI.TOTL.ZG,2010,
FRO,FP.CPI.TOTL.ZG,2011,
FRO,FP.CPI.TOTL.ZG,2012,
FRO,FP.CPI.TOTL.ZG,2013,
FRO,FP.CPI.TOTL.ZG,2014,
FRO,FP.CPI.TOTL.ZG,2015,
FRO,FP.CPI.TOTL.ZG,2016,
FRO,FP.CPI.TOTL.ZG,2017,
FRO,FP.CPI.TOTL.ZG,2018,
FRO,FP.CPI.TOTL.ZG,2019,
FRO,FP.CPI.TOTL.ZG,2020,
FRO,FP.CPI.TOTL.ZG,2021,
FRO,FP.CPI.TOTL.ZG,2022,
FRO,FP.CPI.TOTL.ZG,2023,
FRO,FP.CPI.TOTL.ZG,2024,
FRO,FP.CPI.TOTL.ZG,2025,
FJI,FP.CPI.TOTL.ZG,1960,
FJI,FP.CPI.TOTL.ZG,1961,
FJI,FP.CPI.TOTL.ZG,1962,
FJI,FP.CPI.TOTL.ZG,1963,
FJI,FP.CPI.TOTL.ZG,1964,
FJI,FP.CPI.TOTL.ZG,1965,
FJI,FP.CPI.TOTL.ZG,1966,
FJI,FP.CPI.TOTL.ZG,1967,
FJI,FP.CPI.TOTL.ZG,1968,
FJI,FP.CPI.TOTL.ZG,1969,
FJI,FP.CPI.TOTL.ZG,1970,4.124178563
FJI,FP.CPI.TOTL.ZG,1971,9.138193689
FJI,FP.CPI.TOTL.ZG,1972,21.97850406
FJI,FP.CPI.TOTL.ZG,1973,11.08531821
FJI,FP.CPI.TOTL.ZG,1974,14.49846951
FJI,FP.CPI.TOTL.ZG,1975,13.06488098
FJI,FP.CPI.TOTL.ZG,1976,11.43243643
FJI,FP.CPI.TOTL.ZG,1977,7.00630445
FJI,FP.CPI.TOTL.ZG,1978,6.108071005
FJI,FP.CPI.TOTL.ZG,1979,7.80675825
FJI,FP.CPI.TOTL.ZG,1980,14.49287441
FJI,FP.CPI.TOTL.ZG,1981,11.18066676
FJI,FP.CPI.TOTL.ZG,1982,7.031556894
FJI,FP.CPI.TOTL.ZG,1983,6.704183998
FJI,FP.CPI.TOTL.ZG,1984,5.291217611
FJI,FP.CPI.TOTL.ZG,1985,4.420972396
FJI,FP.CPI.TOTL.ZG,1986,1.798842484
FJI,FP.CPI.TOTL.ZG,1987,5.663774759
FJI,FP.CPI.TOTL.ZG,1988,11.75832688
FJI,FP.CPI.TOTL.ZG,1989,6.189354034
FJI,FP.CPI.TOTL.ZG,1990,8.19137132
FJI,FP.CPI.TOTL.ZG,1991,6.49734556
FJI,FP.CPI.TOTL.ZG,1992,4.883022716
FJI,FP.CPI.TOTL.ZG,1993,5.206589252
FJI,FP.CPI.TOTL.ZG,1994,0.816666667
FJI,FP.CPI.TOTL.ZG,1995,2.165647214
FJI,FP.CPI.TOTL.ZG,1996,3.050161812
FJI,FP.CPI.TOTL.ZG,1997,3.368140064
FJI,FP.CPI.TOTL.ZG,1998,5.711681604
FJI,FP.CPI.TOTL.ZG,1999,1.96867366
FJI,FP.CPI.TOTL.ZG,2000,1.0921646
FJI,FP.CPI.TOTL.ZG,2001,4.272670245
FJI,FP.CPI.TOTL.ZG,2002,0.762032086
FJI,FP.CPI.TOTL.ZG,2003,4.172747778
FJI,FP.CPI.TOTL.ZG,2004,2.827485194
FJI,FP.CPI.TOTL.ZG,2005,2.365764538
FJI,FP.CPI.TOTL.ZG,2006,2.490836388
FJI,FP.CPI.TOTL.ZG,2007,4.803706413
FJI,FP.CPI.TOTL.ZG,2008,7.732278579
FJI,FP.CPI.TOTL.ZG,2009,3.13103559
FJI,FP.CPI.TOTL.ZG,2010,3.689012297
FJI,FP.CPI.TOTL.ZG,2011,7.278117827
FJI,FP.CPI.TOTL.ZG,2012,3.423375234
FJI,FP.CPI.TOTL.ZG,2013,2.913541936
FJI,FP.CPI.TOTL.ZG,2014,0.519306475
FJI,FP.CPI.TOTL.ZG,2015,1.374885426
FJI,FP.CPI.TOTL.ZG,2016,3.863225382
FJI,FP.CPI.TOTL.ZG,2017,3.347578348
FJI,FP.CPI.TOTL.ZG,2018,4.081476376
FJI,FP.CPI.TOTL.ZG,2019,1.793886475
FJI,FP.CPI.TOTL.ZG,2020,-1.700141678
FJI,FP.CPI.TOTL.ZG,2021,1.534548538
FJI,FP.CPI.TOTL.ZG,2022,6.078824315
FJI,FP.CPI.TOTL.ZG,2023,2.975440806
FJI,FP.CPI.TOTL.ZG,2024,3.890842379
FJI,FP.CPI.TOTL.ZG,2025,-1.383268339
FIN,FP.CPI.TOTL.ZG,1960,3.418127254
FIN,FP.CPI.TOTL.ZG,1961,1.691001915
FIN,FP.CPI.TOTL.ZG,1962,4.383982782
FIN,FP.CPI.TOTL.ZG,1963,4.996381886
FIN,FP.CPI.TOTL.ZG,1964,10.27586074
FIN,FP.CPI.TOTL.ZG,1965,4.940588068
FIN,FP.CPI.TOTL.ZG,1966,3.873654019
FIN,FP.CPI.TOTL.ZG,1967,5.377781834
FIN,FP.CPI.TOTL.ZG,1968,9.191667995
FIN,FP.CPI.TOTL.ZG,1969,2.205610935
FIN,FP.CPI.TOTL.ZG,1970,2.740420431
FIN,FP.CPI.TOTL.ZG,1971,6.475765431
FIN,FP.CPI.TOTL.ZG,1972,6.662497835
FIN,FP.CPI.TOTL.ZG,1973,10.75447188
FIN,FP.CPI.TOTL.ZG,1974,16.9364
FIN,FP.CPI.TOTL.ZG,1975,17.81139723
FIN,FP.CPI.TOTL.ZG,1976,14.34269309
FIN,FP.CPI.TOTL.ZG,1977,11.79334692
FIN,FP.CPI.TOTL.ZG,1978,7.799350746
FIN,FP.CPI.TOTL.ZG,1979,7.466961513
FIN,FP.CPI.TOTL.ZG,1980,11.59461925
FIN,FP.CPI.TOTL.ZG,1981,11.30575665
FIN,FP.CPI.TOTL.ZG,1982,9.584927647
FIN,FP.CPI.TOTL.ZG,1983,8.366292606
FIN,FP.CPI.TOTL.ZG,1984,7.067656383
FIN,FP.CPI.TOTL.ZG,1985,5.195621954
FIN,FP.CPI.TOTL.ZG,1986,2.933579204
FIN,FP.CPI.TOTL.ZG,1987,4.113028862
FIN,FP.CPI.TOTL.ZG,1988,5.085928614
FIN,FP.CPI.TOTL.ZG,1989,6.592909802
FIN,FP.CPI.TOTL.ZG,1990,6.149565312
FIN,FP.CPI.TOTL.ZG,1991,4.310212898
FIN,FP.CPI.TOTL.ZG,1992,2.919323193
FIN,FP.CPI.TOTL.ZG,1993,2.190653196
FIN,FP.CPI.TOTL.ZG,1994,1.088556776
FIN,FP.CPI.TOTL.ZG,1995,0.791239407
FIN,FP.CPI.TOTL.ZG,1996,0.629194238
FIN,FP.CPI.TOTL.ZG,1997,1.192558834
FIN,FP.CPI.TOTL.ZG,1998,1.399473786
FIN,FP.CPI.TOTL.ZG,1999,1.162231557
FIN,FP.CPI.TOTL.ZG,2000,3.042100807
FIN,FP.CPI.TOTL.ZG,2001,2.578440801
FIN,FP.CPI.TOTL.ZG,2002,1.571220128
FIN,FP.CPI.TOTL.ZG,2003,0.877440386
FIN,FP.CPI.TOTL.ZG,2004,0.187120559
FIN,FP.CPI.TOTL.ZG,2005,0.62387445
FIN,FP.CPI.TOTL.ZG,2006,1.566663807
FIN,FP.CPI.TOTL.ZG,2007,2.510665652
FIN,FP.CPI.TOTL.ZG,2008,4.065953554
FIN,FP.CPI.TOTL.ZG,2009,-9.17E-07
FIN,FP.CPI.TOTL.ZG,2010,1.184135232
FIN,FP.CPI.TOTL.ZG,2011,3.416807543
FIN,FP.CPI.TOTL.ZG,2012,2.808336226
FIN,FP.CPI.TOTL.ZG,2013,1.478286157
FIN,FP.CPI.TOTL.ZG,2014,1.041196212
FIN,FP.CPI.TOTL.ZG,2015,-0.20792884
FIN,FP.CPI.TOTL.ZG,2016,0.356684501
FIN,FP.CPI.TOTL.ZG,2017,0.754015047
FIN,FP.CPI.TOTL.ZG,2018,1.083820984
FIN,FP.CPI.TOTL.ZG,2019,1.02409393
FIN,FP.CPI.TOTL.ZG,2020,0.290554556
FIN,FP.CPI.TOTL.ZG,2021,2.194574323
FIN,FP.CPI.TOTL.ZG,2022,7.123507733
FIN,FP.CPI.TOTL.ZG,2023,6.250643222
FIN,FP.CPI.TOTL.ZG,2024,1.565689062
FIN,FP.CPI.TOTL.ZG,2025,0.337874659
FRA,FP.CPI.TOTL.ZG,1960,4.139935755
FRA,FP.CPI.TOTL.ZG,1961,2.400461045
FRA,FP.CPI.TOTL.ZG,1962,5.331280071
FRA,FP.CPI.TOTL.ZG,1963,4.999152898
FRA,FP.CPI.TOTL.ZG,1964,3.211191703
FRA,FP.CPI.TOTL.ZG,1965,2.703104559
FRA,FP.CPI.TOTL.ZG,1966,2.602000766
FRA,FP.CPI.TOTL.ZG,1967,2.791777094
FRA,FP.CPI.TOTL.ZG,1968,4.543204864
FRA,FP.CPI.TOTL.ZG,1969,6.045962842
FRA,FP.CPI.TOTL.ZG,1970,5.299641246
FRA,FP.CPI.TOTL.ZG,1971,5.397518656
FRA,FP.CPI.TOTL.ZG,1972,6.063003097
FRA,FP.CPI.TOTL.ZG,1973,7.380601064
FRA,FP.CPI.TOTL.ZG,1974,13.64931747
FRA,FP.CPI.TOTL.ZG,1975,11.68592725
FRA,FP.CPI.TOTL.ZG,1976,9.625495782
FRA,FP.CPI.TOTL.ZG,1977,9.494554672
FRA,FP.CPI.TOTL.ZG,1978,9.250558467
FRA,FP.CPI.TOTL.ZG,1979,10.64673417
FRA,FP.CPI.TOTL.ZG,1980,13.56257885
FRA,FP.CPI.TOTL.ZG,1981,13.31440557
FRA,FP.CPI.TOTL.ZG,1982,11.97847195
FRA,FP.CPI.TOTL.ZG,1983,9.459548472
FRA,FP.CPI.TOTL.ZG,1984,7.673802622
FRA,FP.CPI.TOTL.ZG,1985,5.831099739
FRA,FP.CPI.TOTL.ZG,1986,2.538525918
FRA,FP.CPI.TOTL.ZG,1987,3.288898214
FRA,FP.CPI.TOTL.ZG,1988,2.700815275
FRA,FP.CPI.TOTL.ZG,1989,3.498302207
FRA,FP.CPI.TOTL.ZG,1990,3.19428338
FRA,FP.CPI.TOTL.ZG,1991,3.213407324
FRA,FP.CPI.TOTL.ZG,1992,2.363760463
FRA,FP.CPI.TOTL.ZG,1993,2.104462771
FRA,FP.CPI.TOTL.ZG,1994,1.655515329
FRA,FP.CPI.TOTL.ZG,1995,1.796481421
FRA,FP.CPI.TOTL.ZG,1996,1.982883651
FRA,FP.CPI.TOTL.ZG,1997,1.20394294
FRA,FP.CPI.TOTL.ZG,1998,0.651126868
FRA,FP.CPI.TOTL.ZG,1999,0.537141639
FRA,FP.CPI.TOTL.ZG,2000,1.675959887
FRA,FP.CPI.TOTL.ZG,2001,1.634780795
FRA,FP.CPI.TOTL.ZG,2002,1.923412287
FRA,FP.CPI.TOTL.ZG,2003,2.098472191
FRA,FP.CPI.TOTL.ZG,2004,2.142089646
FRA,FP.CPI.TOTL.ZG,2005,1.745869364
FRA,FP.CPI.TOTL.ZG,2006,1.675124496
FRA,FP.CPI.TOTL.ZG,2007,1.48799806
FRA,FP.CPI.TOTL.ZG,2008,2.812861949
FRA,FP.CPI.TOTL.ZG,2009,0.087620478
FRA,FP.CPI.TOTL.ZG,2010,1.531122704
FRA,FP.CPI.TOTL.ZG,2011,2.111597952
FRA,FP.CPI.TOTL.ZG,2012,1.954195316
FRA,FP.CPI.TOTL.ZG,2013,0.863715498
FRA,FP.CPI.TOTL.ZG,2014,0.507758823
FRA,FP.CPI.TOTL.ZG,2015,0.037514381
FRA,FP.CPI.TOTL.ZG,2016,0.183334861
FRA,FP.CPI.TOTL.ZG,2017,1.032282751
FRA,FP.CPI.TOTL.ZG,2018,1.850815083
FRA,FP.CPI.TOTL.ZG,2019,1.108254923
FRA,FP.CPI.TOTL.ZG,2020,0.476498853
FRA,FP.CPI.TOTL.ZG,2021,1.64233141
FRA,FP.CPI.TOTL.ZG,2022,5.222367484
FRA,FP.CPI.TOTL.ZG,2023,4.878357265
FRA,FP.CPI.TOTL.ZG,2024,1.999049423
FRA,FP.CPI.TOTL.ZG,2025,0.943770212
PYF,FP.CPI.TOTL.ZG,1960,
PYF,FP.CPI.TOTL.ZG,1961,
PYF,FP.CPI.TOTL.ZG,1962,
PYF,FP.CPI.TOTL.ZG,1963,
PYF,FP.CPI.TOTL.ZG,1964,
PYF,FP.CPI.TOTL.ZG,1965,
PYF,FP.CPI.TOTL.ZG,1966,
PYF,FP.CPI.TOTL.ZG,1967,
PYF,FP.CPI.TOTL.ZG,1968,
PYF,FP.CPI.TOTL.ZG,1969,
PYF,FP.CPI.TOTL.ZG,1970,
PYF,FP.CPI.TOTL.ZG,1971,
PYF,FP.CPI.TOTL.ZG,1972,
PYF,FP.CPI.TOTL.ZG,1973,
PYF,FP.CPI.TOTL.ZG,1974,
PYF,FP.CPI.TOTL.ZG,1975,
PYF,FP.CPI.TOTL.ZG,1976,
PYF,FP.CPI.TOTL.ZG,1977,
PYF,FP.CPI.TOTL.ZG,1978,
PYF,FP.CPI.TOTL.ZG,1979,
PYF,FP.CPI.TOTL.ZG,1980,
PYF,FP.CPI.TOTL.ZG,1981,
PYF,FP.CPI.TOTL.ZG,1982,
PYF,FP.CPI.TOTL.ZG,1983,
PYF,FP.CPI.TOTL.ZG,1984,
PYF,FP.CPI.TOTL.ZG,1985,
PYF,FP.CPI.TOTL.ZG,1986,
PYF,FP.CPI.TOTL.ZG,1987,
PYF,FP.CPI.TOTL.ZG,1988,
PYF,FP.CPI.TOTL.ZG,1989,
PYF,FP.CPI.TOTL.ZG,1990,
PYF,FP.CPI.TOTL.ZG,1991,
PYF,FP.CPI.TOTL.ZG,1992,
PYF,FP.CPI.TOTL.ZG,1993,
PYF,FP.CPI.TOTL.ZG,1994,
PYF,FP.CPI.TOTL.ZG,1995,
PYF,FP.CPI.TOTL.ZG,1996,
PYF,FP.CPI.TOTL.ZG,1997,
PYF,FP.CPI.TOTL.ZG,1998,
PYF,FP.CPI.TOTL.ZG,1999,
PYF,FP.CPI.TOTL.ZG,2000,
PYF,FP.CPI.TOTL.ZG,2001,
PYF,FP.CPI.TOTL.ZG,2002,
PYF,FP.CPI.TOTL.ZG,2003,
PYF,FP.CPI.TOTL.ZG,2004,
PYF,FP.CPI.TOTL.ZG,2005,
PYF,FP.CPI.TOTL.ZG,2006,
PYF,FP.CPI.TOTL.ZG,2007,
PYF,FP.CPI.TOTL.ZG,2008,
PYF,FP.CPI.TOTL.ZG,2009,
PYF,FP.CPI.TOTL.ZG,2010,
PYF,FP.CPI.TOTL.ZG,2011,
PYF,FP.CPI.TOTL.ZG,2012,
PYF,FP.CPI.TOTL.ZG,2013,
PYF,FP.CPI.TOTL.ZG,2014,
PYF,FP.CPI.TOTL.ZG,2015,
PYF,FP.CPI.TOTL.ZG,2016,
PYF,FP.CPI.TOTL.ZG,2017,
PYF,FP.CPI.TOTL.ZG,2018,
PYF,FP.CPI.TOTL.ZG,2019,
PYF,FP.CPI.TOTL.ZG,2020,
PYF,FP.CPI.TOTL.ZG,2021,
PYF,FP.CPI.TOTL.ZG,2022,
PYF,FP.CPI.TOTL.ZG,2023,
PYF,FP.CPI.TOTL.ZG,2024,
PYF,FP.CPI.TOTL.ZG,2025,
GAB,FP.CPI.TOTL.ZG,1960,
GAB,FP.CPI.TOTL.ZG,1961,
GAB,FP.CPI.TOTL.ZG,1962,
GAB,FP.CPI.TOTL.ZG,1963,7.158333332
GAB,FP.CPI.TOTL.ZG,1964,3.328408119
GAB,FP.CPI.TOTL.ZG,1965,2.438473696
GAB,FP.CPI.TOTL.ZG,1966,3.644111381
GAB,FP.CPI.TOTL.ZG,1967,1.977741547
GAB,FP.CPI.TOTL.ZG,1968,2.335604059
GAB,FP.CPI.TOTL.ZG,1969,2.975139247
GAB,FP.CPI.TOTL.ZG,1970,3.812664908
GAB,FP.CPI.TOTL.ZG,1971,3.863260897
GAB,FP.CPI.TOTL.ZG,1972,3.487091643
GAB,FP.CPI.TOTL.ZG,1973,6.207141168
GAB,FP.CPI.TOTL.ZG,1974,12.07280419
GAB,FP.CPI.TOTL.ZG,1975,28.45294264
GAB,FP.CPI.TOTL.ZG,1976,20.17156446
GAB,FP.CPI.TOTL.ZG,1977,13.85256909
GAB,FP.CPI.TOTL.ZG,1978,10.7641691
GAB,FP.CPI.TOTL.ZG,1979,7.952698538
GAB,FP.CPI.TOTL.ZG,1980,12.34035926
GAB,FP.CPI.TOTL.ZG,1981,8.706502149
GAB,FP.CPI.TOTL.ZG,1982,16.68579688
GAB,FP.CPI.TOTL.ZG,1983,10.67193676
GAB,FP.CPI.TOTL.ZG,1984,5.857142857
GAB,FP.CPI.TOTL.ZG,1985,7.354925776
GAB,FP.CPI.TOTL.ZG,1986,6.285355123
GAB,FP.CPI.TOTL.ZG,1987,-0.946185689
GAB,FP.CPI.TOTL.ZG,1988,-8.776119403
GAB,FP.CPI.TOTL.ZG,1989,6.740837696
GAB,FP.CPI.TOTL.ZG,1990,7.725321888
GAB,FP.CPI.TOTL.ZG,1991,-11.68611269
GAB,FP.CPI.TOTL.ZG,1992,-9.542913303
GAB,FP.CPI.TOTL.ZG,1993,0.533746556
GAB,FP.CPI.TOTL.ZG,1994,36.1162457
GAB,FP.CPI.TOTL.ZG,1995,9.646531041
GAB,FP.CPI.TOTL.ZG,1996,0.689693377
GAB,FP.CPI.TOTL.ZG,1997,3.973450075
GAB,FP.CPI.TOTL.ZG,1998,1.448738543
GAB,FP.CPI.TOTL.ZG,1999,-1.936603976
GAB,FP.CPI.TOTL.ZG,2000,0.504920026
GAB,FP.CPI.TOTL.ZG,2001,2.137620527
GAB,FP.CPI.TOTL.ZG,2002,0.036682889
GAB,FP.CPI.TOTL.ZG,2003,2.235353136
GAB,FP.CPI.TOTL.ZG,2004,0.408205307
GAB,FP.CPI.TOTL.ZG,2005,3.708333333
GAB,FP.CPI.TOTL.ZG,2006,-1.409401366
GAB,FP.CPI.TOTL.ZG,2007,5.030318837
GAB,FP.CPI.TOTL.ZG,2008,5.264301456
GAB,FP.CPI.TOTL.ZG,2009,1.885707546
GAB,FP.CPI.TOTL.ZG,2010,1.461544027
GAB,FP.CPI.TOTL.ZG,2011,1.263317078
GAB,FP.CPI.TOTL.ZG,2012,2.652418287
GAB,FP.CPI.TOTL.ZG,2013,0.505441059
GAB,FP.CPI.TOTL.ZG,2014,4.690457518
GAB,FP.CPI.TOTL.ZG,2015,-0.338795189
GAB,FP.CPI.TOTL.ZG,2016,2.106707128
GAB,FP.CPI.TOTL.ZG,2017,2.651925831
GAB,FP.CPI.TOTL.ZG,2018,4.749066521
GAB,FP.CPI.TOTL.ZG,2019,2.464567562
GAB,FP.CPI.TOTL.ZG,2020,1.352761107
GAB,FP.CPI.TOTL.ZG,2021,1.086907465
GAB,FP.CPI.TOTL.ZG,2022,4.231247983
GAB,FP.CPI.TOTL.ZG,2023,3.629015342
GAB,FP.CPI.TOTL.ZG,2024,1.173119984
GAB,FP.CPI.TOTL.ZG,2025,1.76766609
GMB,FP.CPI.TOTL.ZG,1960,
GMB,FP.CPI.TOTL.ZG,1961,
GMB,FP.CPI.TOTL.ZG,1962,1.787617876
GMB,FP.CPI.TOTL.ZG,1963,4.616128253
GMB,FP.CPI.TOTL.ZG,1964,-4.535653781
GMB,FP.CPI.TOTL.ZG,1965,1.218036622
GMB,FP.CPI.TOTL.ZG,1966,0.239081925
GMB,FP.CPI.TOTL.ZG,1967,1.407218954
GMB,FP.CPI.TOTL.ZG,1968,4.17875343
GMB,FP.CPI.TOTL.ZG,1969,5.012040939
GMB,FP.CPI.TOTL.ZG,1970,-1.98509388
GMB,FP.CPI.TOTL.ZG,1971,3.05622578
GMB,FP.CPI.TOTL.ZG,1972,8.698119901
GMB,FP.CPI.TOTL.ZG,1973,6.918608446
GMB,FP.CPI.TOTL.ZG,1974,9.23631036
GMB,FP.CPI.TOTL.ZG,1975,25.925
GMB,FP.CPI.TOTL.ZG,1976,17.02733108
GMB,FP.CPI.TOTL.ZG,1977,12.38973083
GMB,FP.CPI.TOTL.ZG,1978,8.855345912
GMB,FP.CPI.TOTL.ZG,1979,6.128957707
GMB,FP.CPI.TOTL.ZG,1980,6.824615652
GMB,FP.CPI.TOTL.ZG,1981,5.944227006
GMB,FP.CPI.TOTL.ZG,1982,10.85584546
GMB,FP.CPI.TOTL.ZG,1983,10.63630368
GMB,FP.CPI.TOTL.ZG,1984,22.09845941
GMB,FP.CPI.TOTL.ZG,1985,18.31988487
GMB,FP.CPI.TOTL.ZG,1986,56.56017201
GMB,FP.CPI.TOTL.ZG,1987,23.52916696
GMB,FP.CPI.TOTL.ZG,1988,11.69058689
GMB,FP.CPI.TOTL.ZG,1989,8.275016088
GMB,FP.CPI.TOTL.ZG,1990,12.16778411
GMB,FP.CPI.TOTL.ZG,1991,8.64234326
GMB,FP.CPI.TOTL.ZG,1992,9.486542506
GMB,FP.CPI.TOTL.ZG,1993,6.463804228
GMB,FP.CPI.TOTL.ZG,1994,1.710206323
GMB,FP.CPI.TOTL.ZG,1995,6.980974418
GMB,FP.CPI.TOTL.ZG,1996,1.099488708
GMB,FP.CPI.TOTL.ZG,1997,2.7812279
GMB,FP.CPI.TOTL.ZG,1998,1.114188412
GMB,FP.CPI.TOTL.ZG,1999,3.812372054
GMB,FP.CPI.TOTL.ZG,2000,0.844969567
GMB,FP.CPI.TOTL.ZG,2001,4.492596092
GMB,FP.CPI.TOTL.ZG,2002,8.609124744
GMB,FP.CPI.TOTL.ZG,2003,17.03286654
GMB,FP.CPI.TOTL.ZG,2004,14.20674328
GMB,FP.CPI.TOTL.ZG,2005,4.838621775
GMB,FP.CPI.TOTL.ZG,2006,2.056503424
GMB,FP.CPI.TOTL.ZG,2007,5.369134738
GMB,FP.CPI.TOTL.ZG,2008,4.443654909
GMB,FP.CPI.TOTL.ZG,2009,4.561506877
GMB,FP.CPI.TOTL.ZG,2010,5.049680759
GMB,FP.CPI.TOTL.ZG,2011,4.795882662
GMB,FP.CPI.TOTL.ZG,2012,4.254321998
GMB,FP.CPI.TOTL.ZG,2013,5.699129896
GMB,FP.CPI.TOTL.ZG,2014,5.947999357
GMB,FP.CPI.TOTL.ZG,2015,6.808454946
GMB,FP.CPI.TOTL.ZG,2016,7.228792721
GMB,FP.CPI.TOTL.ZG,2017,8.034189745
GMB,FP.CPI.TOTL.ZG,2018,6.520968239
GMB,FP.CPI.TOTL.ZG,2019,7.115676256
GMB,FP.CPI.TOTL.ZG,2020,5.931276366
GMB,FP.CPI.TOTL.ZG,2021,7.370347589
GMB,FP.CPI.TOTL.ZG,2022,11.51311984
GMB,FP.CPI.TOTL.ZG,2023,16.97421296
GMB,FP.CPI.TOTL.ZG,2024,11.56105329
GMB,FP.CPI.TOTL.ZG,2025,
GEO,FP.CPI.TOTL.ZG,1960,
GEO,FP.CPI.TOTL.ZG,1961,
GEO,FP.CPI.TOTL.ZG,1962,
GEO,FP.CPI.TOTL.ZG,1963,
GEO,FP.CPI.TOTL.ZG,1964,
GEO,FP.CPI.TOTL.ZG,1965,
GEO,FP.CPI.TOTL.ZG,1966,
GEO,FP.CPI.TOTL.ZG,1967,
GEO,FP.CPI.TOTL.ZG,1968,
GEO,FP.CPI.TOTL.ZG,1969,
GEO,FP.CPI.TOTL.ZG,1970,
GEO,FP.CPI.TOTL.ZG,1971,
GEO,FP.CPI.TOTL.ZG,1972,
GEO,FP.CPI.TOTL.ZG,1973,
GEO,FP.CPI.TOTL.ZG,1974,
GEO,FP.CPI.TOTL.ZG,1975,
GEO,FP.CPI.TOTL.ZG,1976,
GEO,FP.CPI.TOTL.ZG,1977,
GEO,FP.CPI.TOTL.ZG,1978,
GEO,FP.CPI.TOTL.ZG,1979,
GEO,FP.CPI.TOTL.ZG,1980,
GEO,FP.CPI.TOTL.ZG,1981,
GEO,FP.CPI.TOTL.ZG,1982,
GEO,FP.CPI.TOTL.ZG,1983,
GEO,FP.CPI.TOTL.ZG,1984,
GEO,FP.CPI.TOTL.ZG,1985,
GEO,FP.CPI.TOTL.ZG,1986,
GEO,FP.CPI.TOTL.ZG,1987,
GEO,FP.CPI.TOTL.ZG,1988,
GEO,FP.CPI.TOTL.ZG,1989,
GEO,FP.CPI.TOTL.ZG,1990,
GEO,FP.CPI.TOTL.ZG,1991,
GEO,FP.CPI.TOTL.ZG,1992,
GEO,FP.CPI.TOTL.ZG,1993,
GEO,FP.CPI.TOTL.ZG,1994,
GEO,FP.CPI.TOTL.ZG,1995,162.7171522
GEO,FP.CPI.TOTL.ZG,1996,39.3575
GEO,FP.CPI.TOTL.ZG,1997,7.087617629
GEO,FP.CPI.TOTL.ZG,1998,3.566807813
GEO,FP.CPI.TOTL.ZG,1999,19.19267582
GEO,FP.CPI.TOTL.ZG,2000,4.063962014
GEO,FP.CPI.TOTL.ZG,2001,4.646044421
GEO,FP.CPI.TOTL.ZG,2002,5.5878373
GEO,FP.CPI.TOTL.ZG,2003,0.837734532
GEO,FP.CPI.TOTL.ZG,2004,5.656326362
GEO,FP.CPI.TOTL.ZG,2005,8.247090431
GEO,FP.CPI.TOTL.ZG,2006,9.160965084
GEO,FP.CPI.TOTL.ZG,2007,9.244897456
GEO,FP.CPI.TOTL.ZG,2008,9.999487616
GEO,FP.CPI.TOTL.ZG,2009,1.727514611
GEO,FP.CPI.TOTL.ZG,2010,7.110178975
GEO,FP.CPI.TOTL.ZG,2011,8.542933333
GEO,FP.CPI.TOTL.ZG,2012,-0.943658853
GEO,FP.CPI.TOTL.ZG,2013,-0.512058411
GEO,FP.CPI.TOTL.ZG,2014,3.068812104
GEO,FP.CPI.TOTL.ZG,2015,4.003578207
GEO,FP.CPI.TOTL.ZG,2016,2.134927139
GEO,FP.CPI.TOTL.ZG,2017,6.035317253
GEO,FP.CPI.TOTL.ZG,2018,2.615244714
GEO,FP.CPI.TOTL.ZG,2019,4.852898217
GEO,FP.CPI.TOTL.ZG,2020,5.20246489
GEO,FP.CPI.TOTL.ZG,2021,9.566914338
GEO,FP.CPI.TOTL.ZG,2022,11.89816542
GEO,FP.CPI.TOTL.ZG,2023,2.487760566
GEO,FP.CPI.TOTL.ZG,2024,1.10971758
GEO,FP.CPI.TOTL.ZG,2025,3.869213219
DEU,FP.CPI.TOTL.ZG,1960,1.536612343
DEU,FP.CPI.TOTL.ZG,1961,2.293695007
DEU,FP.CPI.TOTL.ZG,1962,2.843270198
DEU,FP.CPI.TOTL.ZG,1963,2.966959776
DEU,FP.CPI.TOTL.ZG,1964,2.335735812
DEU,FP.CPI.TOTL.ZG,1965,3.242319237
DEU,FP.CPI.TOTL.ZG,1966,3.533060355
DEU,FP.CPI.TOTL.ZG,1967,1.796049922
DEU,FP.CPI.TOTL.ZG,1968,1.470289313
DEU,FP.CPI.TOTL.ZG,1969,1.912678488
DEU,FP.CPI.TOTL.ZG,1970,3.450249364
DEU,FP.CPI.TOTL.ZG,1971,5.240974483
DEU,FP.CPI.TOTL.ZG,1972,5.484933122
DEU,FP.CPI.TOTL.ZG,1973,7.032023993
DEU,FP.CPI.TOTL.ZG,1974,6.986431093
DEU,FP.CPI.TOTL.ZG,1975,5.910336263
DEU,FP.CPI.TOTL.ZG,1976,4.246631023
DEU,FP.CPI.TOTL.ZG,1977,3.734162406
DEU,FP.CPI.TOTL.ZG,1978,2.718696961
DEU,FP.CPI.TOTL.ZG,1979,4.043620065
DEU,FP.CPI.TOTL.ZG,1980,5.441057545
DEU,FP.CPI.TOTL.ZG,1981,6.344242777
DEU,FP.CPI.TOTL.ZG,1982,5.241045072
DEU,FP.CPI.TOTL.ZG,1983,3.293414743
DEU,FP.CPI.TOTL.ZG,1984,2.405793399
DEU,FP.CPI.TOTL.ZG,1985,2.066233012
DEU,FP.CPI.TOTL.ZG,1986,-0.129413361
DEU,FP.CPI.TOTL.ZG,1987,0.249906109
DEU,FP.CPI.TOTL.ZG,1988,1.27411894
DEU,FP.CPI.TOTL.ZG,1989,2.780569556
DEU,FP.CPI.TOTL.ZG,1990,2.696468243
DEU,FP.CPI.TOTL.ZG,1991,4.047032598
DEU,FP.CPI.TOTL.ZG,1992,5.056977967
DEU,FP.CPI.TOTL.ZG,1993,4.474576508
DEU,FP.CPI.TOTL.ZG,1994,2.693056399
DEU,FP.CPI.TOTL.ZG,1995,1.706160413
DEU,FP.CPI.TOTL.ZG,1996,1.44972702
DEU,FP.CPI.TOTL.ZG,1997,1.939369682
DEU,FP.CPI.TOTL.ZG,1998,0.911184687
DEU,FP.CPI.TOTL.ZG,1999,0.585434192
DEU,FP.CPI.TOTL.ZG,2000,1.440268387
DEU,FP.CPI.TOTL.ZG,2001,1.983857313
DEU,FP.CPI.TOTL.ZG,2002,1.420806156
DEU,FP.CPI.TOTL.ZG,2003,1.034222186
DEU,FP.CPI.TOTL.ZG,2004,1.665736967
DEU,FP.CPI.TOTL.ZG,2005,1.546911148
DEU,FP.CPI.TOTL.ZG,2006,1.577426428
DEU,FP.CPI.TOTL.ZG,2007,2.298344007
DEU,FP.CPI.TOTL.ZG,2008,2.628379816
DEU,FP.CPI.TOTL.ZG,2009,0.312739007
DEU,FP.CPI.TOTL.ZG,2010,1.103810378
DEU,FP.CPI.TOTL.ZG,2011,2.075172837
DEU,FP.CPI.TOTL.ZG,2012,2.008488848
DEU,FP.CPI.TOTL.ZG,2013,1.504723303
DEU,FP.CPI.TOTL.ZG,2014,0.906794
DEU,FP.CPI.TOTL.ZG,2015,0.514426137
DEU,FP.CPI.TOTL.ZG,2016,0.491747008
DEU,FP.CPI.TOTL.ZG,2017,1.509494851
DEU,FP.CPI.TOTL.ZG,2018,1.732168798
DEU,FP.CPI.TOTL.ZG,2019,1.445659769
DEU,FP.CPI.TOTL.ZG,2020,0.144877926
DEU,FP.CPI.TOTL.ZG,2021,3.066666667
DEU,FP.CPI.TOTL.ZG,2022,6.872574386
DEU,FP.CPI.TOTL.ZG,2023,5.946436677
DEU,FP.CPI.TOTL.ZG,2024,2.256498143
DEU,FP.CPI.TOTL.ZG,2025,2.171787709
GHA,FP.CPI.TOTL.ZG,1960,
GHA,FP.CPI.TOTL.ZG,1961,
GHA,FP.CPI.TOTL.ZG,1962,
GHA,FP.CPI.TOTL.ZG,1963,
GHA,FP.CPI.TOTL.ZG,1964,
GHA,FP.CPI.TOTL.ZG,1965,26.44478485
GHA,FP.CPI.TOTL.ZG,1966,13.23788546
GHA,FP.CPI.TOTL.ZG,1967,-8.422485898
GHA,FP.CPI.TOTL.ZG,1968,7.894736842
GHA,FP.CPI.TOTL.ZG,1969,7.317073163
GHA,FP.CPI.TOTL.ZG,1970,3.030303031
GHA,FP.CPI.TOTL.ZG,1971,9.558823537
GHA,FP.CPI.TOTL.ZG,1972,10.06711409
GHA,FP.CPI.TOTL.ZG,1973,17.68292682
GHA,FP.CPI.TOTL.ZG,1974,18.13471503
GHA,FP.CPI.TOTL.ZG,1975,29.8245614
GHA,FP.CPI.TOTL.ZG,1976,56.08108108
GHA,FP.CPI.TOTL.ZG,1977,116.4502165
GHA,FP.CPI.TOTL.ZG,1978,73.09166667
GHA,FP.CPI.TOTL.ZG,1979,54.44128833
GHA,FP.CPI.TOTL.ZG,1980,50.07013934
GHA,FP.CPI.TOTL.ZG,1981,116.503604
GHA,FP.CPI.TOTL.ZG,1982,22.29556641
GHA,FP.CPI.TOTL.ZG,1983,122.8745146
GHA,FP.CPI.TOTL.ZG,1984,39.66531379
GHA,FP.CPI.TOTL.ZG,1985,10.30544067
GHA,FP.CPI.TOTL.ZG,1986,24.56541608
GHA,FP.CPI.TOTL.ZG,1987,39.81506788
GHA,FP.CPI.TOTL.ZG,1988,31.35926763
GHA,FP.CPI.TOTL.ZG,1989,25.22369203
GHA,FP.CPI.TOTL.ZG,1990,37.25906649
GHA,FP.CPI.TOTL.ZG,1991,18.03143901
GHA,FP.CPI.TOTL.ZG,1992,10.05611674
GHA,FP.CPI.TOTL.ZG,1993,24.95984247
GHA,FP.CPI.TOTL.ZG,1994,24.87025544
GHA,FP.CPI.TOTL.ZG,1995,59.4615537
GHA,FP.CPI.TOTL.ZG,1996,46.56101968
GHA,FP.CPI.TOTL.ZG,1997,27.88520864
GHA,FP.CPI.TOTL.ZG,1998,14.62416667
GHA,FP.CPI.TOTL.ZG,1999,4.865397851
GHA,FP.CPI.TOTL.ZG,2000,40.24093312
GHA,FP.CPI.TOTL.ZG,2001,41.50949629
GHA,FP.CPI.TOTL.ZG,2002,9.360932396
GHA,FP.CPI.TOTL.ZG,2003,29.77297972
GHA,FP.CPI.TOTL.ZG,2004,18.04273882
GHA,FP.CPI.TOTL.ZG,2005,15.43899202
GHA,FP.CPI.TOTL.ZG,2006,11.67918394
GHA,FP.CPI.TOTL.ZG,2007,10.73426655
GHA,FP.CPI.TOTL.ZG,2008,16.49463961
GHA,FP.CPI.TOTL.ZG,2009,19.24694822
GHA,FP.CPI.TOTL.ZG,2010,10.73338984
GHA,FP.CPI.TOTL.ZG,2011,8.728459371
GHA,FP.CPI.TOTL.ZG,2012,11.18634094
GHA,FP.CPI.TOTL.ZG,2013,11.66619231
GHA,FP.CPI.TOTL.ZG,2014,15.48961603
GHA,FP.CPI.TOTL.ZG,2015,17.1499695
GHA,FP.CPI.TOTL.ZG,2016,17.45463471
GHA,FP.CPI.TOTL.ZG,2017,12.37192155
GHA,FP.CPI.TOTL.ZG,2018,7.808765166
GHA,FP.CPI.TOTL.ZG,2019,7.143640033
GHA,FP.CPI.TOTL.ZG,2020,9.887289563
GHA,FP.CPI.TOTL.ZG,2021,9.971088675
GHA,FP.CPI.TOTL.ZG,2022,31.2558951
GHA,FP.CPI.TOTL.ZG,2023,38.10696563
GHA,FP.CPI.TOTL.ZG,2024,22.84832812
GHA,FP.CPI.TOTL.ZG,2025,14.20467555
GIB,FP.CPI.TOTL.ZG,1960,
GIB,FP.CPI.TOTL.ZG,1961,
GIB,FP.CPI.TOTL.ZG,1962,
GIB,FP.CPI.TOTL.ZG,1963,
GIB,FP.CPI.TOTL.ZG,1964,
GIB,FP.CPI.TOTL.ZG,1965,
GIB,FP.CPI.TOTL.ZG,1966,
GIB,FP.CPI.TOTL.ZG,1967,
GIB,FP.CPI.TOTL.ZG,1968,
GIB,FP.CPI.TOTL.ZG,1969,
GIB,FP.CPI.TOTL.ZG,1970,
GIB,FP.CPI.TOTL.ZG,1971,
GIB,FP.CPI.TOTL.ZG,1972,
GIB,FP.CPI.TOTL.ZG,1973,
GIB,FP.CPI.TOTL.ZG,1974,
GIB,FP.CPI.TOTL.ZG,1975,
GIB,FP.CPI.TOTL.ZG,1976,
GIB,FP.CPI.TOTL.ZG,1977,
GIB,FP.CPI.TOTL.ZG,1978,
GIB,FP.CPI.TOTL.ZG,1979,
GIB,FP.CPI.TOTL.ZG,1980,
GIB,FP.CPI.TOTL.ZG,1981,
GIB,FP.CPI.TOTL.ZG,1982,
GIB,FP.CPI.TOTL.ZG,1983,
GIB,FP.CPI.TOTL.ZG,1984,
GIB,FP.CPI.TOTL.ZG,1985,
GIB,FP.CPI.TOTL.ZG,1986,
GIB,FP.CPI.TOTL.ZG,1987,
GIB,FP.CPI.TOTL.ZG,1988,
GIB,FP.CPI.TOTL.ZG,1989,
GIB,FP.CPI.TOTL.ZG,1990,
GIB,FP.CPI.TOTL.ZG,1991,
GIB,FP.CPI.TOTL.ZG,1992,
GIB,FP.CPI.TOTL.ZG,1993,
GIB,FP.CPI.TOTL.ZG,1994,
GIB,FP.CPI.TOTL.ZG,1995,
GIB,FP.CPI.TOTL.ZG,1996,
GIB,FP.CPI.TOTL.ZG,1997,
GIB,FP.CPI.TOTL.ZG,1998,
GIB,FP.CPI.TOTL.ZG,1999,
GIB,FP.CPI.TOTL.ZG,2000,
GIB,FP.CPI.TOTL.ZG,2001,
GIB,FP.CPI.TOTL.ZG,2002,
GIB,FP.CPI.TOTL.ZG,2003,
GIB,FP.CPI.TOTL.ZG,2004,
GIB,FP.CPI.TOTL.ZG,2005,
GIB,FP.CPI.TOTL.ZG,2006,
GIB,FP.CPI.TOTL.ZG,2007,
GIB,FP.CPI.TOTL.ZG,2008,
GIB,FP.CPI.TOTL.ZG,2009,
GIB,FP.CPI.TOTL.ZG,2010,
GIB,FP.CPI.TOTL.ZG,2011,
GIB,FP.CPI.TOTL.ZG,2012,
GIB,FP.CPI.TOTL.ZG,2013,
GIB,FP.CPI.TOTL.ZG,2014,
GIB,FP.CPI.TOTL.ZG,2015,
GIB,FP.CPI.TOTL.ZG,2016,
GIB,FP.CPI.TOTL.ZG,2017,
GIB,FP.CPI.TOTL.ZG,2018,
GIB,FP.CPI.TOTL.ZG,2019,
GIB,FP.CPI.TOTL.ZG,2020,
GIB,FP.CPI.TOTL.ZG,2021,
GIB,FP.CPI.TOTL.ZG,2022,
GIB,FP.CPI.TOTL.ZG,2023,
GIB,FP.CPI.TOTL.ZG,2024,
GIB,FP.CPI.TOTL.ZG,2025,
GRC,FP.CPI.TOTL.ZG,1960,1.477847585
GRC,FP.CPI.TOTL.ZG,1961,2.10357935
GRC,FP.CPI.TOTL.ZG,1962,-0.475428291
GRC,FP.CPI.TOTL.ZG,1963,3.184662728
GRC,FP.CPI.TOTL.ZG,1964,0.617302979
GRC,FP.CPI.TOTL.ZG,1965,3.22087247
GRC,FP.CPI.TOTL.ZG,1966,4.903415961
GRC,FP.CPI.TOTL.ZG,1967,1.841357028
GRC,FP.CPI.TOTL.ZG,1968,0.139060584
GRC,FP.CPI.TOTL.ZG,1969,2.638918688
GRC,FP.CPI.TOTL.ZG,1970,2.841670679
GRC,FP.CPI.TOTL.ZG,1971,3.289470722
GRC,FP.CPI.TOTL.ZG,1972,4.331201232
GRC,FP.CPI.TOTL.ZG,1973,15.38462407
GRC,FP.CPI.TOTL.ZG,1974,26.56084659
GRC,FP.CPI.TOTL.ZG,1975,13.62876178
GRC,FP.CPI.TOTL.ZG,1976,13.02427946
GRC,FP.CPI.TOTL.ZG,1977,12.36979709
GRC,FP.CPI.TOTL.ZG,1978,12.57242567
GRC,FP.CPI.TOTL.ZG,1979,19.09417468
GRC,FP.CPI.TOTL.ZG,1980,24.67589397
GRC,FP.CPI.TOTL.ZG,1981,24.5060676
GRC,FP.CPI.TOTL.ZG,1982,20.99108862
GRC,FP.CPI.TOTL.ZG,1983,20.17948129
GRC,FP.CPI.TOTL.ZG,1984,18.45681321
GRC,FP.CPI.TOTL.ZG,1985,19.31469294
GRC,FP.CPI.TOTL.ZG,1986,23.01545082
GRC,FP.CPI.TOTL.ZG,1987,16.39686316
GRC,FP.CPI.TOTL.ZG,1988,13.52885832
GRC,FP.CPI.TOTL.ZG,1989,13.65556387
GRC,FP.CPI.TOTL.ZG,1990,20.43349911
GRC,FP.CPI.TOTL.ZG,1991,19.45584564
GRC,FP.CPI.TOTL.ZG,1992,15.87707379
GRC,FP.CPI.TOTL.ZG,1993,14.41126444
GRC,FP.CPI.TOTL.ZG,1994,10.87407568
GRC,FP.CPI.TOTL.ZG,1995,8.93451416
GRC,FP.CPI.TOTL.ZG,1996,8.194552176
GRC,FP.CPI.TOTL.ZG,1997,5.536002668
GRC,FP.CPI.TOTL.ZG,1998,4.766225724
GRC,FP.CPI.TOTL.ZG,1999,2.63663306
GRC,FP.CPI.TOTL.ZG,2000,3.151181625
GRC,FP.CPI.TOTL.ZG,2001,3.373968322
GRC,FP.CPI.TOTL.ZG,2002,3.629358719
GRC,FP.CPI.TOTL.ZG,2003,3.530650278
GRC,FP.CPI.TOTL.ZG,2004,2.898848108
GRC,FP.CPI.TOTL.ZG,2005,3.545072733
GRC,FP.CPI.TOTL.ZG,2006,3.195946841
GRC,FP.CPI.TOTL.ZG,2007,2.895003215
GRC,FP.CPI.TOTL.ZG,2008,4.152797081
GRC,FP.CPI.TOTL.ZG,2009,1.210072692
GRC,FP.CPI.TOTL.ZG,2010,4.712989078
GRC,FP.CPI.TOTL.ZG,2011,3.329853234
GRC,FP.CPI.TOTL.ZG,2012,1.501526962
GRC,FP.CPI.TOTL.ZG,2013,-0.921269454
GRC,FP.CPI.TOTL.ZG,2014,-1.312260964
GRC,FP.CPI.TOTL.ZG,2015,-1.735888048
GRC,FP.CPI.TOTL.ZG,2016,-0.825653978
GRC,FP.CPI.TOTL.ZG,2017,1.12125452
GRC,FP.CPI.TOTL.ZG,2018,0.625621413
GRC,FP.CPI.TOTL.ZG,2019,0.253007522
GRC,FP.CPI.TOTL.ZG,2020,-1.247983556
GRC,FP.CPI.TOTL.ZG,2021,1.22382501
GRC,FP.CPI.TOTL.ZG,2022,9.645259813
GRC,FP.CPI.TOTL.ZG,2023,3.464801285
GRC,FP.CPI.TOTL.ZG,2024,2.741018757
GRC,FP.CPI.TOTL.ZG,2025,2.482097454
GRL,FP.CPI.TOTL.ZG,1960,
GRL,FP.CPI.TOTL.ZG,1961,
GRL,FP.CPI.TOTL.ZG,1962,
GRL,FP.CPI.TOTL.ZG,1963,
GRL,FP.CPI.TOTL.ZG,1964,
GRL,FP.CPI.TOTL.ZG,1965,
GRL,FP.CPI.TOTL.ZG,1966,
GRL,FP.CPI.TOTL.ZG,1967,
GRL,FP.CPI.TOTL.ZG,1968,
GRL,FP.CPI.TOTL.ZG,1969,
GRL,FP.CPI.TOTL.ZG,1970,
GRL,FP.CPI.TOTL.ZG,1971,
GRL,FP.CPI.TOTL.ZG,1972,
GRL,FP.CPI.TOTL.ZG,1973,
GRL,FP.CPI.TOTL.ZG,1974,
GRL,FP.CPI.TOTL.ZG,1975,
GRL,FP.CPI.TOTL.ZG,1976,
GRL,FP.CPI.TOTL.ZG,1977,
GRL,FP.CPI.TOTL.ZG,1978,
GRL,FP.CPI.TOTL.ZG,1979,
GRL,FP.CPI.TOTL.ZG,1980,
GRL,FP.CPI.TOTL.ZG,1981,
GRL,FP.CPI.TOTL.ZG,1982,
GRL,FP.CPI.TOTL.ZG,1983,
GRL,FP.CPI.TOTL.ZG,1984,
GRL,FP.CPI.TOTL.ZG,1985,
GRL,FP.CPI.TOTL.ZG,1986,
GRL,FP.CPI.TOTL.ZG,1987,
GRL,FP.CPI.TOTL.ZG,1988,
GRL,FP.CPI.TOTL.ZG,1989,
GRL,FP.CPI.TOTL.ZG,1990,
GRL,FP.CPI.TOTL.ZG,1991,
GRL,FP.CPI.TOTL.ZG,1992,
GRL,FP.CPI.TOTL.ZG,1993,
GRL,FP.CPI.TOTL.ZG,1994,
GRL,FP.CPI.TOTL.ZG,1995,
GRL,FP.CPI.TOTL.ZG,1996,
GRL,FP.CPI.TOTL.ZG,1997,
GRL,FP.CPI.TOTL.ZG,1998,
GRL,FP.CPI.TOTL.ZG,1999,
GRL,FP.CPI.TOTL.ZG,2000,
GRL,FP.CPI.TOTL.ZG,2001,
GRL,FP.CPI.TOTL.ZG,2002,
GRL,FP.CPI.TOTL.ZG,2003,
GRL,FP.CPI.TOTL.ZG,2004,
GRL,FP.CPI.TOTL.ZG,2005,
GRL,FP.CPI.TOTL.ZG,2006,
GRL,FP.CPI.TOTL.ZG,2007,
GRL,FP.CPI.TOTL.ZG,2008,
GRL,FP.CPI.TOTL.ZG,2009,
GRL,FP.CPI.TOTL.ZG,2010,
GRL,FP.CPI.TOTL.ZG,2011,
GRL,FP.CPI.TOTL.ZG,2012,
GRL,FP.CPI.TOTL.ZG,2013,
GRL,FP.CPI.TOTL.ZG,2014,
GRL,FP.CPI.TOTL.ZG,2015,
GRL,FP.CPI.TOTL.ZG,2016,
GRL,FP.CPI.TOTL.ZG,2017,
GRL,FP.CPI.TOTL.ZG,2018,
GRL,FP.CPI.TOTL.ZG,2019,
GRL,FP.CPI.TOTL.ZG,2020,
GRL,FP.CPI.TOTL.ZG,2021,
GRL,FP.CPI.TOTL.ZG,2022,
GRL,FP.CPI.TOTL.ZG,2023,
GRL,FP.CPI.TOTL.ZG,2024,
GRL,FP.CPI.TOTL.ZG,2025,
GRD,FP.CPI.TOTL.ZG,1960,
GRD,FP.CPI.TOTL.ZG,1961,
GRD,FP.CPI.TOTL.ZG,1962,
GRD,FP.CPI.TOTL.ZG,1963,
GRD,FP.CPI.TOTL.ZG,1964,
GRD,FP.CPI.TOTL.ZG,1965,
GRD,FP.CPI.TOTL.ZG,1966,
GRD,FP.CPI.TOTL.ZG,1967,
GRD,FP.CPI.TOTL.ZG,1968,
GRD,FP.CPI.TOTL.ZG,1969,
GRD,FP.CPI.TOTL.ZG,1970,
GRD,FP.CPI.TOTL.ZG,1971,
GRD,FP.CPI.TOTL.ZG,1972,
GRD,FP.CPI.TOTL.ZG,1973,
GRD,FP.CPI.TOTL.ZG,1974,
GRD,FP.CPI.TOTL.ZG,1975,
GRD,FP.CPI.TOTL.ZG,1976,
GRD,FP.CPI.TOTL.ZG,1977,18.45688351
GRD,FP.CPI.TOTL.ZG,1978,18.13537676
GRD,FP.CPI.TOTL.ZG,1979,20.88288288
GRD,FP.CPI.TOTL.ZG,1980,21.82143389
GRD,FP.CPI.TOTL.ZG,1981,18.78747094
GRD,FP.CPI.TOTL.ZG,1982,7.812741412
GRD,FP.CPI.TOTL.ZG,1983,6.095347282
GRD,FP.CPI.TOTL.ZG,1984,5.659612787
GRD,FP.CPI.TOTL.ZG,1985,2.501384924
GRD,FP.CPI.TOTL.ZG,1986,0.557079904
GRD,FP.CPI.TOTL.ZG,1987,-0.872333388
GRD,FP.CPI.TOTL.ZG,1988,4
GRD,FP.CPI.TOTL.ZG,1989,5.592948718
GRD,FP.CPI.TOTL.ZG,1990,2.724237365
GRD,FP.CPI.TOTL.ZG,1991,2.644603679
GRD,FP.CPI.TOTL.ZG,1992,3.778337531
GRD,FP.CPI.TOTL.ZG,1993,2.808599168
GRD,FP.CPI.TOTL.ZG,1994,3.770657673
GRD,FP.CPI.TOTL.ZG,1995,1.868824753
GRD,FP.CPI.TOTL.ZG,1996,2.032351721
GRD,FP.CPI.TOTL.ZG,1997,1.24452783
GRD,FP.CPI.TOTL.ZG,1998,1.377693304
GRD,FP.CPI.TOTL.ZG,1999,0.577427639
GRD,FP.CPI.TOTL.ZG,2000,2.181818182
GRD,FP.CPI.TOTL.ZG,2001,3.140993052
GRD,FP.CPI.TOTL.ZG,2002,1.06721548
GRD,FP.CPI.TOTL.ZG,2003,2.154928099
GRD,FP.CPI.TOTL.ZG,2004,2.312916782
GRD,FP.CPI.TOTL.ZG,2005,3.475806938
GRD,FP.CPI.TOTL.ZG,2006,4.25195322
GRD,FP.CPI.TOTL.ZG,2007,3.858829225
GRD,FP.CPI.TOTL.ZG,2008,8.033273277
GRD,FP.CPI.TOTL.ZG,2009,-0.30865478
GRD,FP.CPI.TOTL.ZG,2010,3.436509059
GRD,FP.CPI.TOTL.ZG,2011,3.033472803
GRD,FP.CPI.TOTL.ZG,2012,2.41077704
GRD,FP.CPI.TOTL.ZG,2013,-0.043999786
GRD,FP.CPI.TOTL.ZG,2014,-0.983603056
GRD,FP.CPI.TOTL.ZG,2015,-0.515448031
GRD,FP.CPI.TOTL.ZG,2016,1.650389944
GRD,FP.CPI.TOTL.ZG,2017,0.908458256
GRD,FP.CPI.TOTL.ZG,2018,0.804102313
GRD,FP.CPI.TOTL.ZG,2019,0.598149765
GRD,FP.CPI.TOTL.ZG,2020,-0.740732597
GRD,FP.CPI.TOTL.ZG,2021,1.219511939
GRD,FP.CPI.TOTL.ZG,2022,2.580539259
GRD,FP.CPI.TOTL.ZG,2023,2.696122698
GRD,FP.CPI.TOTL.ZG,2024,1.086153651
GRD,FP.CPI.TOTL.ZG,2025,0.610311976
GUM,FP.CPI.TOTL.ZG,1960,
GUM,FP.CPI.TOTL.ZG,1961,
GUM,FP.CPI.TOTL.ZG,1962,
GUM,FP.CPI.TOTL.ZG,1963,
GUM,FP.CPI.TOTL.ZG,1964,
GUM,FP.CPI.TOTL.ZG,1965,
GUM,FP.CPI.TOTL.ZG,1966,
GUM,FP.CPI.TOTL.ZG,1967,
GUM,FP.CPI.TOTL.ZG,1968,
GUM,FP.CPI.TOTL.ZG,1969,
GUM,FP.CPI.TOTL.ZG,1970,
GUM,FP.CPI.TOTL.ZG,1971,
GUM,FP.CPI.TOTL.ZG,1972,
GUM,FP.CPI.TOTL.ZG,1973,
GUM,FP.CPI.TOTL.ZG,1974,
GUM,FP.CPI.TOTL.ZG,1975,
GUM,FP.CPI.TOTL.ZG,1976,
GUM,FP.CPI.TOTL.ZG,1977,
GUM,FP.CPI.TOTL.ZG,1978,
GUM,FP.CPI.TOTL.ZG,1979,
GUM,FP.CPI.TOTL.ZG,1980,
GUM,FP.CPI.TOTL.ZG,1981,
GUM,FP.CPI.TOTL.ZG,1982,
GUM,FP.CPI.TOTL.ZG,1983,
GUM,FP.CPI.TOTL.ZG,1984,
GUM,FP.CPI.TOTL.ZG,1985,
GUM,FP.CPI.TOTL.ZG,1986,
GUM,FP.CPI.TOTL.ZG,1987,
GUM,FP.CPI.TOTL.ZG,1988,
GUM,FP.CPI.TOTL.ZG,1989,
GUM,FP.CPI.TOTL.ZG,1990,
GUM,FP.CPI.TOTL.ZG,1991,
GUM,FP.CPI.TOTL.ZG,1992,
GUM,FP.CPI.TOTL.ZG,1993,
GUM,FP.CPI.TOTL.ZG,1994,
GUM,FP.CPI.TOTL.ZG,1995,
GUM,FP.CPI.TOTL.ZG,1996,
GUM,FP.CPI.TOTL.ZG,1997,
GUM,FP.CPI.TOTL.ZG,1998,
GUM,FP.CPI.TOTL.ZG,1999,
GUM,FP.CPI.TOTL.ZG,2000,
GUM,FP.CPI.TOTL.ZG,2001,
GUM,FP.CPI.TOTL.ZG,2002,
GUM,FP.CPI.TOTL.ZG,2003,
GUM,FP.CPI.TOTL.ZG,2004,
GUM,FP.CPI.TOTL.ZG,2005,
GUM,FP.CPI.TOTL.ZG,2006,
GUM,FP.CPI.TOTL.ZG,2007,
GUM,FP.CPI.TOTL.ZG,2008,
GUM,FP.CPI.TOTL.ZG,2009,
GUM,FP.CPI.TOTL.ZG,2010,
GUM,FP.CPI.TOTL.ZG,2011,
GUM,FP.CPI.TOTL.ZG,2012,
GUM,FP.CPI.TOTL.ZG,2013,
GUM,FP.CPI.TOTL.ZG,2014,
GUM,FP.CPI.TOTL.ZG,2015,
GUM,FP.CPI.TOTL.ZG,2016,
GUM,FP.CPI.TOTL.ZG,2017,
GUM,FP.CPI.TOTL.ZG,2018,
GUM,FP.CPI.TOTL.ZG,2019,
GUM,FP.CPI.TOTL.ZG,2020,
GUM,FP.CPI.TOTL.ZG,2021,
GUM,FP.CPI.TOTL.ZG,2022,
GUM,FP.CPI.TOTL.ZG,2023,
GUM,FP.CPI.TOTL.ZG,2024,
GUM,FP.CPI.TOTL.ZG,2025,
GTM,FP.CPI.TOTL.ZG,1960,-1.190693153
GTM,FP.CPI.TOTL.ZG,1961,-0.553335383
GTM,FP.CPI.TOTL.ZG,1962,2.052550232
GTM,FP.CPI.TOTL.ZG,1963,0.151450899
GTM,FP.CPI.TOTL.ZG,1964,-0.193563997
GTM,FP.CPI.TOTL.ZG,1965,-0.8
GTM,FP.CPI.TOTL.ZG,1966,0.684261974
GTM,FP.CPI.TOTL.ZG,1967,0.485436893
GTM,FP.CPI.TOTL.ZG,1968,1.926328502
GTM,FP.CPI.TOTL.ZG,1969,2.097280645
GTM,FP.CPI.TOTL.ZG,1970,2.344339349
GTM,FP.CPI.TOTL.ZG,1971,-0.453591881
GTM,FP.CPI.TOTL.ZG,1972,0.529703252
GTM,FP.CPI.TOTL.ZG,1973,13.79603399
GTM,FP.CPI.TOTL.ZG,1974,16.49489669
GTM,FP.CPI.TOTL.ZG,1975,13.15924438
GTM,FP.CPI.TOTL.ZG,1976,10.725
GTM,FP.CPI.TOTL.ZG,1977,12.32457969
GTM,FP.CPI.TOTL.ZG,1978,8.28797625
GTM,FP.CPI.TOTL.ZG,1979,11.34338588
GTM,FP.CPI.TOTL.ZG,1980,10.82384323
GTM,FP.CPI.TOTL.ZG,1981,11.43306795
GTM,FP.CPI.TOTL.ZG,1982,0.307385561
GTM,FP.CPI.TOTL.ZG,1983,4.538678151
GTM,FP.CPI.TOTL.ZG,1984,3.406750118
GTM,FP.CPI.TOTL.ZG,1985,18.6867913
GTM,FP.CPI.TOTL.ZG,1986,36.9311213
GTM,FP.CPI.TOTL.ZG,1987,12.32321328
GTM,FP.CPI.TOTL.ZG,1988,10.83270377
GTM,FP.CPI.TOTL.ZG,1989,11.3871322
GTM,FP.CPI.TOTL.ZG,1990,41.22186714
GTM,FP.CPI.TOTL.ZG,1991,33.16642192
GTM,FP.CPI.TOTL.ZG,1992,10.045918
GTM,FP.CPI.TOTL.ZG,1993,11.81969017
GTM,FP.CPI.TOTL.ZG,1994,10.85532115
GTM,FP.CPI.TOTL.ZG,1995,8.411413123
GTM,FP.CPI.TOTL.ZG,1996,11.05691653
GTM,FP.CPI.TOTL.ZG,1997,9.232902949
GTM,FP.CPI.TOTL.ZG,1998,6.613460705
GTM,FP.CPI.TOTL.ZG,1999,5.213610586
GTM,FP.CPI.TOTL.ZG,2000,5.977577347
GTM,FP.CPI.TOTL.ZG,2001,7.285873666
GTM,FP.CPI.TOTL.ZG,2002,8.132630543
GTM,FP.CPI.TOTL.ZG,2003,5.603476754
GTM,FP.CPI.TOTL.ZG,2004,7.578622473
GTM,FP.CPI.TOTL.ZG,2005,9.108649857
GTM,FP.CPI.TOTL.ZG,2006,6.560852828
GTM,FP.CPI.TOTL.ZG,2007,6.821617536
GTM,FP.CPI.TOTL.ZG,2008,11.35576113
GTM,FP.CPI.TOTL.ZG,2009,1.859102547
GTM,FP.CPI.TOTL.ZG,2010,3.859509098
GTM,FP.CPI.TOTL.ZG,2011,6.214123931
GTM,FP.CPI.TOTL.ZG,2012,3.781807547
GTM,FP.CPI.TOTL.ZG,2013,4.343371313
GTM,FP.CPI.TOTL.ZG,2014,3.418361697
GTM,FP.CPI.TOTL.ZG,2015,2.388720328
GTM,FP.CPI.TOTL.ZG,2016,4.448441999
GTM,FP.CPI.TOTL.ZG,2017,4.424536552
GTM,FP.CPI.TOTL.ZG,2018,3.751861867
GTM,FP.CPI.TOTL.ZG,2019,3.69998398
GTM,FP.CPI.TOTL.ZG,2020,3.214440622
GTM,FP.CPI.TOTL.ZG,2021,4.261051274
GTM,FP.CPI.TOTL.ZG,2022,6.885128233
GTM,FP.CPI.TOTL.ZG,2023,6.206575923
GTM,FP.CPI.TOTL.ZG,2024,2.869927529
GTM,FP.CPI.TOTL.ZG,2025,1.488415911
GIN,FP.CPI.TOTL.ZG,1960,
GIN,FP.CPI.TOTL.ZG,1961,
GIN,FP.CPI.TOTL.ZG,1962,
GIN,FP.CPI.TOTL.ZG,1963,
GIN,FP.CPI.TOTL.ZG,1964,
GIN,FP.CPI.TOTL.ZG,1965,
GIN,FP.CPI.TOTL.ZG,1966,
GIN,FP.CPI.TOTL.ZG,1967,
GIN,FP.CPI.TOTL.ZG,1968,
GIN,FP.CPI.TOTL.ZG,1969,
GIN,FP.CPI.TOTL.ZG,1970,
GIN,FP.CPI.TOTL.ZG,1971,
GIN,FP.CPI.TOTL.ZG,1972,
GIN,FP.CPI.TOTL.ZG,1973,
GIN,FP.CPI.TOTL.ZG,1974,
GIN,FP.CPI.TOTL.ZG,1975,
GIN,FP.CPI.TOTL.ZG,1976,
GIN,FP.CPI.TOTL.ZG,1977,
GIN,FP.CPI.TOTL.ZG,1978,
GIN,FP.CPI.TOTL.ZG,1979,
GIN,FP.CPI.TOTL.ZG,1980,
GIN,FP.CPI.TOTL.ZG,1981,
GIN,FP.CPI.TOTL.ZG,1982,
GIN,FP.CPI.TOTL.ZG,1983,
GIN,FP.CPI.TOTL.ZG,1984,
GIN,FP.CPI.TOTL.ZG,1985,
GIN,FP.CPI.TOTL.ZG,1986,
GIN,FP.CPI.TOTL.ZG,1987,
GIN,FP.CPI.TOTL.ZG,1988,
GIN,FP.CPI.TOTL.ZG,1989,
GIN,FP.CPI.TOTL.ZG,1990,
GIN,FP.CPI.TOTL.ZG,1991,
GIN,FP.CPI.TOTL.ZG,1992,
GIN,FP.CPI.TOTL.ZG,1993,
GIN,FP.CPI.TOTL.ZG,1994,
GIN,FP.CPI.TOTL.ZG,1995,
GIN,FP.CPI.TOTL.ZG,1996,
GIN,FP.CPI.TOTL.ZG,1997,
GIN,FP.CPI.TOTL.ZG,1998,
GIN,FP.CPI.TOTL.ZG,1999,
GIN,FP.CPI.TOTL.ZG,2000,
GIN,FP.CPI.TOTL.ZG,2001,
GIN,FP.CPI.TOTL.ZG,2002,
GIN,FP.CPI.TOTL.ZG,2003,
GIN,FP.CPI.TOTL.ZG,2004,
GIN,FP.CPI.TOTL.ZG,2005,31.37330259
GIN,FP.CPI.TOTL.ZG,2006,34.6952706
GIN,FP.CPI.TOTL.ZG,2007,18.17556561
GIN,FP.CPI.TOTL.ZG,2008,23.06561294
GIN,FP.CPI.TOTL.ZG,2009,4.68438869
GIN,FP.CPI.TOTL.ZG,2010,15.05026886
GIN,FP.CPI.TOTL.ZG,2011,21.31692685
GIN,FP.CPI.TOTL.ZG,2012,15.2262941
GIN,FP.CPI.TOTL.ZG,2013,11.88758845
GIN,FP.CPI.TOTL.ZG,2014,6.150505567
GIN,FP.CPI.TOTL.ZG,2015,11.7800825
GIN,FP.CPI.TOTL.ZG,2016,8.172681123
GIN,FP.CPI.TOTL.ZG,2017,8.914359479
GIN,FP.CPI.TOTL.ZG,2018,9.827617013
GIN,FP.CPI.TOTL.ZG,2019,9.470010393
GIN,FP.CPI.TOTL.ZG,2020,10.60162034
GIN,FP.CPI.TOTL.ZG,2021,12.59728826
GIN,FP.CPI.TOTL.ZG,2022,10.493041
GIN,FP.CPI.TOTL.ZG,2023,7.804975919
GIN,FP.CPI.TOTL.ZG,2024,8.123139149
GIN,FP.CPI.TOTL.ZG,2025,3.546301631
GNB,FP.CPI.TOTL.ZG,1960,
GNB,FP.CPI.TOTL.ZG,1961,
GNB,FP.CPI.TOTL.ZG,1962,
GNB,FP.CPI.TOTL.ZG,1963,
GNB,FP.CPI.TOTL.ZG,1964,
GNB,FP.CPI.TOTL.ZG,1965,
GNB,FP.CPI.TOTL.ZG,1966,
GNB,FP.CPI.TOTL.ZG,1967,
GNB,FP.CPI.TOTL.ZG,1968,
GNB,FP.CPI.TOTL.ZG,1969,
GNB,FP.CPI.TOTL.ZG,1970,
GNB,FP.CPI.TOTL.ZG,1971,
GNB,FP.CPI.TOTL.ZG,1972,
GNB,FP.CPI.TOTL.ZG,1973,
GNB,FP.CPI.TOTL.ZG,1974,
GNB,FP.CPI.TOTL.ZG,1975,
GNB,FP.CPI.TOTL.ZG,1976,
GNB,FP.CPI.TOTL.ZG,1977,
GNB,FP.CPI.TOTL.ZG,1978,
GNB,FP.CPI.TOTL.ZG,1979,
GNB,FP.CPI.TOTL.ZG,1980,
GNB,FP.CPI.TOTL.ZG,1981,
GNB,FP.CPI.TOTL.ZG,1982,
GNB,FP.CPI.TOTL.ZG,1983,
GNB,FP.CPI.TOTL.ZG,1984,
GNB,FP.CPI.TOTL.ZG,1985,
GNB,FP.CPI.TOTL.ZG,1986,
GNB,FP.CPI.TOTL.ZG,1987,
GNB,FP.CPI.TOTL.ZG,1988,60.28178263
GNB,FP.CPI.TOTL.ZG,1989,80.78814064
GNB,FP.CPI.TOTL.ZG,1990,33.00197783
GNB,FP.CPI.TOTL.ZG,1991,57.59528475
GNB,FP.CPI.TOTL.ZG,1992,69.5836364
GNB,FP.CPI.TOTL.ZG,1993,48.10816607
GNB,FP.CPI.TOTL.ZG,1994,15.17634743
GNB,FP.CPI.TOTL.ZG,1995,45.36530836
GNB,FP.CPI.TOTL.ZG,1996,50.73405496
GNB,FP.CPI.TOTL.ZG,1997,49.10092358
GNB,FP.CPI.TOTL.ZG,1998,8.01375519
GNB,FP.CPI.TOTL.ZG,1999,-2.086305132
GNB,FP.CPI.TOTL.ZG,2000,8.636320949
GNB,FP.CPI.TOTL.ZG,2001,3.348122655
GNB,FP.CPI.TOTL.ZG,2002,3.300121753
GNB,FP.CPI.TOTL.ZG,2003,-3.502585511
GNB,FP.CPI.TOTL.ZG,2004,0.883302697
GNB,FP.CPI.TOTL.ZG,2005,3.329199228
GNB,FP.CPI.TOTL.ZG,2006,1.954737176
GNB,FP.CPI.TOTL.ZG,2007,4.617437722
GNB,FP.CPI.TOTL.ZG,2008,10.46007314
GNB,FP.CPI.TOTL.ZG,2009,-1.651397336
GNB,FP.CPI.TOTL.ZG,2010,2.517851402
GNB,FP.CPI.TOTL.ZG,2011,5.046102263
GNB,FP.CPI.TOTL.ZG,2012,2.130545803
GNB,FP.CPI.TOTL.ZG,2013,1.207125557
GNB,FP.CPI.TOTL.ZG,2014,-1.509244606
GNB,FP.CPI.TOTL.ZG,2015,1.476720489
GNB,FP.CPI.TOTL.ZG,2016,1.503120559
GNB,FP.CPI.TOTL.ZG,2017,1.691114618
GNB,FP.CPI.TOTL.ZG,2018,0.381324703
GNB,FP.CPI.TOTL.ZG,2019,0.246600268
GNB,FP.CPI.TOTL.ZG,2020,1.140009394
GNB,FP.CPI.TOTL.ZG,2021,2.242488796
GNB,FP.CPI.TOTL.ZG,2022,9.39075934
GNB,FP.CPI.TOTL.ZG,2023,7.102209286
GNB,FP.CPI.TOTL.ZG,2024,3.765558258
GNB,FP.CPI.TOTL.ZG,2025,0.874929691
GUY,FP.CPI.TOTL.ZG,1960,
GUY,FP.CPI.TOTL.ZG,1961,
GUY,FP.CPI.TOTL.ZG,1962,
GUY,FP.CPI.TOTL.ZG,1963,
GUY,FP.CPI.TOTL.ZG,1964,
GUY,FP.CPI.TOTL.ZG,1965,
GUY,FP.CPI.TOTL.ZG,1966,
GUY,FP.CPI.TOTL.ZG,1967,
GUY,FP.CPI.TOTL.ZG,1968,
GUY,FP.CPI.TOTL.ZG,1969,
GUY,FP.CPI.TOTL.ZG,1970,
GUY,FP.CPI.TOTL.ZG,1971,
GUY,FP.CPI.TOTL.ZG,1972,
GUY,FP.CPI.TOTL.ZG,1973,
GUY,FP.CPI.TOTL.ZG,1974,
GUY,FP.CPI.TOTL.ZG,1975,
GUY,FP.CPI.TOTL.ZG,1976,
GUY,FP.CPI.TOTL.ZG,1977,
GUY,FP.CPI.TOTL.ZG,1978,
GUY,FP.CPI.TOTL.ZG,1979,
GUY,FP.CPI.TOTL.ZG,1980,
GUY,FP.CPI.TOTL.ZG,1981,
GUY,FP.CPI.TOTL.ZG,1982,
GUY,FP.CPI.TOTL.ZG,1983,
GUY,FP.CPI.TOTL.ZG,1984,
GUY,FP.CPI.TOTL.ZG,1985,
GUY,FP.CPI.TOTL.ZG,1986,
GUY,FP.CPI.TOTL.ZG,1987,
GUY,FP.CPI.TOTL.ZG,1988,
GUY,FP.CPI.TOTL.ZG,1989,
GUY,FP.CPI.TOTL.ZG,1990,
GUY,FP.CPI.TOTL.ZG,1991,
GUY,FP.CPI.TOTL.ZG,1992,
GUY,FP.CPI.TOTL.ZG,1993,
GUY,FP.CPI.TOTL.ZG,1994,
GUY,FP.CPI.TOTL.ZG,1995,12.21052632
GUY,FP.CPI.TOTL.ZG,1996,7.094711973
GUY,FP.CPI.TOTL.ZG,1997,3.555670906
GUY,FP.CPI.TOTL.ZG,1998,4.586466165
GUY,FP.CPI.TOTL.ZG,1999,7.538219399
GUY,FP.CPI.TOTL.ZG,2000,6.14854333
GUY,FP.CPI.TOTL.ZG,2001,2.627413142
GUY,FP.CPI.TOTL.ZG,2002,5.341015214
GUY,FP.CPI.TOTL.ZG,2003,5.980978141
GUY,FP.CPI.TOTL.ZG,2004,4.668466224
GUY,FP.CPI.TOTL.ZG,2005,6.925543039
GUY,FP.CPI.TOTL.ZG,2006,6.677157904
GUY,FP.CPI.TOTL.ZG,2007,12.20015444
GUY,FP.CPI.TOTL.ZG,2008,8.10202207
GUY,FP.CPI.TOTL.ZG,2009,2.952300964
GUY,FP.CPI.TOTL.ZG,2010,4.300553403
GUY,FP.CPI.TOTL.ZG,2011,4.407304145
GUY,FP.CPI.TOTL.ZG,2012,2.390575267
GUY,FP.CPI.TOTL.ZG,2013,1.911125092
GUY,FP.CPI.TOTL.ZG,2014,0.68370025
GUY,FP.CPI.TOTL.ZG,2015,-0.865401289
GUY,FP.CPI.TOTL.ZG,2016,0.826177341
GUY,FP.CPI.TOTL.ZG,2017,1.945716177
GUY,FP.CPI.TOTL.ZG,2018,1.25128567
GUY,FP.CPI.TOTL.ZG,2019,2.112389868
GUY,FP.CPI.TOTL.ZG,2020,0.722434046
GUY,FP.CPI.TOTL.ZG,2021,4.506198589
GUY,FP.CPI.TOTL.ZG,2022,6.933460665
GUY,FP.CPI.TOTL.ZG,2023,2.821593931
GUY,FP.CPI.TOTL.ZG,2024,2.903795014
GUY,FP.CPI.TOTL.ZG,2025,3.329823391
HTI,FP.CPI.TOTL.ZG,1960,-5.030041596
HTI,FP.CPI.TOTL.ZG,1961,3.779706383
HTI,FP.CPI.TOTL.ZG,1962,-0.55490426
HTI,FP.CPI.TOTL.ZG,1963,4.306821754
HTI,FP.CPI.TOTL.ZG,1964,9.162145871
HTI,FP.CPI.TOTL.ZG,1965,2.263942573
HTI,FP.CPI.TOTL.ZG,1966,8.301835853
HTI,FP.CPI.TOTL.ZG,1967,-2.935310981
HTI,FP.CPI.TOTL.ZG,1968,1.316211878
HTI,FP.CPI.TOTL.ZG,1969,1.413181242
HTI,FP.CPI.TOTL.ZG,1970,1.368493407
HTI,FP.CPI.TOTL.ZG,1971,9.579583282
HTI,FP.CPI.TOTL.ZG,1972,3.189693969
HTI,FP.CPI.TOTL.ZG,1973,22.73891948
HTI,FP.CPI.TOTL.ZG,1974,14.95069734
HTI,FP.CPI.TOTL.ZG,1975,16.77357032
HTI,FP.CPI.TOTL.ZG,1976,7.038152278
HTI,FP.CPI.TOTL.ZG,1977,6.491900581
HTI,FP.CPI.TOTL.ZG,1978,-2.673594984
HTI,FP.CPI.TOTL.ZG,1979,13.0939243
HTI,FP.CPI.TOTL.ZG,1980,17.77830525
HTI,FP.CPI.TOTL.ZG,1981,10.85833333
HTI,FP.CPI.TOTL.ZG,1982,7.359242276
HTI,FP.CPI.TOTL.ZG,1983,10.24366335
HTI,FP.CPI.TOTL.ZG,1984,6.402032391
HTI,FP.CPI.TOTL.ZG,1985,10.64883901
HTI,FP.CPI.TOTL.ZG,1986,3.279926634
HTI,FP.CPI.TOTL.ZG,1987,-11.44946461
HTI,FP.CPI.TOTL.ZG,1988,4.105468059
HTI,FP.CPI.TOTL.ZG,1989,6.923905037
HTI,FP.CPI.TOTL.ZG,1990,21.27603201
HTI,FP.CPI.TOTL.ZG,1991,15.41990737
HTI,FP.CPI.TOTL.ZG,1992,19.35849465
HTI,FP.CPI.TOTL.ZG,1993,29.70597151
HTI,FP.CPI.TOTL.ZG,1994,39.33161954
HTI,FP.CPI.TOTL.ZG,1995,27.60818517
HTI,FP.CPI.TOTL.ZG,1996,20.58359621
HTI,FP.CPI.TOTL.ZG,1997,20.55900734
HTI,FP.CPI.TOTL.ZG,1998,5.26903547
HTI,FP.CPI.TOTL.ZG,1999,3.004394216
HTI,FP.CPI.TOTL.ZG,2000,9.333221976
HTI,FP.CPI.TOTL.ZG,2001,13.31672224
HTI,FP.CPI.TOTL.ZG,2002,7.032874062
HTI,FP.CPI.TOTL.ZG,2003,28.69957779
HTI,FP.CPI.TOTL.ZG,2004,21.03183393
HTI,FP.CPI.TOTL.ZG,2005,13.97300833
HTI,FP.CPI.TOTL.ZG,2006,11.34521522
HTI,FP.CPI.TOTL.ZG,2007,6.557227726
HTI,FP.CPI.TOTL.ZG,2008,15.28177448
HTI,FP.CPI.TOTL.ZG,2009,0.39388604
HTI,FP.CPI.TOTL.ZG,2010,4.827341901
HTI,FP.CPI.TOTL.ZG,2011,6.332794838
HTI,FP.CPI.TOTL.ZG,2012,5.018041554
HTI,FP.CPI.TOTL.ZG,2013,4.765024048
HTI,FP.CPI.TOTL.ZG,2014,3.4381666
HTI,FP.CPI.TOTL.ZG,2015,6.731840697
HTI,FP.CPI.TOTL.ZG,2016,11.50290739
HTI,FP.CPI.TOTL.ZG,2017,10.68008872
HTI,FP.CPI.TOTL.ZG,2018,12.48141112
HTI,FP.CPI.TOTL.ZG,2019,18.70378257
HTI,FP.CPI.TOTL.ZG,2020,22.79631136
HTI,FP.CPI.TOTL.ZG,2021,16.84152402
HTI,FP.CPI.TOTL.ZG,2022,33.98393195
HTI,FP.CPI.TOTL.ZG,2023,36.81351628
HTI,FP.CPI.TOTL.ZG,2024,26.94905641
HTI,FP.CPI.TOTL.ZG,2025,28.64279767
HND,FP.CPI.TOTL.ZG,1960,-1.746238157
HND,FP.CPI.TOTL.ZG,1961,1.562992374
HND,FP.CPI.TOTL.ZG,1962,1.092150171
HND,FP.CPI.TOTL.ZG,1963,3.081456019
HND,FP.CPI.TOTL.ZG,1964,4.472101471
HND,FP.CPI.TOTL.ZG,1965,3.18627451
HND,FP.CPI.TOTL.ZG,1966,1.784234657
HND,FP.CPI.TOTL.ZG,1967,2.091840987
HND,FP.CPI.TOTL.ZG,1968,1.86122449
HND,FP.CPI.TOTL.ZG,1969,1.258214457
HND,FP.CPI.TOTL.ZG,1970,2.880886427
HND,FP.CPI.TOTL.ZG,1971,2.223247942
HND,FP.CPI.TOTL.ZG,1972,3.612281758
HND,FP.CPI.TOTL.ZG,1973,5.193201627
HND,FP.CPI.TOTL.ZG,1974,12.84954775
HND,FP.CPI.TOTL.ZG,1975,8.376162506
HND,FP.CPI.TOTL.ZG,1976,4.883418958
HND,FP.CPI.TOTL.ZG,1977,8.434707719
HND,FP.CPI.TOTL.ZG,1978,5.748324646
HND,FP.CPI.TOTL.ZG,1979,12.13535589
HND,FP.CPI.TOTL.ZG,1980,18.06154304
HND,FP.CPI.TOTL.ZG,1981,9.405691261
HND,FP.CPI.TOTL.ZG,1982,8.982621706
HND,FP.CPI.TOTL.ZG,1983,8.252811658
HND,FP.CPI.TOTL.ZG,1984,4.726368159
HND,FP.CPI.TOTL.ZG,1985,3.362675236
HND,FP.CPI.TOTL.ZG,1986,4.352723832
HND,FP.CPI.TOTL.ZG,1987,2.487154022
HND,FP.CPI.TOTL.ZG,1988,4.491257636
HND,FP.CPI.TOTL.ZG,1989,9.850409258
HND,FP.CPI.TOTL.ZG,1990,23.32256644
HND,FP.CPI.TOTL.ZG,1991,33.97226025
HND,FP.CPI.TOTL.ZG,1992,8.759886253
HND,FP.CPI.TOTL.ZG,1993,10.74864672
HND,FP.CPI.TOTL.ZG,1994,21.72934688
HND,FP.CPI.TOTL.ZG,1995,29.46452923
HND,FP.CPI.TOTL.ZG,1996,23.83783531
HND,FP.CPI.TOTL.ZG,1997,20.19986676
HND,FP.CPI.TOTL.ZG,1998,13.66810775
HND,FP.CPI.TOTL.ZG,1999,11.66374098
HND,FP.CPI.TOTL.ZG,2000,11.04803493
HND,FP.CPI.TOTL.ZG,2001,9.674155569
HND,FP.CPI.TOTL.ZG,2002,7.69050972
HND,FP.CPI.TOTL.ZG,2003,7.674166394
HND,FP.CPI.TOTL.ZG,2004,8.113790971
HND,FP.CPI.TOTL.ZG,2005,8.809060748
HND,FP.CPI.TOTL.ZG,2006,5.577752077
HND,FP.CPI.TOTL.ZG,2007,6.936214709
HND,FP.CPI.TOTL.ZG,2008,11.40342708
HND,FP.CPI.TOTL.ZG,2009,5.496342738
HND,FP.CPI.TOTL.ZG,2010,4.69889065
HND,FP.CPI.TOTL.ZG,2011,6.762279573
HND,FP.CPI.TOTL.ZG,2012,5.196186155
HND,FP.CPI.TOTL.ZG,2013,5.161898986
HND,FP.CPI.TOTL.ZG,2014,6.129249303
HND,FP.CPI.TOTL.ZG,2015,3.15783118
HND,FP.CPI.TOTL.ZG,2016,2.724612233
HND,FP.CPI.TOTL.ZG,2017,3.934360844
HND,FP.CPI.TOTL.ZG,2018,4.347349378
HND,FP.CPI.TOTL.ZG,2019,4.365871598
HND,FP.CPI.TOTL.ZG,2020,3.46841178
HND,FP.CPI.TOTL.ZG,2021,4.480879634
HND,FP.CPI.TOTL.ZG,2022,9.089639115
HND,FP.CPI.TOTL.ZG,2023,6.663251803
HND,FP.CPI.TOTL.ZG,2024,4.606210981
HND,FP.CPI.TOTL.ZG,2025,4.596579823
HKG,FP.CPI.TOTL.ZG,1960,
HKG,FP.CPI.TOTL.ZG,1961,
HKG,FP.CPI.TOTL.ZG,1962,
HKG,FP.CPI.TOTL.ZG,1963,
HKG,FP.CPI.TOTL.ZG,1964,
HKG,FP.CPI.TOTL.ZG,1965,
HKG,FP.CPI.TOTL.ZG,1966,
HKG,FP.CPI.TOTL.ZG,1967,
HKG,FP.CPI.TOTL.ZG,1968,
HKG,FP.CPI.TOTL.ZG,1969,
HKG,FP.CPI.TOTL.ZG,1970,
HKG,FP.CPI.TOTL.ZG,1971,
HKG,FP.CPI.TOTL.ZG,1972,
HKG,FP.CPI.TOTL.ZG,1973,
HKG,FP.CPI.TOTL.ZG,1974,
HKG,FP.CPI.TOTL.ZG,1975,
HKG,FP.CPI.TOTL.ZG,1976,
HKG,FP.CPI.TOTL.ZG,1977,
HKG,FP.CPI.TOTL.ZG,1978,
HKG,FP.CPI.TOTL.ZG,1979,
HKG,FP.CPI.TOTL.ZG,1980,
HKG,FP.CPI.TOTL.ZG,1981,
HKG,FP.CPI.TOTL.ZG,1982,10.97046414
HKG,FP.CPI.TOTL.ZG,1983,9.885931559
HKG,FP.CPI.TOTL.ZG,1984,8.650519031
HKG,FP.CPI.TOTL.ZG,1985,3.503184713
HKG,FP.CPI.TOTL.ZG,1986,3.384615385
HKG,FP.CPI.TOTL.ZG,1987,5.654761905
HKG,FP.CPI.TOTL.ZG,1988,7.887323944
HKG,FP.CPI.TOTL.ZG,1989,10.18276762
HKG,FP.CPI.TOTL.ZG,1990,10.42654028
HKG,FP.CPI.TOTL.ZG,1991,11.15879828
HKG,FP.CPI.TOTL.ZG,1992,9.652509653
HKG,FP.CPI.TOTL.ZG,1993,8.802816901
HKG,FP.CPI.TOTL.ZG,1994,8.737864078
HKG,FP.CPI.TOTL.ZG,1995,9.077380952
HKG,FP.CPI.TOTL.ZG,1996,6.275579809
HKG,FP.CPI.TOTL.ZG,1997,5.776636714
HKG,FP.CPI.TOTL.ZG,1998,2.912621359
HKG,FP.CPI.TOTL.ZG,1999,-4.009433962
HKG,FP.CPI.TOTL.ZG,2000,-3.685503686
HKG,FP.CPI.TOTL.ZG,2001,-1.658163265
HKG,FP.CPI.TOTL.ZG,2002,-2.983138781
HKG,FP.CPI.TOTL.ZG,2003,-2.673796791
HKG,FP.CPI.TOTL.ZG,2004,-0.274725275
HKG,FP.CPI.TOTL.ZG,2005,0.826446281
HKG,FP.CPI.TOTL.ZG,2006,2.000251604
HKG,FP.CPI.TOTL.ZG,2007,2.035027134
HKG,FP.CPI.TOTL.ZG,2008,4.303154841
HKG,FP.CPI.TOTL.ZG,2009,0.579441418
HKG,FP.CPI.TOTL.ZG,2010,2.292890886
HKG,FP.CPI.TOTL.ZG,2011,5.30524893
HKG,FP.CPI.TOTL.ZG,2012,4.053909509
HKG,FP.CPI.TOTL.ZG,2013,4.337993421
HKG,FP.CPI.TOTL.ZG,2014,4.42364532
HKG,FP.CPI.TOTL.ZG,2015,2.990848193
HKG,FP.CPI.TOTL.ZG,2016,2.409307439
HKG,FP.CPI.TOTL.ZG,2017,1.493872439
HKG,FP.CPI.TOTL.ZG,2018,2.40613432
HKG,FP.CPI.TOTL.ZG,2019,2.883208538
HKG,FP.CPI.TOTL.ZG,2020,0.250962021
HKG,FP.CPI.TOTL.ZG,2021,1.568758344
HKG,FP.CPI.TOTL.ZG,2022,1.881367072
HKG,FP.CPI.TOTL.ZG,2023,2.096605112
HKG,FP.CPI.TOTL.ZG,2024,1.729721191
HKG,FP.CPI.TOTL.ZG,2025,1.436335404
HUN,FP.CPI.TOTL.ZG,1960,
HUN,FP.CPI.TOTL.ZG,1961,
HUN,FP.CPI.TOTL.ZG,1962,
HUN,FP.CPI.TOTL.ZG,1963,
HUN,FP.CPI.TOTL.ZG,1964,
HUN,FP.CPI.TOTL.ZG,1965,
HUN,FP.CPI.TOTL.ZG,1966,
HUN,FP.CPI.TOTL.ZG,1967,
HUN,FP.CPI.TOTL.ZG,1968,
HUN,FP.CPI.TOTL.ZG,1969,
HUN,FP.CPI.TOTL.ZG,1970,
HUN,FP.CPI.TOTL.ZG,1971,
HUN,FP.CPI.TOTL.ZG,1972,
HUN,FP.CPI.TOTL.ZG,1973,3.387978142
HUN,FP.CPI.TOTL.ZG,1974,1.797040168
HUN,FP.CPI.TOTL.ZG,1975,3.842159918
HUN,FP.CPI.TOTL.ZG,1976,5.228398333
HUN,FP.CPI.TOTL.ZG,1977,3.908895696
HUN,FP.CPI.TOTL.ZG,1978,4.687142749
HUN,FP.CPI.TOTL.ZG,1979,8.976412347
HUN,FP.CPI.TOTL.ZG,1980,9.285857439
HUN,FP.CPI.TOTL.ZG,1981,4.661413944
HUN,FP.CPI.TOTL.ZG,1982,6.835805083
HUN,FP.CPI.TOTL.ZG,1983,7.279895733
HUN,FP.CPI.TOTL.ZG,1984,8.467854876
HUN,FP.CPI.TOTL.ZG,1985,6.942345019
HUN,FP.CPI.TOTL.ZG,1986,5.291661701
HUN,FP.CPI.TOTL.ZG,1987,8.674314177
HUN,FP.CPI.TOTL.ZG,1988,15.72354907
HUN,FP.CPI.TOTL.ZG,1989,17.149152
HUN,FP.CPI.TOTL.ZG,1990,28.36959965
HUN,FP.CPI.TOTL.ZG,1991,34.81754291
HUN,FP.CPI.TOTL.ZG,1992,23.65572078
HUN,FP.CPI.TOTL.ZG,1993,22.46423461
HUN,FP.CPI.TOTL.ZG,1994,18.86807499
HUN,FP.CPI.TOTL.ZG,1995,28.30546837
HUN,FP.CPI.TOTL.ZG,1996,23.46903019
HUN,FP.CPI.TOTL.ZG,1997,18.30507441
HUN,FP.CPI.TOTL.ZG,1998,14.15378965
HUN,FP.CPI.TOTL.ZG,1999,9.997744093
HUN,FP.CPI.TOTL.ZG,2000,9.803610169
HUN,FP.CPI.TOTL.ZG,2001,9.116809117
HUN,FP.CPI.TOTL.ZG,2002,5.265448216
HUN,FP.CPI.TOTL.ZG,2003,4.661016949
HUN,FP.CPI.TOTL.ZG,2004,6.744346796
HUN,FP.CPI.TOTL.ZG,2005,3.561517114
HUN,FP.CPI.TOTL.ZG,2006,3.930326038
HUN,FP.CPI.TOTL.ZG,2007,7.958745165
HUN,FP.CPI.TOTL.ZG,2008,6.042512539
HUN,FP.CPI.TOTL.ZG,2009,4.211711712
HUN,FP.CPI.TOTL.ZG,2010,4.855557957
HUN,FP.CPI.TOTL.ZG,2011,3.929920989
HUN,FP.CPI.TOTL.ZG,2012,5.652145171
HUN,FP.CPI.TOTL.ZG,2013,1.73319985
HUN,FP.CPI.TOTL.ZG,2014,-0.227566271
HUN,FP.CPI.TOTL.ZG,2015,-0.06164468
HUN,FP.CPI.TOTL.ZG,2016,0.394769307
HUN,FP.CPI.TOTL.ZG,2017,2.348242812
HUN,FP.CPI.TOTL.ZG,2018,2.850247926
HUN,FP.CPI.TOTL.ZG,2019,3.338586354
HUN,FP.CPI.TOTL.ZG,2020,3.326743858
HUN,FP.CPI.TOTL.ZG,2021,5.110965344
HUN,FP.CPI.TOTL.ZG,2022,14.60814395
HUN,FP.CPI.TOTL.ZG,2023,17.12496597
HUN,FP.CPI.TOTL.ZG,2024,3.703703704
HUN,FP.CPI.TOTL.ZG,2025,4.411984459
ISL,FP.CPI.TOTL.ZG,1960,1.988400809
ISL,FP.CPI.TOTL.ZG,1961,4.711608746
ISL,FP.CPI.TOTL.ZG,1962,11.01630006
ISL,FP.CPI.TOTL.ZG,1963,12.92801598
ISL,FP.CPI.TOTL.ZG,1964,19.24505104
ISL,FP.CPI.TOTL.ZG,1965,7.317072443
ISL,FP.CPI.TOTL.ZG,1966,10.68664742
ISL,FP.CPI.TOTL.ZG,1967,3.320220946
ISL,FP.CPI.TOTL.ZG,1968,15.09695987
ISL,FP.CPI.TOTL.ZG,1969,21.74435988
ISL,FP.CPI.TOTL.ZG,1970,13.3724326
ISL,FP.CPI.TOTL.ZG,1971,6.731878554
ISL,FP.CPI.TOTL.ZG,1972,9.811254533
ISL,FP.CPI.TOTL.ZG,1973,21.35465641
ISL,FP.CPI.TOTL.ZG,1974,42.51630719
ISL,FP.CPI.TOTL.ZG,1975,49.36135662
ISL,FP.CPI.TOTL.ZG,1976,31.94779533
ISL,FP.CPI.TOTL.ZG,1977,30.31674127
ISL,FP.CPI.TOTL.ZG,1978,43.74999829
ISL,FP.CPI.TOTL.ZG,1979,44.4444558
ISL,FP.CPI.TOTL.ZG,1980,58.52842609
ISL,FP.CPI.TOTL.ZG,1981,51.7932416
ISL,FP.CPI.TOTL.ZG,1982,50.24322639
ISL,FP.CPI.TOTL.ZG,1983,83.95004619
ISL,FP.CPI.TOTL.ZG,1984,30.85239708
ISL,FP.CPI.TOTL.ZG,1985,31.99462902
ISL,FP.CPI.TOTL.ZG,1986,22.12840119
ISL,FP.CPI.TOTL.ZG,1987,18.29776822
ISL,FP.CPI.TOTL.ZG,1988,25.72550909
ISL,FP.CPI.TOTL.ZG,1989,20.75819503
ISL,FP.CPI.TOTL.ZG,1990,15.51072199
ISL,FP.CPI.TOTL.ZG,1991,6.808778879
ISL,FP.CPI.TOTL.ZG,1992,3.947711768
ISL,FP.CPI.TOTL.ZG,1993,4.042852911
ISL,FP.CPI.TOTL.ZG,1994,1.552656275
ISL,FP.CPI.TOTL.ZG,1995,1.651231501
ISL,FP.CPI.TOTL.ZG,1996,2.260418983
ISL,FP.CPI.TOTL.ZG,1997,1.815430803
ISL,FP.CPI.TOTL.ZG,1998,1.65924171
ISL,FP.CPI.TOTL.ZG,1999,3.231832609
ISL,FP.CPI.TOTL.ZG,2000,5.136471232
ISL,FP.CPI.TOTL.ZG,2001,6.405085504
ISL,FP.CPI.TOTL.ZG,2002,5.197022302
ISL,FP.CPI.TOTL.ZG,2003,2.055663298
ISL,FP.CPI.TOTL.ZG,2004,3.158193243
ISL,FP.CPI.TOTL.ZG,2005,3.987047828
ISL,FP.CPI.TOTL.ZG,2006,6.687079061
ISL,FP.CPI.TOTL.ZG,2007,5.051557365
ISL,FP.CPI.TOTL.ZG,2008,12.69439428
ISL,FP.CPI.TOTL.ZG,2009,12.00312985
ISL,FP.CPI.TOTL.ZG,2010,5.396731132
ISL,FP.CPI.TOTL.ZG,2011,4.001026643
ISL,FP.CPI.TOTL.ZG,2012,5.185899888
ISL,FP.CPI.TOTL.ZG,2013,3.872279237
ISL,FP.CPI.TOTL.ZG,2014,2.044614815
ISL,FP.CPI.TOTL.ZG,2015,1.633055582
ISL,FP.CPI.TOTL.ZG,2016,1.69692762
ISL,FP.CPI.TOTL.ZG,2017,1.760415592
ISL,FP.CPI.TOTL.ZG,2018,2.682917683
ISL,FP.CPI.TOTL.ZG,2019,3.013971792
ISL,FP.CPI.TOTL.ZG,2020,2.847924015
ISL,FP.CPI.TOTL.ZG,2021,4.444239702
ISL,FP.CPI.TOTL.ZG,2022,8.308755116
ISL,FP.CPI.TOTL.ZG,2023,8.736302999
ISL,FP.CPI.TOTL.ZG,2024,5.8568385
ISL,FP.CPI.TOTL.ZG,2025,4.09085056
IND,FP.CPI.TOTL.ZG,1960,1.779877847
IND,FP.CPI.TOTL.ZG,1961,1.695212939
IND,FP.CPI.TOTL.ZG,1962,3.632214971
IND,FP.CPI.TOTL.ZG,1963,2.946161357
IND,FP.CPI.TOTL.ZG,1964,13.35526115
IND,FP.CPI.TOTL.ZG,1965,9.474758592
IND,FP.CPI.TOTL.ZG,1966,10.80184835
IND,FP.CPI.TOTL.ZG,1967,13.06220248
IND,FP.CPI.TOTL.ZG,1968,3.237412426
IND,FP.CPI.TOTL.ZG,1969,-0.58413661
IND,FP.CPI.TOTL.ZG,1970,5.09226162
IND,FP.CPI.TOTL.ZG,1971,3.079938684
IND,FP.CPI.TOTL.ZG,1972,6.442097462
IND,FP.CPI.TOTL.ZG,1973,16.94081598
IND,FP.CPI.TOTL.ZG,1974,28.59873408
IND,FP.CPI.TOTL.ZG,1975,5.748430298
IND,FP.CPI.TOTL.ZG,1976,-7.633947634
IND,FP.CPI.TOTL.ZG,1977,8.307470092
IND,FP.CPI.TOTL.ZG,1978,2.523048757
IND,FP.CPI.TOTL.ZG,1979,6.275683368
IND,FP.CPI.TOTL.ZG,1980,11.34607348
IND,FP.CPI.TOTL.ZG,1981,13.1125469
IND,FP.CPI.TOTL.ZG,1982,7.890742794
IND,FP.CPI.TOTL.ZG,1983,11.8680813
IND,FP.CPI.TOTL.ZG,1984,8.318907119
IND,FP.CPI.TOTL.ZG,1985,5.556424232
IND,FP.CPI.TOTL.ZG,1986,8.729720727
IND,FP.CPI.TOTL.ZG,1987,8.801125813
IND,FP.CPI.TOTL.ZG,1988,9.383471862
IND,FP.CPI.TOTL.ZG,1989,7.074280029
IND,FP.CPI.TOTL.ZG,1990,8.971232503
IND,FP.CPI.TOTL.ZG,1991,13.87024618
IND,FP.CPI.TOTL.ZG,1992,11.78781704
IND,FP.CPI.TOTL.ZG,1993,6.326890488
IND,FP.CPI.TOTL.ZG,1994,10.24793556
IND,FP.CPI.TOTL.ZG,1995,10.22488616
IND,FP.CPI.TOTL.ZG,1996,8.977152338
IND,FP.CPI.TOTL.ZG,1997,7.164252115
IND,FP.CPI.TOTL.ZG,1998,13.23083898
IND,FP.CPI.TOTL.ZG,1999,4.66982038
IND,FP.CPI.TOTL.ZG,2000,4.00943591
IND,FP.CPI.TOTL.ZG,2001,3.779293122
IND,FP.CPI.TOTL.ZG,2002,4.297152039
IND,FP.CPI.TOTL.ZG,2003,3.805858995
IND,FP.CPI.TOTL.ZG,2004,3.767251735
IND,FP.CPI.TOTL.ZG,2005,4.24634362
IND,FP.CPI.TOTL.ZG,2006,5.796523376
IND,FP.CPI.TOTL.ZG,2007,6.372881356
IND,FP.CPI.TOTL.ZG,2008,8.349267049
IND,FP.CPI.TOTL.ZG,2009,10.88235294
IND,FP.CPI.TOTL.ZG,2010,11.98938992
IND,FP.CPI.TOTL.ZG,2011,8.911793365
IND,FP.CPI.TOTL.ZG,2012,9.478996914
IND,FP.CPI.TOTL.ZG,2013,10.01787847
IND,FP.CPI.TOTL.ZG,2014,6.665656719
IND,FP.CPI.TOTL.ZG,2015,4.906973441
IND,FP.CPI.TOTL.ZG,2016,4.948216341
IND,FP.CPI.TOTL.ZG,2017,3.328173375
IND,FP.CPI.TOTL.ZG,2018,3.938826467
IND,FP.CPI.TOTL.ZG,2019,3.729505735
IND,FP.CPI.TOTL.ZG,2020,6.623436776
IND,FP.CPI.TOTL.ZG,2021,5.131407472
IND,FP.CPI.TOTL.ZG,2022,6.699034141
IND,FP.CPI.TOTL.ZG,2023,5.649143189
IND,FP.CPI.TOTL.ZG,2024,4.95303551
IND,FP.CPI.TOTL.ZG,2025,2.398849542
IDN,FP.CPI.TOTL.ZG,1960,39.59044369
IDN,FP.CPI.TOTL.ZG,1961,13.69193154
IDN,FP.CPI.TOTL.ZG,1962,131.3978495
IDN,FP.CPI.TOTL.ZG,1963,145.9107807
IDN,FP.CPI.TOTL.ZG,1964,108.994709
IDN,FP.CPI.TOTL.ZG,1965,306.7631103
IDN,FP.CPI.TOTL.ZG,1966,1136.254112
IDN,FP.CPI.TOTL.ZG,1967,106
IDN,FP.CPI.TOTL.ZG,1968,128.8430421
IDN,FP.CPI.TOTL.ZG,1969,15.47987733
IDN,FP.CPI.TOTL.ZG,1970,12.39946851
IDN,FP.CPI.TOTL.ZG,1971,4.233745877
IDN,FP.CPI.TOTL.ZG,1972,6.521740919
IDN,FP.CPI.TOTL.ZG,1973,31.04188243
IDN,FP.CPI.TOTL.ZG,1974,40.4918116
IDN,FP.CPI.TOTL.ZG,1975,19.16569166
IDN,FP.CPI.TOTL.ZG,1976,19.82864999
IDN,FP.CPI.TOTL.ZG,1977,11.05208465
IDN,FP.CPI.TOTL.ZG,1978,8.112594257
IDN,FP.CPI.TOTL.ZG,1979,16.23276953
IDN,FP.CPI.TOTL.ZG,1980,18.03542213
IDN,FP.CPI.TOTL.ZG,1981,12.26590759
IDN,FP.CPI.TOTL.ZG,1982,9.445425349
IDN,FP.CPI.TOTL.ZG,1983,11.79973821
IDN,FP.CPI.TOTL.ZG,1984,10.45503922
IDN,FP.CPI.TOTL.ZG,1985,4.724535185
IDN,FP.CPI.TOTL.ZG,1986,5.822665767
IDN,FP.CPI.TOTL.ZG,1987,9.278654066
IDN,FP.CPI.TOTL.ZG,1988,8.045356715
IDN,FP.CPI.TOTL.ZG,1989,6.415540799
IDN,FP.CPI.TOTL.ZG,1990,7.819197565
IDN,FP.CPI.TOTL.ZG,1991,9.419067843
IDN,FP.CPI.TOTL.ZG,1992,7.523510062
IDN,FP.CPI.TOTL.ZG,1993,9.671910893
IDN,FP.CPI.TOTL.ZG,1994,8.531998292
IDN,FP.CPI.TOTL.ZG,1995,9.420303006
IDN,FP.CPI.TOTL.ZG,1996,7.973280965
IDN,FP.CPI.TOTL.ZG,1997,6.226151549
IDN,FP.CPI.TOTL.ZG,1998,58.45104135
IDN,FP.CPI.TOTL.ZG,1999,20.47783244
IDN,FP.CPI.TOTL.ZG,2000,3.688620371
IDN,FP.CPI.TOTL.ZG,2001,11.50011606
IDN,FP.CPI.TOTL.ZG,2002,11.90012003
IDN,FP.CPI.TOTL.ZG,2003,6.757312563
IDN,FP.CPI.TOTL.ZG,2004,6.064061891
IDN,FP.CPI.TOTL.ZG,2005,10.45320019
IDN,FP.CPI.TOTL.ZG,2006,13.10867099
IDN,FP.CPI.TOTL.ZG,2007,6.40656088
IDN,FP.CPI.TOTL.ZG,2008,10.22666633
IDN,FP.CPI.TOTL.ZG,2009,4.386413118
IDN,FP.CPI.TOTL.ZG,2010,5.13420639
IDN,FP.CPI.TOTL.ZG,2011,5.356048491
IDN,FP.CPI.TOTL.ZG,2012,4.279514269
IDN,FP.CPI.TOTL.ZG,2013,6.412494579
IDN,FP.CPI.TOTL.ZG,2014,6.394928824
IDN,FP.CPI.TOTL.ZG,2015,6.363120612
IDN,FP.CPI.TOTL.ZG,2016,3.525804528
IDN,FP.CPI.TOTL.ZG,2017,3.808798577
IDN,FP.CPI.TOTL.ZG,2018,3.198347559
IDN,FP.CPI.TOTL.ZG,2019,3.030584609
IDN,FP.CPI.TOTL.ZG,2020,1.919835273
IDN,FP.CPI.TOTL.ZG,2021,1.56007883
IDN,FP.CPI.TOTL.ZG,2022,4.209464637
IDN,FP.CPI.TOTL.ZG,2023,3.669386549
IDN,FP.CPI.TOTL.ZG,2024,2.181512736
IDN,FP.CPI.TOTL.ZG,2025,1.913334433
IRN,FP.CPI.TOTL.ZG,1960,9.822410813
IRN,FP.CPI.TOTL.ZG,1961,3.162564396
IRN,FP.CPI.TOTL.ZG,1962,0.721320572
IRN,FP.CPI.TOTL.ZG,1963,0.371849607
IRN,FP.CPI.TOTL.ZG,1964,3.814489572
IRN,FP.CPI.TOTL.ZG,1965,2.154374835
IRN,FP.CPI.TOTL.ZG,1966,-0.388148532
IRN,FP.CPI.TOTL.ZG,1967,1.59761008
IRN,FP.CPI.TOTL.ZG,1968,0.690360522
IRN,FP.CPI.TOTL.ZG,1969,3.593194516
IRN,FP.CPI.TOTL.ZG,1970,1.66687094
IRN,FP.CPI.TOTL.ZG,1971,4.195298373
IRN,FP.CPI.TOTL.ZG,1972,6.398241351
IRN,FP.CPI.TOTL.ZG,1973,9.819486733
IRN,FP.CPI.TOTL.ZG,1974,14.24893554
IRN,FP.CPI.TOTL.ZG,1975,12.87918183
IRN,FP.CPI.TOTL.ZG,1976,11.25614251
IRN,FP.CPI.TOTL.ZG,1977,27.28778468
IRN,FP.CPI.TOTL.ZG,1978,11.7219692
IRN,FP.CPI.TOTL.ZG,1979,10.48723673
IRN,FP.CPI.TOTL.ZG,1980,20.64391444
IRN,FP.CPI.TOTL.ZG,1981,24.20358976
IRN,FP.CPI.TOTL.ZG,1982,18.68972593
IRN,FP.CPI.TOTL.ZG,1983,19.74018918
IRN,FP.CPI.TOTL.ZG,1984,12.54021945
IRN,FP.CPI.TOTL.ZG,1985,4.389340957
IRN,FP.CPI.TOTL.ZG,1986,18.42900302
IRN,FP.CPI.TOTL.ZG,1987,28.57142857
IRN,FP.CPI.TOTL.ZG,1988,28.67063492
IRN,FP.CPI.TOTL.ZG,1989,22.34965305
IRN,FP.CPI.TOTL.ZG,1990,7.627674938
IRN,FP.CPI.TOTL.ZG,1991,17.12856794
IRN,FP.CPI.TOTL.ZG,1992,25.80772262
IRN,FP.CPI.TOTL.ZG,1993,21.20263075
IRN,FP.CPI.TOTL.ZG,1994,31.44702842
IRN,FP.CPI.TOTL.ZG,1995,49.65598585
IRN,FP.CPI.TOTL.ZG,1996,28.93734402
IRN,FP.CPI.TOTL.ZG,1997,17.34922575
IRN,FP.CPI.TOTL.ZG,1998,17.86613421
IRN,FP.CPI.TOTL.ZG,1999,20.07070781
IRN,FP.CPI.TOTL.ZG,2000,14.47675132
IRN,FP.CPI.TOTL.ZG,2001,11.27424713
IRN,FP.CPI.TOTL.ZG,2002,14.33593374
IRN,FP.CPI.TOTL.ZG,2003,16.46801162
IRN,FP.CPI.TOTL.ZG,2004,14.7615087
IRN,FP.CPI.TOTL.ZG,2005,13.43311801
IRN,FP.CPI.TOTL.ZG,2006,10.01589825
IRN,FP.CPI.TOTL.ZG,2007,17.34104046
IRN,FP.CPI.TOTL.ZG,2008,25.41050903
IRN,FP.CPI.TOTL.ZG,2009,13.55155483
IRN,FP.CPI.TOTL.ZG,2010,10.08936293
IRN,FP.CPI.TOTL.ZG,2011,26.29338567
IRN,FP.CPI.TOTL.ZG,2012,27.25681272
IRN,FP.CPI.TOTL.ZG,2013,36.60303552
IRN,FP.CPI.TOTL.ZG,2014,16.60655324
IRN,FP.CPI.TOTL.ZG,2015,12.48468156
IRN,FP.CPI.TOTL.ZG,2016,7.24542549
IRN,FP.CPI.TOTL.ZG,2017,8.044924377
IRN,FP.CPI.TOTL.ZG,2018,18.01411834
IRN,FP.CPI.TOTL.ZG,2019,39.90734557
IRN,FP.CPI.TOTL.ZG,2020,30.59413904
IRN,FP.CPI.TOTL.ZG,2021,43.38901627
IRN,FP.CPI.TOTL.ZG,2022,43.48846417
IRN,FP.CPI.TOTL.ZG,2023,44.57918576
IRN,FP.CPI.TOTL.ZG,2024,32.4558714
IRN,FP.CPI.TOTL.ZG,2025,42.1712245
IRQ,FP.CPI.TOTL.ZG,1960,3.478237904
IRQ,FP.CPI.TOTL.ZG,1961,0.916260432
IRQ,FP.CPI.TOTL.ZG,1962,1.292362165
IRQ,FP.CPI.TOTL.ZG,1963,3.954957429
IRQ,FP.CPI.TOTL.ZG,1964,-0.09013652
IRQ,FP.CPI.TOTL.ZG,1965,-0.455580866
IRQ,FP.CPI.TOTL.ZG,1966,1.983218917
IRQ,FP.CPI.TOTL.ZG,1967,3.290949888
IRQ,FP.CPI.TOTL.ZG,1968,2.196475983
IRQ,FP.CPI.TOTL.ZG,1969,5.739253661
IRQ,FP.CPI.TOTL.ZG,1970,4.355595265
IRQ,FP.CPI.TOTL.ZG,1971,3.595890411
IRQ,FP.CPI.TOTL.ZG,1972,5.185950413
IRQ,FP.CPI.TOTL.ZG,1973,4.89098409
IRQ,FP.CPI.TOTL.ZG,1974,7.7
IRQ,FP.CPI.TOTL.ZG,1975,9.517177344
IRQ,FP.CPI.TOTL.ZG,1976,12.82323018
IRQ,FP.CPI.TOTL.ZG,1977,9.16776254
IRQ,FP.CPI.TOTL.ZG,1978,4.611942867
IRQ,FP.CPI.TOTL.ZG,1979,
IRQ,FP.CPI.TOTL.ZG,1980,
IRQ,FP.CPI.TOTL.ZG,1981,
IRQ,FP.CPI.TOTL.ZG,1982,
IRQ,FP.CPI.TOTL.ZG,1983,
IRQ,FP.CPI.TOTL.ZG,1984,
IRQ,FP.CPI.TOTL.ZG,1985,
IRQ,FP.CPI.TOTL.ZG,1986,
IRQ,FP.CPI.TOTL.ZG,1987,
IRQ,FP.CPI.TOTL.ZG,1988,
IRQ,FP.CPI.TOTL.ZG,1989,
IRQ,FP.CPI.TOTL.ZG,1990,
IRQ,FP.CPI.TOTL.ZG,1991,180.952381
IRQ,FP.CPI.TOTL.ZG,1992,83.61581921
IRQ,FP.CPI.TOTL.ZG,1993,207.6923077
IRQ,FP.CPI.TOTL.ZG,1994,448.5
IRQ,FP.CPI.TOTL.ZG,1995,387.3108478
IRQ,FP.CPI.TOTL.ZG,1996,-16.11732575
IRQ,FP.CPI.TOTL.ZG,1997,23.06319968
IRQ,FP.CPI.TOTL.ZG,1998,14.76877356
IRQ,FP.CPI.TOTL.ZG,1999,12.57776234
IRQ,FP.CPI.TOTL.ZG,2000,4.978962132
IRQ,FP.CPI.TOTL.ZG,2001,16.3740815
IRQ,FP.CPI.TOTL.ZG,2002,19.3166946
IRQ,FP.CPI.TOTL.ZG,2003,33.6162106
IRQ,FP.CPI.TOTL.ZG,2004,26.96190682
IRQ,FP.CPI.TOTL.ZG,2005,36.95948092
IRQ,FP.CPI.TOTL.ZG,2006,53.23096291
IRQ,FP.CPI.TOTL.ZG,2007,-10.06749258
IRQ,FP.CPI.TOTL.ZG,2008,12.66285283
IRQ,FP.CPI.TOTL.ZG,2009,6.873615472
IRQ,FP.CPI.TOTL.ZG,2010,2.429868268
IRQ,FP.CPI.TOTL.ZG,2011,5.604051443
IRQ,FP.CPI.TOTL.ZG,2012,6.089096416
IRQ,FP.CPI.TOTL.ZG,2013,1.879498007
IRQ,FP.CPI.TOTL.ZG,2014,2.235974079
IRQ,FP.CPI.TOTL.ZG,2015,1.393330288
IRQ,FP.CPI.TOTL.ZG,2016,0.556521397
IRQ,FP.CPI.TOTL.ZG,2017,0.184058899
IRQ,FP.CPI.TOTL.ZG,2018,0.367441489
IRQ,FP.CPI.TOTL.ZG,2019,-0.19896538
IRQ,FP.CPI.TOTL.ZG,2020,0.574162679
IRQ,FP.CPI.TOTL.ZG,2021,6.041864891
IRQ,FP.CPI.TOTL.ZG,2022,4.994765964
IRQ,FP.CPI.TOTL.ZG,2023,4.358353511
IRQ,FP.CPI.TOTL.ZG,2024,2.611696115
IRQ,FP.CPI.TOTL.ZG,2025,0.303454715
IRL,FP.CPI.TOTL.ZG,1960,0.450837269
IRL,FP.CPI.TOTL.ZG,1961,2.756999359
IRL,FP.CPI.TOTL.ZG,1962,4.263727121
IRL,FP.CPI.TOTL.ZG,1963,2.453620587
IRL,FP.CPI.TOTL.ZG,1964,6.717289719
IRL,FP.CPI.TOTL.ZG,1965,4.988123515
IRL,FP.CPI.TOTL.ZG,1966,3.054298641
IRL,FP.CPI.TOTL.ZG,1967,3.18331504
IRL,FP.CPI.TOTL.ZG,1968,4.680851064
IRL,FP.CPI.TOTL.ZG,1969,7.418699186
IRL,FP.CPI.TOTL.ZG,1970,8.207190161
IRL,FP.CPI.TOTL.ZG,1971,8.961748634
IRL,FP.CPI.TOTL.ZG,1972,8.605817453
IRL,FP.CPI.TOTL.ZG,1973,11.41485039
IRL,FP.CPI.TOTL.ZG,1974,16.97612732
IRL,FP.CPI.TOTL.ZG,1975,20.87585034
IRL,FP.CPI.TOTL.ZG,1976,17.98569586
IRL,FP.CPI.TOTL.ZG,1977,13.47225529
IRL,FP.CPI.TOTL.ZG,1978,7.711112146
IRL,FP.CPI.TOTL.ZG,1979,13.29546882
IRL,FP.CPI.TOTL.ZG,1980,18.15446226
IRL,FP.CPI.TOTL.ZG,1981,20.37351107
IRL,FP.CPI.TOTL.ZG,1982,17.1471262
IRL,FP.CPI.TOTL.ZG,1983,10.44762553
IRL,FP.CPI.TOTL.ZG,1984,8.651110538
IRL,FP.CPI.TOTL.ZG,1985,5.395486202
IRL,FP.CPI.TOTL.ZG,1986,3.827041665
IRL,FP.CPI.TOTL.ZG,1987,3.159410348
IRL,FP.CPI.TOTL.ZG,1988,2.134569891
IRL,FP.CPI.TOTL.ZG,1989,4.089053882
IRL,FP.CPI.TOTL.ZG,1990,3.317328867
IRL,FP.CPI.TOTL.ZG,1991,3.210810371
IRL,FP.CPI.TOTL.ZG,1992,3.069998538
IRL,FP.CPI.TOTL.ZG,1993,1.469415224
IRL,FP.CPI.TOTL.ZG,1994,2.309201926
IRL,FP.CPI.TOTL.ZG,1995,2.524864468
IRL,FP.CPI.TOTL.ZG,1996,1.755744696
IRL,FP.CPI.TOTL.ZG,1997,1.541802023
IRL,FP.CPI.TOTL.ZG,1998,2.407680945
IRL,FP.CPI.TOTL.ZG,1999,1.629886052
IRL,FP.CPI.TOTL.ZG,2000,5.577632699
IRL,FP.CPI.TOTL.ZG,2001,4.852802796
IRL,FP.CPI.TOTL.ZG,2002,4.628205128
IRL,FP.CPI.TOTL.ZG,2003,3.492219091
IRL,FP.CPI.TOTL.ZG,2004,2.178546057
IRL,FP.CPI.TOTL.ZG,2005,2.456546929
IRL,FP.CPI.TOTL.ZG,2006,3.93576114
IRL,FP.CPI.TOTL.ZG,2007,4.885745375
IRL,FP.CPI.TOTL.ZG,2008,4.035688349
IRL,FP.CPI.TOTL.ZG,2009,-4.447546869
IRL,FP.CPI.TOTL.ZG,2010,-0.918388645
IRL,FP.CPI.TOTL.ZG,2011,2.548978302
IRL,FP.CPI.TOTL.ZG,2012,1.694741167
IRL,FP.CPI.TOTL.ZG,2013,0.515099485
IRL,FP.CPI.TOTL.ZG,2014,0.190916399
IRL,FP.CPI.TOTL.ZG,2015,-0.330959783
IRL,FP.CPI.TOTL.ZG,2016,0.020124774
IRL,FP.CPI.TOTL.ZG,2017,0.362173038
IRL,FP.CPI.TOTL.ZG,2018,0.471130714
IRL,FP.CPI.TOTL.ZG,2019,0.937842961
IRL,FP.CPI.TOTL.ZG,2020,-0.326183651
IRL,FP.CPI.TOTL.ZG,2021,2.340341134
IRL,FP.CPI.TOTL.ZG,2022,7.829457364
IRL,FP.CPI.TOTL.ZG,2023,6.299424874
IRL,FP.CPI.TOTL.ZG,2024,2.113449996
IRL,FP.CPI.TOTL.ZG,2025,2.210447885
IMN,FP.CPI.TOTL.ZG,1960,
IMN,FP.CPI.TOTL.ZG,1961,
IMN,FP.CPI.TOTL.ZG,1962,
IMN,FP.CPI.TOTL.ZG,1963,
IMN,FP.CPI.TOTL.ZG,1964,
IMN,FP.CPI.TOTL.ZG,1965,
IMN,FP.CPI.TOTL.ZG,1966,
IMN,FP.CPI.TOTL.ZG,1967,
IMN,FP.CPI.TOTL.ZG,1968,
IMN,FP.CPI.TOTL.ZG,1969,
IMN,FP.CPI.TOTL.ZG,1970,
IMN,FP.CPI.TOTL.ZG,1971,
IMN,FP.CPI.TOTL.ZG,1972,
IMN,FP.CPI.TOTL.ZG,1973,
IMN,FP.CPI.TOTL.ZG,1974,
IMN,FP.CPI.TOTL.ZG,1975,
IMN,FP.CPI.TOTL.ZG,1976,
IMN,FP.CPI.TOTL.ZG,1977,
IMN,FP.CPI.TOTL.ZG,1978,
IMN,FP.CPI.TOTL.ZG,1979,
IMN,FP.CPI.TOTL.ZG,1980,
IMN,FP.CPI.TOTL.ZG,1981,
IMN,FP.CPI.TOTL.ZG,1982,
IMN,FP.CPI.TOTL.ZG,1983,
IMN,FP.CPI.TOTL.ZG,1984,
IMN,FP.CPI.TOTL.ZG,1985,
IMN,FP.CPI.TOTL.ZG,1986,
IMN,FP.CPI.TOTL.ZG,1987,
IMN,FP.CPI.TOTL.ZG,1988,
IMN,FP.CPI.TOTL.ZG,1989,
IMN,FP.CPI.TOTL.ZG,1990,
IMN,FP.CPI.TOTL.ZG,1991,
IMN,FP.CPI.TOTL.ZG,1992,
IMN,FP.CPI.TOTL.ZG,1993,
IMN,FP.CPI.TOTL.ZG,1994,
IMN,FP.CPI.TOTL.ZG,1995,
IMN,FP.CPI.TOTL.ZG,1996,
IMN,FP.CPI.TOTL.ZG,1997,
IMN,FP.CPI.TOTL.ZG,1998,
IMN,FP.CPI.TOTL.ZG,1999,
IMN,FP.CPI.TOTL.ZG,2000,
IMN,FP.CPI.TOTL.ZG,2001,
IMN,FP.CPI.TOTL.ZG,2002,
IMN,FP.CPI.TOTL.ZG,2003,
IMN,FP.CPI.TOTL.ZG,2004,
IMN,FP.CPI.TOTL.ZG,2005,
IMN,FP.CPI.TOTL.ZG,2006,
IMN,FP.CPI.TOTL.ZG,2007,
IMN,FP.CPI.TOTL.ZG,2008,
IMN,FP.CPI.TOTL.ZG,2009,
IMN,FP.CPI.TOTL.ZG,2010,
IMN,FP.CPI.TOTL.ZG,2011,
IMN,FP.CPI.TOTL.ZG,2012,
IMN,FP.CPI.TOTL.ZG,2013,
IMN,FP.CPI.TOTL.ZG,2014,
IMN,FP.CPI.TOTL.ZG,2015,
IMN,FP.CPI.TOTL.ZG,2016,
IMN,FP.CPI.TOTL.ZG,2017,
IMN,FP.CPI.TOTL.ZG,2018,
IMN,FP.CPI.TOTL.ZG,2019,
IMN,FP.CPI.TOTL.ZG,2020,
IMN,FP.CPI.TOTL.ZG,2021,
IMN,FP.CPI.TOTL.ZG,2022,
IMN,FP.CPI.TOTL.ZG,2023,
IMN,FP.CPI.TOTL.ZG,2024,
IMN,FP.CPI.TOTL.ZG,2025,
ISR,FP.CPI.TOTL.ZG,1960,2.228112421
ISR,FP.CPI.TOTL.ZG,1961,6.789823404
ISR,FP.CPI.TOTL.ZG,1962,9.408194068
ISR,FP.CPI.TOTL.ZG,1963,6.581137365
ISR,FP.CPI.TOTL.ZG,1964,5.172750423
ISR,FP.CPI.TOTL.ZG,1965,7.708333264
ISR,FP.CPI.TOTL.ZG,1966,7.930367544
ISR,FP.CPI.TOTL.ZG,1967,1.70609316
ISR,FP.CPI.TOTL.ZG,1968,2.079221858
ISR,FP.CPI.TOTL.ZG,1969,2.458054256
ISR,FP.CPI.TOTL.ZG,1970,6.110742036
ISR,FP.CPI.TOTL.ZG,1971,11.97245167
ISR,FP.CPI.TOTL.ZG,1972,12.88130651
ISR,FP.CPI.TOTL.ZG,1973,20.03243979
ISR,FP.CPI.TOTL.ZG,1974,39.68002051
ISR,FP.CPI.TOTL.ZG,1975,39.30670198
ISR,FP.CPI.TOTL.ZG,1976,31.31086023
ISR,FP.CPI.TOTL.ZG,1977,34.61672728
ISR,FP.CPI.TOTL.ZG,1978,50.55094599
ISR,FP.CPI.TOTL.ZG,1979,78.31002016
ISR,FP.CPI.TOTL.ZG,1980,131.0250028
ISR,FP.CPI.TOTL.ZG,1981,116.8000003
ISR,FP.CPI.TOTL.ZG,1982,120.3644077
ISR,FP.CPI.TOTL.ZG,1983,145.9515027
ISR,FP.CPI.TOTL.ZG,1984,373.2156314
ISR,FP.CPI.TOTL.ZG,1985,307.1619146
ISR,FP.CPI.TOTL.ZG,1986,47.64492754
ISR,FP.CPI.TOTL.ZG,1987,19.0797546
ISR,FP.CPI.TOTL.ZG,1988,16.38330757
ISR,FP.CPI.TOTL.ZG,1989,20.3187251
ISR,FP.CPI.TOTL.ZG,1990,17.25533481
ISR,FP.CPI.TOTL.ZG,1991,19.10887982
ISR,FP.CPI.TOTL.ZG,1992,12.06533193
ISR,FP.CPI.TOTL.ZG,1993,10.883874
ISR,FP.CPI.TOTL.ZG,1994,12.25355099
ISR,FP.CPI.TOTL.ZG,1995,9.933899906
ISR,FP.CPI.TOTL.ZG,1996,11.45851228
ISR,FP.CPI.TOTL.ZG,1997,8.954993835
ISR,FP.CPI.TOTL.ZG,1998,5.488753713
ISR,FP.CPI.TOTL.ZG,1999,5.189754593
ISR,FP.CPI.TOTL.ZG,2000,1.03263641
ISR,FP.CPI.TOTL.ZG,2001,1.123028391
ISR,FP.CPI.TOTL.ZG,2002,5.802345895
ISR,FP.CPI.TOTL.ZG,2003,0.707630617
ISR,FP.CPI.TOTL.ZG,2004,-0.421595035
ISR,FP.CPI.TOTL.ZG,2005,1.340703281
ISR,FP.CPI.TOTL.ZG,2006,2.054079146
ISR,FP.CPI.TOTL.ZG,2007,0.466226973
ISR,FP.CPI.TOTL.ZG,2008,4.527447651
ISR,FP.CPI.TOTL.ZG,2009,3.367623173
ISR,FP.CPI.TOTL.ZG,2010,2.702702703
ISR,FP.CPI.TOTL.ZG,2011,3.488372093
ISR,FP.CPI.TOTL.ZG,2012,1.675537158
ISR,FP.CPI.TOTL.ZG,2013,1.589763474
ISR,FP.CPI.TOTL.ZG,2014,0.467557252
ISR,FP.CPI.TOTL.ZG,2015,-0.617342578
ISR,FP.CPI.TOTL.ZG,2016,-0.535168196
ISR,FP.CPI.TOTL.ZG,2017,0.24980784
ISR,FP.CPI.TOTL.ZG,2018,0.80506038
ISR,FP.CPI.TOTL.ZG,2019,0.81764594
ISR,FP.CPI.TOTL.ZG,2020,-0.575254621
ISR,FP.CPI.TOTL.ZG,2021,1.479654747
ISR,FP.CPI.TOTL.ZG,2022,4.411627255
ISR,FP.CPI.TOTL.ZG,2023,4.225226032
ISR,FP.CPI.TOTL.ZG,2024,3.074808898
ISR,FP.CPI.TOTL.ZG,2025,3.041413216
ITA,FP.CPI.TOTL.ZG,1960,2.350161414
ITA,FP.CPI.TOTL.ZG,1961,2.050697313
ITA,FP.CPI.TOTL.ZG,1962,4.691143607
ITA,FP.CPI.TOTL.ZG,1963,7.454718225
ITA,FP.CPI.TOTL.ZG,1964,5.912322532
ITA,FP.CPI.TOTL.ZG,1965,4.519268307
ITA,FP.CPI.TOTL.ZG,1966,2.346588934
ITA,FP.CPI.TOTL.ZG,1967,3.733338321
ITA,FP.CPI.TOTL.ZG,1968,1.277313354
ITA,FP.CPI.TOTL.ZG,1969,2.657252734
ITA,FP.CPI.TOTL.ZG,1970,4.968319873
ITA,FP.CPI.TOTL.ZG,1971,4.791664383
ITA,FP.CPI.TOTL.ZG,1972,5.749503937
ITA,FP.CPI.TOTL.ZG,1973,10.79861745
ITA,FP.CPI.TOTL.ZG,1974,19.15976959
ITA,FP.CPI.TOTL.ZG,1975,16.95050257
ITA,FP.CPI.TOTL.ZG,1976,16.61416647
ITA,FP.CPI.TOTL.ZG,1977,17.13004879
ITA,FP.CPI.TOTL.ZG,1978,12.09401384
ITA,FP.CPI.TOTL.ZG,1979,14.79857357
ITA,FP.CPI.TOTL.ZG,1980,21.06416828
ITA,FP.CPI.TOTL.ZG,1981,17.96929875
ITA,FP.CPI.TOTL.ZG,1982,16.48041462
ITA,FP.CPI.TOTL.ZG,1983,14.64657667
ITA,FP.CPI.TOTL.ZG,1984,10.79449601
ITA,FP.CPI.TOTL.ZG,1985,9.205991443
ITA,FP.CPI.TOTL.ZG,1986,5.823546919
ITA,FP.CPI.TOTL.ZG,1987,4.747284904
ITA,FP.CPI.TOTL.ZG,1988,5.058247477
ITA,FP.CPI.TOTL.ZG,1989,6.25983138
ITA,FP.CPI.TOTL.ZG,1990,6.456609061
ITA,FP.CPI.TOTL.ZG,1991,6.249999298
ITA,FP.CPI.TOTL.ZG,1992,5.270589986
ITA,FP.CPI.TOTL.ZG,1993,4.626734683
ITA,FP.CPI.TOTL.ZG,1994,4.051842181
ITA,FP.CPI.TOTL.ZG,1995,5.23542258
ITA,FP.CPI.TOTL.ZG,1996,4.00697669
ITA,FP.CPI.TOTL.ZG,1997,2.043107798
ITA,FP.CPI.TOTL.ZG,1998,1.955085577
ITA,FP.CPI.TOTL.ZG,1999,1.66345995
ITA,FP.CPI.TOTL.ZG,2000,2.537685321
ITA,FP.CPI.TOTL.ZG,2001,2.785165427
ITA,FP.CPI.TOTL.ZG,2002,2.465323192
ITA,FP.CPI.TOTL.ZG,2003,2.672555528
ITA,FP.CPI.TOTL.ZG,2004,2.206736614
ITA,FP.CPI.TOTL.ZG,2005,1.985292985
ITA,FP.CPI.TOTL.ZG,2006,2.09084391
ITA,FP.CPI.TOTL.ZG,2007,1.829741122
ITA,FP.CPI.TOTL.ZG,2008,3.347832584
ITA,FP.CPI.TOTL.ZG,2009,0.774768131
ITA,FP.CPI.TOTL.ZG,2010,1.525516021
ITA,FP.CPI.TOTL.ZG,2011,2.780632729
ITA,FP.CPI.TOTL.ZG,2012,3.041363332
ITA,FP.CPI.TOTL.ZG,2013,1.219993423
ITA,FP.CPI.TOTL.ZG,2014,0.24104743
ITA,FP.CPI.TOTL.ZG,2015,0.0387904
ITA,FP.CPI.TOTL.ZG,2016,-0.094016657
ITA,FP.CPI.TOTL.ZG,2017,1.226533166
ITA,FP.CPI.TOTL.ZG,2018,1.137487636
ITA,FP.CPI.TOTL.ZG,2019,0.611246944
ITA,FP.CPI.TOTL.ZG,2020,-0.137707574
ITA,FP.CPI.TOTL.ZG,2021,1.873783258
ITA,FP.CPI.TOTL.ZG,2022,8.201289912
ITA,FP.CPI.TOTL.ZG,2023,5.622194422
ITA,FP.CPI.TOTL.ZG,2024,0.982373023
ITA,FP.CPI.TOTL.ZG,2025,1.531668277
JAM,FP.CPI.TOTL.ZG,1960,3.274249138
JAM,FP.CPI.TOTL.ZG,1961,6.698450536
JAM,FP.CPI.TOTL.ZG,1962,1.407506702
JAM,FP.CPI.TOTL.ZG,1963,1.762502754
JAM,FP.CPI.TOTL.ZG,1964,2.013422819
JAM,FP.CPI.TOTL.ZG,1965,2.631578947
JAM,FP.CPI.TOTL.ZG,1966,1.902398677
JAM,FP.CPI.TOTL.ZG,1967,3.023538961
JAM,FP.CPI.TOTL.ZG,1968,5.92869805
JAM,FP.CPI.TOTL.ZG,1969,6.303458535
JAM,FP.CPI.TOTL.ZG,1970,14.7280042
JAM,FP.CPI.TOTL.ZG,1971,5.336179296
JAM,FP.CPI.TOTL.ZG,1972,5.427702996
JAM,FP.CPI.TOTL.ZG,1973,17.68259198
JAM,FP.CPI.TOTL.ZG,1974,27.15818946
JAM,FP.CPI.TOTL.ZG,1975,17.37614679
JAM,FP.CPI.TOTL.ZG,1976,9.793653275
JAM,FP.CPI.TOTL.ZG,1977,11.19100164
JAM,FP.CPI.TOTL.ZG,1978,34.89980152
JAM,FP.CPI.TOTL.ZG,1979,29.07925961
JAM,FP.CPI.TOTL.ZG,1980,27.30815899
JAM,FP.CPI.TOTL.ZG,1981,12.73971811
JAM,FP.CPI.TOTL.ZG,1982,6.545407967
JAM,FP.CPI.TOTL.ZG,1983,11.58211108
JAM,FP.CPI.TOTL.ZG,1984,27.81476932
JAM,FP.CPI.TOTL.ZG,1985,25.67310124
JAM,FP.CPI.TOTL.ZG,1986,15.10537542
JAM,FP.CPI.TOTL.ZG,1987,6.65244805
JAM,FP.CPI.TOTL.ZG,1988,8.266765744
JAM,FP.CPI.TOTL.ZG,1989,14.32953903
JAM,FP.CPI.TOTL.ZG,1990,21.96017512
JAM,FP.CPI.TOTL.ZG,1991,51.07109773
JAM,FP.CPI.TOTL.ZG,1992,77.29659296
JAM,FP.CPI.TOTL.ZG,1993,22.06994942
JAM,FP.CPI.TOTL.ZG,1994,35.06339425
JAM,FP.CPI.TOTL.ZG,1995,19.90874884
JAM,FP.CPI.TOTL.ZG,1996,26.40665661
JAM,FP.CPI.TOTL.ZG,1997,9.657552613
JAM,FP.CPI.TOTL.ZG,1998,8.63189613
JAM,FP.CPI.TOTL.ZG,1999,5.954239491
JAM,FP.CPI.TOTL.ZG,2000,8.171083561
JAM,FP.CPI.TOTL.ZG,2001,6.801909308
JAM,FP.CPI.TOTL.ZG,2002,7.076350093
JAM,FP.CPI.TOTL.ZG,2003,10.08695652
JAM,FP.CPI.TOTL.ZG,2004,13.55450237
JAM,FP.CPI.TOTL.ZG,2005,15.05286589
JAM,FP.CPI.TOTL.ZG,2006,8.561064087
JAM,FP.CPI.TOTL.ZG,2007,9.244820673
JAM,FP.CPI.TOTL.ZG,2008,22.0228385
JAM,FP.CPI.TOTL.ZG,2009,9.592245989
JAM,FP.CPI.TOTL.ZG,2010,12.610552
JAM,FP.CPI.TOTL.ZG,2011,7.555856466
JAM,FP.CPI.TOTL.ZG,2012,6.873977087
JAM,FP.CPI.TOTL.ZG,2013,9.341500766
JAM,FP.CPI.TOTL.ZG,2014,8.274078862
JAM,FP.CPI.TOTL.ZG,2015,3.691542289
JAM,FP.CPI.TOTL.ZG,2016,2.351021975
JAM,FP.CPI.TOTL.ZG,2017,4.37839865
JAM,FP.CPI.TOTL.ZG,2018,3.736638822
JAM,FP.CPI.TOTL.ZG,2019,3.905100009
JAM,FP.CPI.TOTL.ZG,2020,5.226777793
JAM,FP.CPI.TOTL.ZG,2021,5.862782428
JAM,FP.CPI.TOTL.ZG,2022,10.34956884
JAM,FP.CPI.TOTL.ZG,2023,6.474137347
JAM,FP.CPI.TOTL.ZG,2024,5.41194448
JAM,FP.CPI.TOTL.ZG,2025,4.004590481
JPN,FP.CPI.TOTL.ZG,1960,3.574511525
JPN,FP.CPI.TOTL.ZG,1961,5.368461785
JPN,FP.CPI.TOTL.ZG,1962,6.835440348
JPN,FP.CPI.TOTL.ZG,1963,6.706905564
JPN,FP.CPI.TOTL.ZG,1964,3.800389453
JPN,FP.CPI.TOTL.ZG,1965,6.655990943
JPN,FP.CPI.TOTL.ZG,1966,5.040832059
JPN,FP.CPI.TOTL.ZG,1967,3.989848089
JPN,FP.CPI.TOTL.ZG,1968,5.339432957
JPN,FP.CPI.TOTL.ZG,1969,5.249820911
JPN,FP.CPI.TOTL.ZG,1970,6.924173835
JPN,FP.CPI.TOTL.ZG,1971,6.395348837
JPN,FP.CPI.TOTL.ZG,1972,4.843517139
JPN,FP.CPI.TOTL.ZG,1973,11.60862355
JPN,FP.CPI.TOTL.ZG,1974,23.22224581
JPN,FP.CPI.TOTL.ZG,1975,11.73126615
JPN,FP.CPI.TOTL.ZG,1976,9.374036386
JPN,FP.CPI.TOTL.ZG,1977,8.161826896
JPN,FP.CPI.TOTL.ZG,1978,4.209566011
JPN,FP.CPI.TOTL.ZG,1979,3.701850925
JPN,FP.CPI.TOTL.ZG,1980,7.778581766
JPN,FP.CPI.TOTL.ZG,1981,4.912162918
JPN,FP.CPI.TOTL.ZG,1982,2.741040956
JPN,FP.CPI.TOTL.ZG,1983,1.899719713
JPN,FP.CPI.TOTL.ZG,1984,2.261613692
JPN,FP.CPI.TOTL.ZG,1985,2.032277346
JPN,FP.CPI.TOTL.ZG,1986,0.595586799
JPN,FP.CPI.TOTL.ZG,1987,0.126176842
JPN,FP.CPI.TOTL.ZG,1988,0.67855758
JPN,FP.CPI.TOTL.ZG,1989,2.272289621
JPN,FP.CPI.TOTL.ZG,1990,3.078516287
JPN,FP.CPI.TOTL.ZG,1991,3.251438488
JPN,FP.CPI.TOTL.ZG,1992,1.760283061
JPN,FP.CPI.TOTL.ZG,1993,1.243045897
JPN,FP.CPI.TOTL.ZG,1994,0.695458058
JPN,FP.CPI.TOTL.ZG,1995,-0.127899045
JPN,FP.CPI.TOTL.ZG,1996,0.136600359
JPN,FP.CPI.TOTL.ZG,1997,1.747804587
JPN,FP.CPI.TOTL.ZG,1998,0.661974191
JPN,FP.CPI.TOTL.ZG,1999,-0.341296928
JPN,FP.CPI.TOTL.ZG,2000,-0.676578684
JPN,FP.CPI.TOTL.ZG,2001,-0.740055504
JPN,FP.CPI.TOTL.ZG,2002,-0.923494027
JPN,FP.CPI.TOTL.ZG,2003,-0.256541816
JPN,FP.CPI.TOTL.ZG,2004,-0.008573388
JPN,FP.CPI.TOTL.ZG,2005,-0.282946069
JPN,FP.CPI.TOTL.ZG,2006,0.249355116
JPN,FP.CPI.TOTL.ZG,2007,0.060039454
JPN,FP.CPI.TOTL.ZG,2008,1.380078862
JPN,FP.CPI.TOTL.ZG,2009,-1.35283673
JPN,FP.CPI.TOTL.ZG,2010,-0.728243208
JPN,FP.CPI.TOTL.ZG,2011,-0.272455616
JPN,FP.CPI.TOTL.ZG,2012,-0.04406451
JPN,FP.CPI.TOTL.ZG,2013,0.335037912
JPN,FP.CPI.TOTL.ZG,2014,2.759226714
JPN,FP.CPI.TOTL.ZG,2015,0.795279631
JPN,FP.CPI.TOTL.ZG,2016,-0.127258844
JPN,FP.CPI.TOTL.ZG,2017,0.484199796
JPN,FP.CPI.TOTL.ZG,2018,0.989094598
JPN,FP.CPI.TOTL.ZG,2019,0.468776159
JPN,FP.CPI.TOTL.ZG,2020,-0.024995834
JPN,FP.CPI.TOTL.ZG,2021,-0.233352779
JPN,FP.CPI.TOTL.ZG,2022,2.497702782
JPN,FP.CPI.TOTL.ZG,2023,3.268133659
JPN,FP.CPI.TOTL.ZG,2024,2.738536816
JPN,FP.CPI.TOTL.ZG,2025,3.172530343
JOR,FP.CPI.TOTL.ZG,1960,
JOR,FP.CPI.TOTL.ZG,1961,
JOR,FP.CPI.TOTL.ZG,1962,
JOR,FP.CPI.TOTL.ZG,1963,
JOR,FP.CPI.TOTL.ZG,1964,
JOR,FP.CPI.TOTL.ZG,1965,
JOR,FP.CPI.TOTL.ZG,1966,
JOR,FP.CPI.TOTL.ZG,1967,
JOR,FP.CPI.TOTL.ZG,1968,
JOR,FP.CPI.TOTL.ZG,1969,
JOR,FP.CPI.TOTL.ZG,1970,5.899999999
JOR,FP.CPI.TOTL.ZG,1971,4.815864024
JOR,FP.CPI.TOTL.ZG,1972,7.657657658
JOR,FP.CPI.TOTL.ZG,1973,11.12970711
JOR,FP.CPI.TOTL.ZG,1974,19.42771084
JOR,FP.CPI.TOTL.ZG,1975,11.97982346
JOR,FP.CPI.TOTL.ZG,1976,11.5
JOR,FP.CPI.TOTL.ZG,1977,14.56651719
JOR,FP.CPI.TOTL.ZG,1978,6.9215213
JOR,FP.CPI.TOTL.ZG,1979,14.24649176
JOR,FP.CPI.TOTL.ZG,1980,11.11111111
JOR,FP.CPI.TOTL.ZG,1981,7.7
JOR,FP.CPI.TOTL.ZG,1982,7.428040854
JOR,FP.CPI.TOTL.ZG,1983,5.020167098
JOR,FP.CPI.TOTL.ZG,1984,3.847472738
JOR,FP.CPI.TOTL.ZG,1985,2.985074627
JOR,FP.CPI.TOTL.ZG,1986,
JOR,FP.CPI.TOTL.ZG,1987,-0.2
JOR,FP.CPI.TOTL.ZG,1988,6.613226453
JOR,FP.CPI.TOTL.ZG,1989,25.7127193
JOR,FP.CPI.TOTL.ZG,1990,16.19213756
JOR,FP.CPI.TOTL.ZG,1991,8.155495979
JOR,FP.CPI.TOTL.ZG,1992,3.995835606
JOR,FP.CPI.TOTL.ZG,1993,3.316666667
JOR,FP.CPI.TOTL.ZG,1994,3.516696241
JOR,FP.CPI.TOTL.ZG,1995,2.353124513
JOR,FP.CPI.TOTL.ZG,1996,6.501218027
JOR,FP.CPI.TOTL.ZG,1997,3.037884203
JOR,FP.CPI.TOTL.ZG,1998,3.091666667
JOR,FP.CPI.TOTL.ZG,1999,0.606256568
JOR,FP.CPI.TOTL.ZG,2000,0.666880926
JOR,FP.CPI.TOTL.ZG,2001,1.772204374
JOR,FP.CPI.TOTL.ZG,2002,1.83299389
JOR,FP.CPI.TOTL.ZG,2003,1.63
JOR,FP.CPI.TOTL.ZG,2004,3.361868215
JOR,FP.CPI.TOTL.ZG,2005,3.493685346
JOR,FP.CPI.TOTL.ZG,2006,6.251724667
JOR,FP.CPI.TOTL.ZG,2007,4.74390639
JOR,FP.CPI.TOTL.ZG,2008,13.971231
JOR,FP.CPI.TOTL.ZG,2009,-0.739069743
JOR,FP.CPI.TOTL.ZG,2010,4.845518759
JOR,FP.CPI.TOTL.ZG,2011,4.162441629
JOR,FP.CPI.TOTL.ZG,2012,4.515229567
JOR,FP.CPI.TOTL.ZG,2013,4.824623143
JOR,FP.CPI.TOTL.ZG,2014,2.89947905
JOR,FP.CPI.TOTL.ZG,2015,-0.87685136
JOR,FP.CPI.TOTL.ZG,2016,-0.778430463
JOR,FP.CPI.TOTL.ZG,2017,3.323894476
JOR,FP.CPI.TOTL.ZG,2018,4.462311085
JOR,FP.CPI.TOTL.ZG,2019,0.761514047
JOR,FP.CPI.TOTL.ZG,2020,0.333294351
JOR,FP.CPI.TOTL.ZG,2021,1.346093772
JOR,FP.CPI.TOTL.ZG,2022,4.229155689
JOR,FP.CPI.TOTL.ZG,2023,2.084869863
JOR,FP.CPI.TOTL.ZG,2024,1.556596113
JOR,FP.CPI.TOTL.ZG,2025,1.766464909
KAZ,FP.CPI.TOTL.ZG,1960,
KAZ,FP.CPI.TOTL.ZG,1961,
KAZ,FP.CPI.TOTL.ZG,1962,
KAZ,FP.CPI.TOTL.ZG,1963,
KAZ,FP.CPI.TOTL.ZG,1964,
KAZ,FP.CPI.TOTL.ZG,1965,
KAZ,FP.CPI.TOTL.ZG,1966,
KAZ,FP.CPI.TOTL.ZG,1967,
KAZ,FP.CPI.TOTL.ZG,1968,
KAZ,FP.CPI.TOTL.ZG,1969,
KAZ,FP.CPI.TOTL.ZG,1970,
KAZ,FP.CPI.TOTL.ZG,1971,
KAZ,FP.CPI.TOTL.ZG,1972,
KAZ,FP.CPI.TOTL.ZG,1973,
KAZ,FP.CPI.TOTL.ZG,1974,
KAZ,FP.CPI.TOTL.ZG,1975,
KAZ,FP.CPI.TOTL.ZG,1976,
KAZ,FP.CPI.TOTL.ZG,1977,
KAZ,FP.CPI.TOTL.ZG,1978,
KAZ,FP.CPI.TOTL.ZG,1979,
KAZ,FP.CPI.TOTL.ZG,1980,
KAZ,FP.CPI.TOTL.ZG,1981,
KAZ,FP.CPI.TOTL.ZG,1982,
KAZ,FP.CPI.TOTL.ZG,1983,
KAZ,FP.CPI.TOTL.ZG,1984,
KAZ,FP.CPI.TOTL.ZG,1985,
KAZ,FP.CPI.TOTL.ZG,1986,
KAZ,FP.CPI.TOTL.ZG,1987,
KAZ,FP.CPI.TOTL.ZG,1988,
KAZ,FP.CPI.TOTL.ZG,1989,
KAZ,FP.CPI.TOTL.ZG,1990,
KAZ,FP.CPI.TOTL.ZG,1991,
KAZ,FP.CPI.TOTL.ZG,1992,
KAZ,FP.CPI.TOTL.ZG,1993,
KAZ,FP.CPI.TOTL.ZG,1994,1877.372395
KAZ,FP.CPI.TOTL.ZG,1995,176.1552989
KAZ,FP.CPI.TOTL.ZG,1996,39.18254237
KAZ,FP.CPI.TOTL.ZG,1997,17.40804106
KAZ,FP.CPI.TOTL.ZG,1998,7.146326655
KAZ,FP.CPI.TOTL.ZG,1999,8.296027653
KAZ,FP.CPI.TOTL.ZG,2000,13.18089059
KAZ,FP.CPI.TOTL.ZG,2001,8.354137772
KAZ,FP.CPI.TOTL.ZG,2002,5.836924521
KAZ,FP.CPI.TOTL.ZG,2003,6.438218101
KAZ,FP.CPI.TOTL.ZG,2004,6.88205439
KAZ,FP.CPI.TOTL.ZG,2005,7.579999291
KAZ,FP.CPI.TOTL.ZG,2006,8.721693861
KAZ,FP.CPI.TOTL.ZG,2007,10.84683621
KAZ,FP.CPI.TOTL.ZG,2008,17.13989978
KAZ,FP.CPI.TOTL.ZG,2009,7.316078583
KAZ,FP.CPI.TOTL.ZG,2010,7.400463563
KAZ,FP.CPI.TOTL.ZG,2011,8.452904662
KAZ,FP.CPI.TOTL.ZG,2012,5.19568369
KAZ,FP.CPI.TOTL.ZG,2013,5.942838716
KAZ,FP.CPI.TOTL.ZG,2014,6.84944977
KAZ,FP.CPI.TOTL.ZG,2015,6.678285856
KAZ,FP.CPI.TOTL.ZG,2016,14.36109424
KAZ,FP.CPI.TOTL.ZG,2017,7.442663213
KAZ,FP.CPI.TOTL.ZG,2018,6.163662476
KAZ,FP.CPI.TOTL.ZG,2019,5.333560989
KAZ,FP.CPI.TOTL.ZG,2020,6.718154549
KAZ,FP.CPI.TOTL.ZG,2021,8.04147134
KAZ,FP.CPI.TOTL.ZG,2022,15.02786444
KAZ,FP.CPI.TOTL.ZG,2023,14.52755978
KAZ,FP.CPI.TOTL.ZG,2024,8.690821561
KAZ,FP.CPI.TOTL.ZG,2025,11.38794547
KEN,FP.CPI.TOTL.ZG,1960,1.243781095
KEN,FP.CPI.TOTL.ZG,1961,2.457002457
KEN,FP.CPI.TOTL.ZG,1962,3.117505995
KEN,FP.CPI.TOTL.ZG,1963,0.697674419
KEN,FP.CPI.TOTL.ZG,1964,-0.099304867
KEN,FP.CPI.TOTL.ZG,1965,3.578528828
KEN,FP.CPI.TOTL.ZG,1966,5.014395393
KEN,FP.CPI.TOTL.ZG,1967,1.759195796
KEN,FP.CPI.TOTL.ZG,1968,0.36671157
KEN,FP.CPI.TOTL.ZG,1969,-0.171501007
KEN,FP.CPI.TOTL.ZG,1970,2.188527039
KEN,FP.CPI.TOTL.ZG,1971,3.780206125
KEN,FP.CPI.TOTL.ZG,1972,5.831644743
KEN,FP.CPI.TOTL.ZG,1973,9.281194223
KEN,FP.CPI.TOTL.ZG,1974,17.80994803
KEN,FP.CPI.TOTL.ZG,1975,19.12018401
KEN,FP.CPI.TOTL.ZG,1976,11.44903049
KEN,FP.CPI.TOTL.ZG,1977,14.82096448
KEN,FP.CPI.TOTL.ZG,1978,16.93178246
KEN,FP.CPI.TOTL.ZG,1979,7.979352618
KEN,FP.CPI.TOTL.ZG,1980,13.85818146
KEN,FP.CPI.TOTL.ZG,1981,11.60305344
KEN,FP.CPI.TOTL.ZG,1982,20.66671467
KEN,FP.CPI.TOTL.ZG,1983,11.39778274
KEN,FP.CPI.TOTL.ZG,1984,10.28409821
KEN,FP.CPI.TOTL.ZG,1985,13.00656642
KEN,FP.CPI.TOTL.ZG,1986,2.534275989
KEN,FP.CPI.TOTL.ZG,1987,8.63767319
KEN,FP.CPI.TOTL.ZG,1988,12.26496305
KEN,FP.CPI.TOTL.ZG,1989,13.78931728
KEN,FP.CPI.TOTL.ZG,1990,17.78181443
KEN,FP.CPI.TOTL.ZG,1991,20.08449558
KEN,FP.CPI.TOTL.ZG,1992,27.33236445
KEN,FP.CPI.TOTL.ZG,1993,45.9788813
KEN,FP.CPI.TOTL.ZG,1994,28.81438943
KEN,FP.CPI.TOTL.ZG,1995,1.554328161
KEN,FP.CPI.TOTL.ZG,1996,8.864087416
KEN,FP.CPI.TOTL.ZG,1997,11.36184505
KEN,FP.CPI.TOTL.ZG,1998,6.722436508
KEN,FP.CPI.TOTL.ZG,1999,5.742001095
KEN,FP.CPI.TOTL.ZG,2000,9.980025154
KEN,FP.CPI.TOTL.ZG,2001,5.738598143
KEN,FP.CPI.TOTL.ZG,2002,1.961308217
KEN,FP.CPI.TOTL.ZG,2003,9.81569063
KEN,FP.CPI.TOTL.ZG,2004,11.62403554
KEN,FP.CPI.TOTL.ZG,2005,10.31277836
KEN,FP.CPI.TOTL.ZG,2006,14.45373421
KEN,FP.CPI.TOTL.ZG,2007,9.75888023
KEN,FP.CPI.TOTL.ZG,2008,26.23981664
KEN,FP.CPI.TOTL.ZG,2009,9.234125924
KEN,FP.CPI.TOTL.ZG,2010,3.961388891
KEN,FP.CPI.TOTL.ZG,2011,14.0224913
KEN,FP.CPI.TOTL.ZG,2012,9.377770035
KEN,FP.CPI.TOTL.ZG,2013,5.71749357
KEN,FP.CPI.TOTL.ZG,2014,6.878154993
KEN,FP.CPI.TOTL.ZG,2015,6.582154293
KEN,FP.CPI.TOTL.ZG,2016,6.297249538
KEN,FP.CPI.TOTL.ZG,2017,8.005649677
KEN,FP.CPI.TOTL.ZG,2018,4.689806468
KEN,FP.CPI.TOTL.ZG,2019,5.239637958
KEN,FP.CPI.TOTL.ZG,2020,5.405162079
KEN,FP.CPI.TOTL.ZG,2021,6.107936037
KEN,FP.CPI.TOTL.ZG,2022,7.659862683
KEN,FP.CPI.TOTL.ZG,2023,7.67139634
KEN,FP.CPI.TOTL.ZG,2024,4.489788542
KEN,FP.CPI.TOTL.ZG,2025,4.069128785
KIR,FP.CPI.TOTL.ZG,1960,
KIR,FP.CPI.TOTL.ZG,1961,
KIR,FP.CPI.TOTL.ZG,1962,
KIR,FP.CPI.TOTL.ZG,1963,
KIR,FP.CPI.TOTL.ZG,1964,
KIR,FP.CPI.TOTL.ZG,1965,
KIR,FP.CPI.TOTL.ZG,1966,
KIR,FP.CPI.TOTL.ZG,1967,
KIR,FP.CPI.TOTL.ZG,1968,
KIR,FP.CPI.TOTL.ZG,1969,
KIR,FP.CPI.TOTL.ZG,1970,
KIR,FP.CPI.TOTL.ZG,1971,
KIR,FP.CPI.TOTL.ZG,1972,
KIR,FP.CPI.TOTL.ZG,1973,
KIR,FP.CPI.TOTL.ZG,1974,
KIR,FP.CPI.TOTL.ZG,1975,
KIR,FP.CPI.TOTL.ZG,1976,
KIR,FP.CPI.TOTL.ZG,1977,
KIR,FP.CPI.TOTL.ZG,1978,
KIR,FP.CPI.TOTL.ZG,1979,
KIR,FP.CPI.TOTL.ZG,1980,
KIR,FP.CPI.TOTL.ZG,1981,
KIR,FP.CPI.TOTL.ZG,1982,
KIR,FP.CPI.TOTL.ZG,1983,
KIR,FP.CPI.TOTL.ZG,1984,
KIR,FP.CPI.TOTL.ZG,1985,
KIR,FP.CPI.TOTL.ZG,1986,
KIR,FP.CPI.TOTL.ZG,1987,
KIR,FP.CPI.TOTL.ZG,1988,
KIR,FP.CPI.TOTL.ZG,1989,
KIR,FP.CPI.TOTL.ZG,1990,
KIR,FP.CPI.TOTL.ZG,1991,
KIR,FP.CPI.TOTL.ZG,1992,
KIR,FP.CPI.TOTL.ZG,1993,
KIR,FP.CPI.TOTL.ZG,1994,
KIR,FP.CPI.TOTL.ZG,1995,
KIR,FP.CPI.TOTL.ZG,1996,
KIR,FP.CPI.TOTL.ZG,1997,
KIR,FP.CPI.TOTL.ZG,1998,
KIR,FP.CPI.TOTL.ZG,1999,
KIR,FP.CPI.TOTL.ZG,2000,
KIR,FP.CPI.TOTL.ZG,2001,
KIR,FP.CPI.TOTL.ZG,2002,
KIR,FP.CPI.TOTL.ZG,2003,
KIR,FP.CPI.TOTL.ZG,2004,
KIR,FP.CPI.TOTL.ZG,2005,
KIR,FP.CPI.TOTL.ZG,2006,
KIR,FP.CPI.TOTL.ZG,2007,3.592521313
KIR,FP.CPI.TOTL.ZG,2008,13.66539953
KIR,FP.CPI.TOTL.ZG,2009,9.816438845
KIR,FP.CPI.TOTL.ZG,2010,-3.899550407
KIR,FP.CPI.TOTL.ZG,2011,1.497409799
KIR,FP.CPI.TOTL.ZG,2012,-3.045862928
KIR,FP.CPI.TOTL.ZG,2013,-1.488059085
KIR,FP.CPI.TOTL.ZG,2014,2.103985209
KIR,FP.CPI.TOTL.ZG,2015,0.572015744
KIR,FP.CPI.TOTL.ZG,2016,1.917310902
KIR,FP.CPI.TOTL.ZG,2017,0.355520889
KIR,FP.CPI.TOTL.ZG,2018,0.564030491
KIR,FP.CPI.TOTL.ZG,2019,-1.813079953
KIR,FP.CPI.TOTL.ZG,2020,2.553245544
KIR,FP.CPI.TOTL.ZG,2021,2.053616768
KIR,FP.CPI.TOTL.ZG,2022,5.345954409
KIR,FP.CPI.TOTL.ZG,2023,9.283073745
KIR,FP.CPI.TOTL.ZG,2024,2.455450722
KIR,FP.CPI.TOTL.ZG,2025,
PRK,FP.CPI.TOTL.ZG,1960,
PRK,FP.CPI.TOTL.ZG,1961,
PRK,FP.CPI.TOTL.ZG,1962,
PRK,FP.CPI.TOTL.ZG,1963,
PRK,FP.CPI.TOTL.ZG,1964,
PRK,FP.CPI.TOTL.ZG,1965,
PRK,FP.CPI.TOTL.ZG,1966,
PRK,FP.CPI.TOTL.ZG,1967,
PRK,FP.CPI.TOTL.ZG,1968,
PRK,FP.CPI.TOTL.ZG,1969,
PRK,FP.CPI.TOTL.ZG,1970,
PRK,FP.CPI.TOTL.ZG,1971,
PRK,FP.CPI.TOTL.ZG,1972,
PRK,FP.CPI.TOTL.ZG,1973,
PRK,FP.CPI.TOTL.ZG,1974,
PRK,FP.CPI.TOTL.ZG,1975,
PRK,FP.CPI.TOTL.ZG,1976,
PRK,FP.CPI.TOTL.ZG,1977,
PRK,FP.CPI.TOTL.ZG,1978,
PRK,FP.CPI.TOTL.ZG,1979,
PRK,FP.CPI.TOTL.ZG,1980,
PRK,FP.CPI.TOTL.ZG,1981,
PRK,FP.CPI.TOTL.ZG,1982,
PRK,FP.CPI.TOTL.ZG,1983,
PRK,FP.CPI.TOTL.ZG,1984,
PRK,FP.CPI.TOTL.ZG,1985,
PRK,FP.CPI.TOTL.ZG,1986,
PRK,FP.CPI.TOTL.ZG,1987,
PRK,FP.CPI.TOTL.ZG,1988,
PRK,FP.CPI.TOTL.ZG,1989,
PRK,FP.CPI.TOTL.ZG,1990,
PRK,FP.CPI.TOTL.ZG,1991,
PRK,FP.CPI.TOTL.ZG,1992,
PRK,FP.CPI.TOTL.ZG,1993,
PRK,FP.CPI.TOTL.ZG,1994,
PRK,FP.CPI.TOTL.ZG,1995,
PRK,FP.CPI.TOTL.ZG,1996,
PRK,FP.CPI.TOTL.ZG,1997,
PRK,FP.CPI.TOTL.ZG,1998,
PRK,FP.CPI.TOTL.ZG,1999,
PRK,FP.CPI.TOTL.ZG,2000,
PRK,FP.CPI.TOTL.ZG,2001,
PRK,FP.CPI.TOTL.ZG,2002,
PRK,FP.CPI.TOTL.ZG,2003,
PRK,FP.CPI.TOTL.ZG,2004,
PRK,FP.CPI.TOTL.ZG,2005,
PRK,FP.CPI.TOTL.ZG,2006,
PRK,FP.CPI.TOTL.ZG,2007,
PRK,FP.CPI.TOTL.ZG,2008,
PRK,FP.CPI.TOTL.ZG,2009,
PRK,FP.CPI.TOTL.ZG,2010,
PRK,FP.CPI.TOTL.ZG,2011,
PRK,FP.CPI.TOTL.ZG,2012,
PRK,FP.CPI.TOTL.ZG,2013,
PRK,FP.CPI.TOTL.ZG,2014,
PRK,FP.CPI.TOTL.ZG,2015,
PRK,FP.CPI.TOTL.ZG,2016,
PRK,FP.CPI.TOTL.ZG,2017,
PRK,FP.CPI.TOTL.ZG,2018,
PRK,FP.CPI.TOTL.ZG,2019,
PRK,FP.CPI.TOTL.ZG,2020,
PRK,FP.CPI.TOTL.ZG,2021,
PRK,FP.CPI.TOTL.ZG,2022,
PRK,FP.CPI.TOTL.ZG,2023,
PRK,FP.CPI.TOTL.ZG,2024,
PRK,FP.CPI.TOTL.ZG,2025,
KOR,FP.CPI.TOTL.ZG,1960,7.965565755
KOR,FP.CPI.TOTL.ZG,1961,8.195652883
KOR,FP.CPI.TOTL.ZG,1962,6.618310975
KOR,FP.CPI.TOTL.ZG,1963,20.69164732
KOR,FP.CPI.TOTL.ZG,1964,29.46283145
KOR,FP.CPI.TOTL.ZG,1965,13.54819471
KOR,FP.CPI.TOTL.ZG,1966,11.26138488
KOR,FP.CPI.TOTL.ZG,1967,10.88244006
KOR,FP.CPI.TOTL.ZG,1968,10.7718214
KOR,FP.CPI.TOTL.ZG,1969,12.38956471
KOR,FP.CPI.TOTL.ZG,1970,15.95034236
KOR,FP.CPI.TOTL.ZG,1971,13.51170233
KOR,FP.CPI.TOTL.ZG,1972,11.68898668
KOR,FP.CPI.TOTL.ZG,1973,3.221029047
KOR,FP.CPI.TOTL.ZG,1974,24.30419954
KOR,FP.CPI.TOTL.ZG,1975,25.24925641
KOR,FP.CPI.TOTL.ZG,1976,15.32732052
KOR,FP.CPI.TOTL.ZG,1977,10.09666533
KOR,FP.CPI.TOTL.ZG,1978,14.46028502
KOR,FP.CPI.TOTL.ZG,1979,18.32349634
KOR,FP.CPI.TOTL.ZG,1980,28.69760864
KOR,FP.CPI.TOTL.ZG,1981,21.35164025
KOR,FP.CPI.TOTL.ZG,1982,7.19084664
KOR,FP.CPI.TOTL.ZG,1983,3.420614195
KOR,FP.CPI.TOTL.ZG,1984,2.2739564
KOR,FP.CPI.TOTL.ZG,1985,2.459108792
KOR,FP.CPI.TOTL.ZG,1986,2.749980961
KOR,FP.CPI.TOTL.ZG,1987,3.049660771
KOR,FP.CPI.TOTL.ZG,1988,7.146097737
KOR,FP.CPI.TOTL.ZG,1989,5.700165446
KOR,FP.CPI.TOTL.ZG,1990,8.573272257
KOR,FP.CPI.TOTL.ZG,1991,9.332790482
KOR,FP.CPI.TOTL.ZG,1992,6.213281464
KOR,FP.CPI.TOTL.ZG,1993,4.800996602
KOR,FP.CPI.TOTL.ZG,1994,6.2658595
KOR,FP.CPI.TOTL.ZG,1995,4.480741086
KOR,FP.CPI.TOTL.ZG,1996,4.924543543
KOR,FP.CPI.TOTL.ZG,1997,4.438931846
KOR,FP.CPI.TOTL.ZG,1998,7.513580081
KOR,FP.CPI.TOTL.ZG,1999,0.812957254
KOR,FP.CPI.TOTL.ZG,2000,2.259165801
KOR,FP.CPI.TOTL.ZG,2001,4.066575879
KOR,FP.CPI.TOTL.ZG,2002,2.762262103
KOR,FP.CPI.TOTL.ZG,2003,3.514874515
KOR,FP.CPI.TOTL.ZG,2004,3.590662989
KOR,FP.CPI.TOTL.ZG,2005,2.753791627
KOR,FP.CPI.TOTL.ZG,2006,2.242340285
KOR,FP.CPI.TOTL.ZG,2007,2.534573821
KOR,FP.CPI.TOTL.ZG,2008,4.673896555
KOR,FP.CPI.TOTL.ZG,2009,2.756496545
KOR,FP.CPI.TOTL.ZG,2010,2.939286527
KOR,FP.CPI.TOTL.ZG,2011,4.025965004
KOR,FP.CPI.TOTL.ZG,2012,2.187071044
KOR,FP.CPI.TOTL.ZG,2013,1.301347545
KOR,FP.CPI.TOTL.ZG,2014,1.274774464
KOR,FP.CPI.TOTL.ZG,2015,0.706331772
KOR,FP.CPI.TOTL.ZG,2016,0.97168574
KOR,FP.CPI.TOTL.ZG,2017,1.944332308
KOR,FP.CPI.TOTL.ZG,2018,1.47583935
KOR,FP.CPI.TOTL.ZG,2019,0.383000304
KOR,FP.CPI.TOTL.ZG,2020,0.537288023
KOR,FP.CPI.TOTL.ZG,2021,2.498333333
KOR,FP.CPI.TOTL.ZG,2022,5.089513651
KOR,FP.CPI.TOTL.ZG,2023,3.59745625
KOR,FP.CPI.TOTL.ZG,2024,2.321743286
KOR,FP.CPI.TOTL.ZG,2025,2.123094215
XKX,FP.CPI.TOTL.ZG,1960,
XKX,FP.CPI.TOTL.ZG,1961,
XKX,FP.CPI.TOTL.ZG,1962,
XKX,FP.CPI.TOTL.ZG,1963,
XKX,FP.CPI.TOTL.ZG,1964,
XKX,FP.CPI.TOTL.ZG,1965,
XKX,FP.CPI.TOTL.ZG,1966,
XKX,FP.CPI.TOTL.ZG,1967,
XKX,FP.CPI.TOTL.ZG,1968,
XKX,FP.CPI.TOTL.ZG,1969,
XKX,FP.CPI.TOTL.ZG,1970,
XKX,FP.CPI.TOTL.ZG,1971,
XKX,FP.CPI.TOTL.ZG,1972,
XKX,FP.CPI.TOTL.ZG,1973,
XKX,FP.CPI.TOTL.ZG,1974,
XKX,FP.CPI.TOTL.ZG,1975,
XKX,FP.CPI.TOTL.ZG,1976,
XKX,FP.CPI.TOTL.ZG,1977,
XKX,FP.CPI.TOTL.ZG,1978,
XKX,FP.CPI.TOTL.ZG,1979,
XKX,FP.CPI.TOTL.ZG,1980,
XKX,FP.CPI.TOTL.ZG,1981,
XKX,FP.CPI.TOTL.ZG,1982,
XKX,FP.CPI.TOTL.ZG,1983,
XKX,FP.CPI.TOTL.ZG,1984,
XKX,FP.CPI.TOTL.ZG,1985,
XKX,FP.CPI.TOTL.ZG,1986,
XKX,FP.CPI.TOTL.ZG,1987,
XKX,FP.CPI.TOTL.ZG,1988,
XKX,FP.CPI.TOTL.ZG,1989,
XKX,FP.CPI.TOTL.ZG,1990,
XKX,FP.CPI.TOTL.ZG,1991,
XKX,FP.CPI.TOTL.ZG,1992,
XKX,FP.CPI.TOTL.ZG,1993,
XKX,FP.CPI.TOTL.ZG,1994,
XKX,FP.CPI.TOTL.ZG,1995,
XKX,FP.CPI.TOTL.ZG,1996,
XKX,FP.CPI.TOTL.ZG,1997,
XKX,FP.CPI.TOTL.ZG,1998,
XKX,FP.CPI.TOTL.ZG,1999,
XKX,FP.CPI.TOTL.ZG,2000,
XKX,FP.CPI.TOTL.ZG,2001,
XKX,FP.CPI.TOTL.ZG,2002,
XKX,FP.CPI.TOTL.ZG,2003,-1.084812623
XKX,FP.CPI.TOTL.ZG,2004,-1.064726966
XKX,FP.CPI.TOTL.ZG,2005,-1.385189132
XKX,FP.CPI.TOTL.ZG,2006,0.621646939
XKX,FP.CPI.TOTL.ZG,2007,4.358496953
XKX,FP.CPI.TOTL.ZG,2008,9.350417647
XKX,FP.CPI.TOTL.ZG,2009,-2.410264017
XKX,FP.CPI.TOTL.ZG,2010,3.480507637
XKX,FP.CPI.TOTL.ZG,2011,7.336417713
XKX,FP.CPI.TOTL.ZG,2012,2.476737822
XKX,FP.CPI.TOTL.ZG,2013,1.767324284
XKX,FP.CPI.TOTL.ZG,2014,0.428957808
XKX,FP.CPI.TOTL.ZG,2015,-0.536929393
XKX,FP.CPI.TOTL.ZG,2016,0.273169431
XKX,FP.CPI.TOTL.ZG,2017,1.488234306
XKX,FP.CPI.TOTL.ZG,2018,1.053797737
XKX,FP.CPI.TOTL.ZG,2019,2.675992026
XKX,FP.CPI.TOTL.ZG,2020,0.198227923
XKX,FP.CPI.TOTL.ZG,2021,3.353691392
XKX,FP.CPI.TOTL.ZG,2022,11.58051045
XKX,FP.CPI.TOTL.ZG,2023,4.944324388
XKX,FP.CPI.TOTL.ZG,2024,1.619449946
XKX,FP.CPI.TOTL.ZG,2025,3.859538699
KWT,FP.CPI.TOTL.ZG,1960,
KWT,FP.CPI.TOTL.ZG,1961,
KWT,FP.CPI.TOTL.ZG,1962,
KWT,FP.CPI.TOTL.ZG,1963,
KWT,FP.CPI.TOTL.ZG,1964,
KWT,FP.CPI.TOTL.ZG,1965,
KWT,FP.CPI.TOTL.ZG,1966,
KWT,FP.CPI.TOTL.ZG,1967,
KWT,FP.CPI.TOTL.ZG,1968,
KWT,FP.CPI.TOTL.ZG,1969,
KWT,FP.CPI.TOTL.ZG,1970,
KWT,FP.CPI.TOTL.ZG,1971,
KWT,FP.CPI.TOTL.ZG,1972,
KWT,FP.CPI.TOTL.ZG,1973,8.266666666
KWT,FP.CPI.TOTL.ZG,1974,12.99261084
KWT,FP.CPI.TOTL.ZG,1975,8.392370572
KWT,FP.CPI.TOTL.ZG,1976,5.235042735
KWT,FP.CPI.TOTL.ZG,1977,9.889519259
KWT,FP.CPI.TOTL.ZG,1978,8.689745123
KWT,FP.CPI.TOTL.ZG,1979,7.049999999
KWT,FP.CPI.TOTL.ZG,1980,6.928226686
KWT,FP.CPI.TOTL.ZG,1981,7.374781596
KWT,FP.CPI.TOTL.ZG,1982,7.776798427
KWT,FP.CPI.TOTL.ZG,1983,4.718168093
KWT,FP.CPI.TOTL.ZG,1984,1.17746005
KWT,FP.CPI.TOTL.ZG,1985,1.490321814
KWT,FP.CPI.TOTL.ZG,1986,0.95360674
KWT,FP.CPI.TOTL.ZG,1987,0.654844692
KWT,FP.CPI.TOTL.ZG,1988,1.46813288
KWT,FP.CPI.TOTL.ZG,1989,3.342033591
KWT,FP.CPI.TOTL.ZG,1990,9.833635315
KWT,FP.CPI.TOTL.ZG,1991,9.058188362
KWT,FP.CPI.TOTL.ZG,1992,-0.545471214
KWT,FP.CPI.TOTL.ZG,1993,0.382541365
KWT,FP.CPI.TOTL.ZG,1994,2.534435262
KWT,FP.CPI.TOTL.ZG,1995,2.686727566
KWT,FP.CPI.TOTL.ZG,1996,3.553985697
KWT,FP.CPI.TOTL.ZG,1997,0.682191435
KWT,FP.CPI.TOTL.ZG,1998,0.129658288
KWT,FP.CPI.TOTL.ZG,1999,2.990810359
KWT,FP.CPI.TOTL.ZG,2000,1.812946139
KWT,FP.CPI.TOTL.ZG,2001,1.3
KWT,FP.CPI.TOTL.ZG,2002,0.888450148
KWT,FP.CPI.TOTL.ZG,2003,0.961350294
KWT,FP.CPI.TOTL.ZG,2004,1.248564437
KWT,FP.CPI.TOTL.ZG,2005,4.142975836
KWT,FP.CPI.TOTL.ZG,2006,3.057013392
KWT,FP.CPI.TOTL.ZG,2007,5.484949833
KWT,FP.CPI.TOTL.ZG,2008,10.58270979
KWT,FP.CPI.TOTL.ZG,2009,4.609595484
KWT,FP.CPI.TOTL.ZG,2010,4.496402878
KWT,FP.CPI.TOTL.ZG,2011,4.839403499
KWT,FP.CPI.TOTL.ZG,2012,3.255146003
KWT,FP.CPI.TOTL.ZG,2013,2.682296841
KWT,FP.CPI.TOTL.ZG,2014,2.908926729
KWT,FP.CPI.TOTL.ZG,2015,3.271701661
KWT,FP.CPI.TOTL.ZG,2016,3.198397767
KWT,FP.CPI.TOTL.ZG,2017,2.171832985
KWT,FP.CPI.TOTL.ZG,2018,0.543133148
KWT,FP.CPI.TOTL.ZG,2019,1.091848027
KWT,FP.CPI.TOTL.ZG,2020,2.101729548
KWT,FP.CPI.TOTL.ZG,2021,3.423629476
KWT,FP.CPI.TOTL.ZG,2022,3.98064962
KWT,FP.CPI.TOTL.ZG,2023,3.64216403
KWT,FP.CPI.TOTL.ZG,2024,2.898550725
KWT,FP.CPI.TOTL.ZG,2025,2.361959367
KGZ,FP.CPI.TOTL.ZG,1960,
KGZ,FP.CPI.TOTL.ZG,1961,
KGZ,FP.CPI.TOTL.ZG,1962,
KGZ,FP.CPI.TOTL.ZG,1963,
KGZ,FP.CPI.TOTL.ZG,1964,
KGZ,FP.CPI.TOTL.ZG,1965,
KGZ,FP.CPI.TOTL.ZG,1966,
KGZ,FP.CPI.TOTL.ZG,1967,
KGZ,FP.CPI.TOTL.ZG,1968,
KGZ,FP.CPI.TOTL.ZG,1969,
KGZ,FP.CPI.TOTL.ZG,1970,
KGZ,FP.CPI.TOTL.ZG,1971,
KGZ,FP.CPI.TOTL.ZG,1972,
KGZ,FP.CPI.TOTL.ZG,1973,
KGZ,FP.CPI.TOTL.ZG,1974,
KGZ,FP.CPI.TOTL.ZG,1975,
KGZ,FP.CPI.TOTL.ZG,1976,
KGZ,FP.CPI.TOTL.ZG,1977,
KGZ,FP.CPI.TOTL.ZG,1978,
KGZ,FP.CPI.TOTL.ZG,1979,
KGZ,FP.CPI.TOTL.ZG,1980,
KGZ,FP.CPI.TOTL.ZG,1981,
KGZ,FP.CPI.TOTL.ZG,1982,
KGZ,FP.CPI.TOTL.ZG,1983,
KGZ,FP.CPI.TOTL.ZG,1984,
KGZ,FP.CPI.TOTL.ZG,1985,
KGZ,FP.CPI.TOTL.ZG,1986,
KGZ,FP.CPI.TOTL.ZG,1987,
KGZ,FP.CPI.TOTL.ZG,1988,
KGZ,FP.CPI.TOTL.ZG,1989,
KGZ,FP.CPI.TOTL.ZG,1990,
KGZ,FP.CPI.TOTL.ZG,1991,
KGZ,FP.CPI.TOTL.ZG,1992,
KGZ,FP.CPI.TOTL.ZG,1993,
KGZ,FP.CPI.TOTL.ZG,1994,
KGZ,FP.CPI.TOTL.ZG,1995,
KGZ,FP.CPI.TOTL.ZG,1996,31.94733772
KGZ,FP.CPI.TOTL.ZG,1997,23.43542785
KGZ,FP.CPI.TOTL.ZG,1998,10.45738258
KGZ,FP.CPI.TOTL.ZG,1999,37.03092584
KGZ,FP.CPI.TOTL.ZG,2000,18.70073428
KGZ,FP.CPI.TOTL.ZG,2001,6.919679894
KGZ,FP.CPI.TOTL.ZG,2002,2.134209863
KGZ,FP.CPI.TOTL.ZG,2003,2.974612952
KGZ,FP.CPI.TOTL.ZG,2004,4.110650847
KGZ,FP.CPI.TOTL.ZG,2005,4.338673918
KGZ,FP.CPI.TOTL.ZG,2006,5.552123332
KGZ,FP.CPI.TOTL.ZG,2007,10.23010327
KGZ,FP.CPI.TOTL.ZG,2008,24.52010242
KGZ,FP.CPI.TOTL.ZG,2009,6.836562481
KGZ,FP.CPI.TOTL.ZG,2010,7.967722256
KGZ,FP.CPI.TOTL.ZG,2011,16.63632627
KGZ,FP.CPI.TOTL.ZG,2012,2.768442365
KGZ,FP.CPI.TOTL.ZG,2013,6.613752024
KGZ,FP.CPI.TOTL.ZG,2014,7.534247298
KGZ,FP.CPI.TOTL.ZG,2015,6.50331839
KGZ,FP.CPI.TOTL.ZG,2016,0.388838297
KGZ,FP.CPI.TOTL.ZG,2017,3.175309864
KGZ,FP.CPI.TOTL.ZG,2018,1.542661452
KGZ,FP.CPI.TOTL.ZG,2019,1.133622577
KGZ,FP.CPI.TOTL.ZG,2020,6.325422963
KGZ,FP.CPI.TOTL.ZG,2021,11.90503982
KGZ,FP.CPI.TOTL.ZG,2022,13.92290932
KGZ,FP.CPI.TOTL.ZG,2023,10.75327704
KGZ,FP.CPI.TOTL.ZG,2024,4.997607012
KGZ,FP.CPI.TOTL.ZG,2025,8.214960134
LAO,FP.CPI.TOTL.ZG,1960,
LAO,FP.CPI.TOTL.ZG,1961,
LAO,FP.CPI.TOTL.ZG,1962,
LAO,FP.CPI.TOTL.ZG,1963,
LAO,FP.CPI.TOTL.ZG,1964,
LAO,FP.CPI.TOTL.ZG,1965,
LAO,FP.CPI.TOTL.ZG,1966,
LAO,FP.CPI.TOTL.ZG,1967,
LAO,FP.CPI.TOTL.ZG,1968,
LAO,FP.CPI.TOTL.ZG,1969,
LAO,FP.CPI.TOTL.ZG,1970,
LAO,FP.CPI.TOTL.ZG,1971,
LAO,FP.CPI.TOTL.ZG,1972,
LAO,FP.CPI.TOTL.ZG,1973,
LAO,FP.CPI.TOTL.ZG,1974,
LAO,FP.CPI.TOTL.ZG,1975,
LAO,FP.CPI.TOTL.ZG,1976,
LAO,FP.CPI.TOTL.ZG,1977,
LAO,FP.CPI.TOTL.ZG,1978,
LAO,FP.CPI.TOTL.ZG,1979,
LAO,FP.CPI.TOTL.ZG,1980,
LAO,FP.CPI.TOTL.ZG,1981,
LAO,FP.CPI.TOTL.ZG,1982,
LAO,FP.CPI.TOTL.ZG,1983,
LAO,FP.CPI.TOTL.ZG,1984,
LAO,FP.CPI.TOTL.ZG,1985,
LAO,FP.CPI.TOTL.ZG,1986,
LAO,FP.CPI.TOTL.ZG,1987,
LAO,FP.CPI.TOTL.ZG,1988,
LAO,FP.CPI.TOTL.ZG,1989,61.33259651
LAO,FP.CPI.TOTL.ZG,1990,35.64298297
LAO,FP.CPI.TOTL.ZG,1991,13.44155844
LAO,FP.CPI.TOTL.ZG,1992,9.86452967
LAO,FP.CPI.TOTL.ZG,1993,6.267222415
LAO,FP.CPI.TOTL.ZG,1994,6.784480786
LAO,FP.CPI.TOTL.ZG,1995,19.59391899
LAO,FP.CPI.TOTL.ZG,1996,13.0244157
LAO,FP.CPI.TOTL.ZG,1997,27.50886245
LAO,FP.CPI.TOTL.ZG,1998,90.98073456
LAO,FP.CPI.TOTL.ZG,1999,125.2721284
LAO,FP.CPI.TOTL.ZG,2000,25.08464143
LAO,FP.CPI.TOTL.ZG,2001,7.811807948
LAO,FP.CPI.TOTL.ZG,2002,10.63134463
LAO,FP.CPI.TOTL.ZG,2003,15.48935292
LAO,FP.CPI.TOTL.ZG,2004,10.46226673
LAO,FP.CPI.TOTL.ZG,2005,7.165417599
LAO,FP.CPI.TOTL.ZG,2006,6.545594391
LAO,FP.CPI.TOTL.ZG,2007,4.661972695
LAO,FP.CPI.TOTL.ZG,2008,7.628808876
LAO,FP.CPI.TOTL.ZG,2009,0.141187675
LAO,FP.CPI.TOTL.ZG,2010,5.982545216
LAO,FP.CPI.TOTL.ZG,2011,7.568988561
LAO,FP.CPI.TOTL.ZG,2012,4.255126778
LAO,FP.CPI.TOTL.ZG,2013,6.371427178
LAO,FP.CPI.TOTL.ZG,2014,4.129243069
LAO,FP.CPI.TOTL.ZG,2015,1.277354271
LAO,FP.CPI.TOTL.ZG,2016,1.596912276
LAO,FP.CPI.TOTL.ZG,2017,0.825478608
LAO,FP.CPI.TOTL.ZG,2018,2.040392669
LAO,FP.CPI.TOTL.ZG,2019,3.322558813
LAO,FP.CPI.TOTL.ZG,2020,5.10407263
LAO,FP.CPI.TOTL.ZG,2021,3.755620367
LAO,FP.CPI.TOTL.ZG,2022,22.95622251
LAO,FP.CPI.TOTL.ZG,2023,31.23013417
LAO,FP.CPI.TOTL.ZG,2024,23.13056959
LAO,FP.CPI.TOTL.ZG,2025,7.742269366
LVA,FP.CPI.TOTL.ZG,1960,
LVA,FP.CPI.TOTL.ZG,1961,
LVA,FP.CPI.TOTL.ZG,1962,
LVA,FP.CPI.TOTL.ZG,1963,
LVA,FP.CPI.TOTL.ZG,1964,
LVA,FP.CPI.TOTL.ZG,1965,
LVA,FP.CPI.TOTL.ZG,1966,
LVA,FP.CPI.TOTL.ZG,1967,
LVA,FP.CPI.TOTL.ZG,1968,
LVA,FP.CPI.TOTL.ZG,1969,
LVA,FP.CPI.TOTL.ZG,1970,
LVA,FP.CPI.TOTL.ZG,1971,
LVA,FP.CPI.TOTL.ZG,1972,
LVA,FP.CPI.TOTL.ZG,1973,
LVA,FP.CPI.TOTL.ZG,1974,
LVA,FP.CPI.TOTL.ZG,1975,
LVA,FP.CPI.TOTL.ZG,1976,
LVA,FP.CPI.TOTL.ZG,1977,
LVA,FP.CPI.TOTL.ZG,1978,
LVA,FP.CPI.TOTL.ZG,1979,
LVA,FP.CPI.TOTL.ZG,1980,
LVA,FP.CPI.TOTL.ZG,1981,
LVA,FP.CPI.TOTL.ZG,1982,
LVA,FP.CPI.TOTL.ZG,1983,
LVA,FP.CPI.TOTL.ZG,1984,
LVA,FP.CPI.TOTL.ZG,1985,
LVA,FP.CPI.TOTL.ZG,1986,
LVA,FP.CPI.TOTL.ZG,1987,
LVA,FP.CPI.TOTL.ZG,1988,
LVA,FP.CPI.TOTL.ZG,1989,
LVA,FP.CPI.TOTL.ZG,1990,
LVA,FP.CPI.TOTL.ZG,1991,
LVA,FP.CPI.TOTL.ZG,1992,951.6961949
LVA,FP.CPI.TOTL.ZG,1993,108.9895406
LVA,FP.CPI.TOTL.ZG,1994,35.92470539
LVA,FP.CPI.TOTL.ZG,1995,24.97593553
LVA,FP.CPI.TOTL.ZG,1996,17.61046984
LVA,FP.CPI.TOTL.ZG,1997,8.447383421
LVA,FP.CPI.TOTL.ZG,1998,4.644214227
LVA,FP.CPI.TOTL.ZG,1999,2.364818361
LVA,FP.CPI.TOTL.ZG,2000,2.654254778
LVA,FP.CPI.TOTL.ZG,2001,2.487040036
LVA,FP.CPI.TOTL.ZG,2002,1.938875739
LVA,FP.CPI.TOTL.ZG,2003,2.942647529
LVA,FP.CPI.TOTL.ZG,2004,6.192385472
LVA,FP.CPI.TOTL.ZG,2005,6.748450279
LVA,FP.CPI.TOTL.ZG,2006,6.536199088
LVA,FP.CPI.TOTL.ZG,2007,10.09297758
LVA,FP.CPI.TOTL.ZG,2008,15.40231911
LVA,FP.CPI.TOTL.ZG,2009,3.534106729
LVA,FP.CPI.TOTL.ZG,2010,-1.08463595
LVA,FP.CPI.TOTL.ZG,2011,4.370735599
LVA,FP.CPI.TOTL.ZG,2012,2.257789244
LVA,FP.CPI.TOTL.ZG,2013,-0.029454778
LVA,FP.CPI.TOTL.ZG,2014,0.620490637
LVA,FP.CPI.TOTL.ZG,2015,0.174242244
LVA,FP.CPI.TOTL.ZG,2016,0.140633335
LVA,FP.CPI.TOTL.ZG,2017,2.930363124
LVA,FP.CPI.TOTL.ZG,2018,2.534454242
LVA,FP.CPI.TOTL.ZG,2019,2.811409201
LVA,FP.CPI.TOTL.ZG,2020,0.219064905
LVA,FP.CPI.TOTL.ZG,2021,3.275829374
LVA,FP.CPI.TOTL.ZG,2022,17.31028302
LVA,FP.CPI.TOTL.ZG,2023,8.938046233
LVA,FP.CPI.TOTL.ZG,2024,1.265798858
LVA,FP.CPI.TOTL.ZG,2025,3.745773168
LBN,FP.CPI.TOTL.ZG,1960,
LBN,FP.CPI.TOTL.ZG,1961,
LBN,FP.CPI.TOTL.ZG,1962,
LBN,FP.CPI.TOTL.ZG,1963,
LBN,FP.CPI.TOTL.ZG,1964,
LBN,FP.CPI.TOTL.ZG,1965,
LBN,FP.CPI.TOTL.ZG,1966,
LBN,FP.CPI.TOTL.ZG,1967,
LBN,FP.CPI.TOTL.ZG,1968,
LBN,FP.CPI.TOTL.ZG,1969,
LBN,FP.CPI.TOTL.ZG,1970,
LBN,FP.CPI.TOTL.ZG,1971,
LBN,FP.CPI.TOTL.ZG,1972,
LBN,FP.CPI.TOTL.ZG,1973,
LBN,FP.CPI.TOTL.ZG,1974,
LBN,FP.CPI.TOTL.ZG,1975,
LBN,FP.CPI.TOTL.ZG,1976,
LBN,FP.CPI.TOTL.ZG,1977,
LBN,FP.CPI.TOTL.ZG,1978,
LBN,FP.CPI.TOTL.ZG,1979,
LBN,FP.CPI.TOTL.ZG,1980,
LBN,FP.CPI.TOTL.ZG,1981,
LBN,FP.CPI.TOTL.ZG,1982,
LBN,FP.CPI.TOTL.ZG,1983,
LBN,FP.CPI.TOTL.ZG,1984,
LBN,FP.CPI.TOTL.ZG,1985,
LBN,FP.CPI.TOTL.ZG,1986,
LBN,FP.CPI.TOTL.ZG,1987,
LBN,FP.CPI.TOTL.ZG,1988,
LBN,FP.CPI.TOTL.ZG,1989,
LBN,FP.CPI.TOTL.ZG,1990,
LBN,FP.CPI.TOTL.ZG,1991,
LBN,FP.CPI.TOTL.ZG,1992,
LBN,FP.CPI.TOTL.ZG,1993,
LBN,FP.CPI.TOTL.ZG,1994,
LBN,FP.CPI.TOTL.ZG,1995,
LBN,FP.CPI.TOTL.ZG,1996,
LBN,FP.CPI.TOTL.ZG,1997,
LBN,FP.CPI.TOTL.ZG,1998,
LBN,FP.CPI.TOTL.ZG,1999,
LBN,FP.CPI.TOTL.ZG,2000,
LBN,FP.CPI.TOTL.ZG,2001,
LBN,FP.CPI.TOTL.ZG,2002,
LBN,FP.CPI.TOTL.ZG,2003,
LBN,FP.CPI.TOTL.ZG,2004,
LBN,FP.CPI.TOTL.ZG,2005,
LBN,FP.CPI.TOTL.ZG,2006,
LBN,FP.CPI.TOTL.ZG,2007,
LBN,FP.CPI.TOTL.ZG,2008,
LBN,FP.CPI.TOTL.ZG,2009,1.195096712
LBN,FP.CPI.TOTL.ZG,2010,3.983479419
LBN,FP.CPI.TOTL.ZG,2011,4.971485717
LBN,FP.CPI.TOTL.ZG,2012,6.581474477
LBN,FP.CPI.TOTL.ZG,2013,4.821019563
LBN,FP.CPI.TOTL.ZG,2014,1.854604213
LBN,FP.CPI.TOTL.ZG,2015,-3.749145248
LBN,FP.CPI.TOTL.ZG,2016,-0.783359624
LBN,FP.CPI.TOTL.ZG,2017,4.321352183
LBN,FP.CPI.TOTL.ZG,2018,6.076989079
LBN,FP.CPI.TOTL.ZG,2019,3.005389494
LBN,FP.CPI.TOTL.ZG,2020,84.86433305
LBN,FP.CPI.TOTL.ZG,2021,154.756096
LBN,FP.CPI.TOTL.ZG,2022,171.2054913
LBN,FP.CPI.TOTL.ZG,2023,221.341644
LBN,FP.CPI.TOTL.ZG,2024,45.24304227
LBN,FP.CPI.TOTL.ZG,2025,14.59759587
LSO,FP.CPI.TOTL.ZG,1960,
LSO,FP.CPI.TOTL.ZG,1961,
LSO,FP.CPI.TOTL.ZG,1962,
LSO,FP.CPI.TOTL.ZG,1963,
LSO,FP.CPI.TOTL.ZG,1964,
LSO,FP.CPI.TOTL.ZG,1965,
LSO,FP.CPI.TOTL.ZG,1966,
LSO,FP.CPI.TOTL.ZG,1967,
LSO,FP.CPI.TOTL.ZG,1968,
LSO,FP.CPI.TOTL.ZG,1969,
LSO,FP.CPI.TOTL.ZG,1970,
LSO,FP.CPI.TOTL.ZG,1971,
LSO,FP.CPI.TOTL.ZG,1972,
LSO,FP.CPI.TOTL.ZG,1973,
LSO,FP.CPI.TOTL.ZG,1974,13.42283452
LSO,FP.CPI.TOTL.ZG,1975,14.21193968
LSO,FP.CPI.TOTL.ZG,1976,11.412552
LSO,FP.CPI.TOTL.ZG,1977,16.68831169
LSO,FP.CPI.TOTL.ZG,1978,13.48357901
LSO,FP.CPI.TOTL.ZG,1979,16.0035524
LSO,FP.CPI.TOTL.ZG,1980,16.27484162
LSO,FP.CPI.TOTL.ZG,1981,12.41326137
LSO,FP.CPI.TOTL.ZG,1982,12.1399177
LSO,FP.CPI.TOTL.ZG,1983,17.49235474
LSO,FP.CPI.TOTL.ZG,1984,10.98386257
LSO,FP.CPI.TOTL.ZG,1985,13.32082552
LSO,FP.CPI.TOTL.ZG,1986,18.00496689
LSO,FP.CPI.TOTL.ZG,1987,11.75026307
LSO,FP.CPI.TOTL.ZG,1988,11.45637163
LSO,FP.CPI.TOTL.ZG,1989,14.72824556
LSO,FP.CPI.TOTL.ZG,1990,11.634757
LSO,FP.CPI.TOTL.ZG,1991,17.67810026
LSO,FP.CPI.TOTL.ZG,1992,17.20852018
LSO,FP.CPI.TOTL.ZG,1993,13.13566077
LSO,FP.CPI.TOTL.ZG,1994,8.214738622
LSO,FP.CPI.TOTL.ZG,1995,9.270833333
LSO,FP.CPI.TOTL.ZG,1996,9.330314585
LSO,FP.CPI.TOTL.ZG,1997,
LSO,FP.CPI.TOTL.ZG,1998,
LSO,FP.CPI.TOTL.ZG,1999,
LSO,FP.CPI.TOTL.ZG,2000,6.131975387
LSO,FP.CPI.TOTL.ZG,2001,-9.616153539
LSO,FP.CPI.TOTL.ZG,2002,33.81257834
LSO,FP.CPI.TOTL.ZG,2003,6.629163571
LSO,FP.CPI.TOTL.ZG,2004,5.023420686
LSO,FP.CPI.TOTL.ZG,2005,3.437884231
LSO,FP.CPI.TOTL.ZG,2006,6.072718797
LSO,FP.CPI.TOTL.ZG,2007,8.01243669
LSO,FP.CPI.TOTL.ZG,2008,10.71566613
LSO,FP.CPI.TOTL.ZG,2009,-16.85969105
LSO,FP.CPI.TOTL.ZG,2010,-2.405242546
LSO,FP.CPI.TOTL.ZG,2011,5.036630521
LSO,FP.CPI.TOTL.ZG,2012,6.051436621
LSO,FP.CPI.TOTL.ZG,2013,4.865118995
LSO,FP.CPI.TOTL.ZG,2014,5.37028961
LSO,FP.CPI.TOTL.ZG,2015,3.218445137
LSO,FP.CPI.TOTL.ZG,2016,6.596504907
LSO,FP.CPI.TOTL.ZG,2017,4.447699374
LSO,FP.CPI.TOTL.ZG,2018,4.751803016
LSO,FP.CPI.TOTL.ZG,2019,5.187083592
LSO,FP.CPI.TOTL.ZG,2020,4.978096763
LSO,FP.CPI.TOTL.ZG,2021,6.04774592
LSO,FP.CPI.TOTL.ZG,2022,8.271803899
LSO,FP.CPI.TOTL.ZG,2023,6.342217431
LSO,FP.CPI.TOTL.ZG,2024,6.105446242
LSO,FP.CPI.TOTL.ZG,2025,4.270111407
LBR,FP.CPI.TOTL.ZG,1960,
LBR,FP.CPI.TOTL.ZG,1961,
LBR,FP.CPI.TOTL.ZG,1962,
LBR,FP.CPI.TOTL.ZG,1963,
LBR,FP.CPI.TOTL.ZG,1964,
LBR,FP.CPI.TOTL.ZG,1965,
LBR,FP.CPI.TOTL.ZG,1966,
LBR,FP.CPI.TOTL.ZG,1967,
LBR,FP.CPI.TOTL.ZG,1968,
LBR,FP.CPI.TOTL.ZG,1969,
LBR,FP.CPI.TOTL.ZG,1970,
LBR,FP.CPI.TOTL.ZG,1971,
LBR,FP.CPI.TOTL.ZG,1972,
LBR,FP.CPI.TOTL.ZG,1973,
LBR,FP.CPI.TOTL.ZG,1974,
LBR,FP.CPI.TOTL.ZG,1975,
LBR,FP.CPI.TOTL.ZG,1976,
LBR,FP.CPI.TOTL.ZG,1977,
LBR,FP.CPI.TOTL.ZG,1978,
LBR,FP.CPI.TOTL.ZG,1979,
LBR,FP.CPI.TOTL.ZG,1980,
LBR,FP.CPI.TOTL.ZG,1981,
LBR,FP.CPI.TOTL.ZG,1982,
LBR,FP.CPI.TOTL.ZG,1983,
LBR,FP.CPI.TOTL.ZG,1984,
LBR,FP.CPI.TOTL.ZG,1985,
LBR,FP.CPI.TOTL.ZG,1986,
LBR,FP.CPI.TOTL.ZG,1987,
LBR,FP.CPI.TOTL.ZG,1988,
LBR,FP.CPI.TOTL.ZG,1989,
LBR,FP.CPI.TOTL.ZG,1990,
LBR,FP.CPI.TOTL.ZG,1991,
LBR,FP.CPI.TOTL.ZG,1992,
LBR,FP.CPI.TOTL.ZG,1993,
LBR,FP.CPI.TOTL.ZG,1994,
LBR,FP.CPI.TOTL.ZG,1995,
LBR,FP.CPI.TOTL.ZG,1996,
LBR,FP.CPI.TOTL.ZG,1997,
LBR,FP.CPI.TOTL.ZG,1998,
LBR,FP.CPI.TOTL.ZG,1999,
LBR,FP.CPI.TOTL.ZG,2000,
LBR,FP.CPI.TOTL.ZG,2001,
LBR,FP.CPI.TOTL.ZG,2002,14.15964701
LBR,FP.CPI.TOTL.ZG,2003,10.33028812
LBR,FP.CPI.TOTL.ZG,2004,7.829087049
LBR,FP.CPI.TOTL.ZG,2005,10.83435885
LBR,FP.CPI.TOTL.ZG,2006,7.341446083
LBR,FP.CPI.TOTL.ZG,2007,11.39189668
LBR,FP.CPI.TOTL.ZG,2008,17.48944864
LBR,FP.CPI.TOTL.ZG,2009,7.427643059
LBR,FP.CPI.TOTL.ZG,2010,7.289927969
LBR,FP.CPI.TOTL.ZG,2011,8.488167518
LBR,FP.CPI.TOTL.ZG,2012,6.831787034
LBR,FP.CPI.TOTL.ZG,2013,7.577306817
LBR,FP.CPI.TOTL.ZG,2014,9.861112856
LBR,FP.CPI.TOTL.ZG,2015,7.748696876
LBR,FP.CPI.TOTL.ZG,2016,8.834248683
LBR,FP.CPI.TOTL.ZG,2017,12.41963239
LBR,FP.CPI.TOTL.ZG,2018,23.5635149
LBR,FP.CPI.TOTL.ZG,2019,26.96627602
LBR,FP.CPI.TOTL.ZG,2020,16.95572415
LBR,FP.CPI.TOTL.ZG,2021,7.815593859
LBR,FP.CPI.TOTL.ZG,2022,7.592984866
LBR,FP.CPI.TOTL.ZG,2023,10.09445357
LBR,FP.CPI.TOTL.ZG,2024,8.214974391
LBR,FP.CPI.TOTL.ZG,2025,8.315643294
LBY,FP.CPI.TOTL.ZG,1960,
LBY,FP.CPI.TOTL.ZG,1961,
LBY,FP.CPI.TOTL.ZG,1962,
LBY,FP.CPI.TOTL.ZG,1963,
LBY,FP.CPI.TOTL.ZG,1964,
LBY,FP.CPI.TOTL.ZG,1965,11.425
LBY,FP.CPI.TOTL.ZG,1966,12.24291377
LBY,FP.CPI.TOTL.ZG,1967,7.296108742
LBY,FP.CPI.TOTL.ZG,1968,0.391231447
LBY,FP.CPI.TOTL.ZG,1969,9.785970555
LBY,FP.CPI.TOTL.ZG,1970,-5.296371422
LBY,FP.CPI.TOTL.ZG,1971,-3.103849408
LBY,FP.CPI.TOTL.ZG,1972,-0.251023192
LBY,FP.CPI.TOTL.ZG,1973,7.970895563
LBY,FP.CPI.TOTL.ZG,1974,7.458451561
LBY,FP.CPI.TOTL.ZG,1975,9.119200301
LBY,FP.CPI.TOTL.ZG,1976,5.47921528
LBY,FP.CPI.TOTL.ZG,1977,6.280213028
LBY,FP.CPI.TOTL.ZG,1978,29.37979416
LBY,FP.CPI.TOTL.ZG,1979,-6.03902875
LBY,FP.CPI.TOTL.ZG,1980,9.734288795
LBY,FP.CPI.TOTL.ZG,1981,11.19972261
LBY,FP.CPI.TOTL.ZG,1982,10.25880886
LBY,FP.CPI.TOTL.ZG,1983,10.60520362
LBY,FP.CPI.TOTL.ZG,1984,12.47762721
LBY,FP.CPI.TOTL.ZG,1985,9.138440555
LBY,FP.CPI.TOTL.ZG,1986,3.290981046
LBY,FP.CPI.TOTL.ZG,1987,4.355716878
LBY,FP.CPI.TOTL.ZG,1988,6.086956522
LBY,FP.CPI.TOTL.ZG,1989,1.511839709
LBY,FP.CPI.TOTL.ZG,1990,8.451462408
LBY,FP.CPI.TOTL.ZG,1991,11.8960953
LBY,FP.CPI.TOTL.ZG,1992,9.35975159
LBY,FP.CPI.TOTL.ZG,1993,11.07355327
LBY,FP.CPI.TOTL.ZG,1994,5.112598904
LBY,FP.CPI.TOTL.ZG,1995,7.237984945
LBY,FP.CPI.TOTL.ZG,1996,4.028077754
LBY,FP.CPI.TOTL.ZG,1997,3.550295858
LBY,FP.CPI.TOTL.ZG,1998,3.709273183
LBY,FP.CPI.TOTL.ZG,1999,2.648622523
LBY,FP.CPI.TOTL.ZG,2000,-2.9
LBY,FP.CPI.TOTL.ZG,2001,-8.813937521
LBY,FP.CPI.TOTL.ZG,2002,-9.797647059
LBY,FP.CPI.TOTL.ZG,2003,-2.19115192
LBY,FP.CPI.TOTL.ZG,2004,-2.197567741
LBY,FP.CPI.TOTL.ZG,2005,2.650205761
LBY,FP.CPI.TOTL.ZG,2006,1.459268762
LBY,FP.CPI.TOTL.ZG,2007,6.25098783
LBY,FP.CPI.TOTL.ZG,2008,10.3607289
LBY,FP.CPI.TOTL.ZG,2009,2.459900256
LBY,FP.CPI.TOTL.ZG,2010,2.799895001
LBY,FP.CPI.TOTL.ZG,2011,15.51848153
LBY,FP.CPI.TOTL.ZG,2012,6.059803922
LBY,FP.CPI.TOTL.ZG,2013,2.605818027
LBY,FP.CPI.TOTL.ZG,2014,2.432941416
LBY,FP.CPI.TOTL.ZG,2015,10.40229336
LBY,FP.CPI.TOTL.ZG,2016,25.85387421
LBY,FP.CPI.TOTL.ZG,2017,25.80361848
LBY,FP.CPI.TOTL.ZG,2018,13.17020385
LBY,FP.CPI.TOTL.ZG,2019,-2.162178835
LBY,FP.CPI.TOTL.ZG,2020,1.44703657
LBY,FP.CPI.TOTL.ZG,2021,2.868330278
LBY,FP.CPI.TOTL.ZG,2022,4.510301492
LBY,FP.CPI.TOTL.ZG,2023,2.373175314
LBY,FP.CPI.TOTL.ZG,2024,2.126157669
LBY,FP.CPI.TOTL.ZG,2025,1.841666667
LIE,FP.CPI.TOTL.ZG,1960,
LIE,FP.CPI.TOTL.ZG,1961,
LIE,FP.CPI.TOTL.ZG,1962,
LIE,FP.CPI.TOTL.ZG,1963,
LIE,FP.CPI.TOTL.ZG,1964,
LIE,FP.CPI.TOTL.ZG,1965,
LIE,FP.CPI.TOTL.ZG,1966,
LIE,FP.CPI.TOTL.ZG,1967,
LIE,FP.CPI.TOTL.ZG,1968,
LIE,FP.CPI.TOTL.ZG,1969,
LIE,FP.CPI.TOTL.ZG,1970,
LIE,FP.CPI.TOTL.ZG,1971,
LIE,FP.CPI.TOTL.ZG,1972,
LIE,FP.CPI.TOTL.ZG,1973,
LIE,FP.CPI.TOTL.ZG,1974,
LIE,FP.CPI.TOTL.ZG,1975,
LIE,FP.CPI.TOTL.ZG,1976,
LIE,FP.CPI.TOTL.ZG,1977,
LIE,FP.CPI.TOTL.ZG,1978,
LIE,FP.CPI.TOTL.ZG,1979,
LIE,FP.CPI.TOTL.ZG,1980,
LIE,FP.CPI.TOTL.ZG,1981,
LIE,FP.CPI.TOTL.ZG,1982,
LIE,FP.CPI.TOTL.ZG,1983,
LIE,FP.CPI.TOTL.ZG,1984,
LIE,FP.CPI.TOTL.ZG,1985,
LIE,FP.CPI.TOTL.ZG,1986,
LIE,FP.CPI.TOTL.ZG,1987,
LIE,FP.CPI.TOTL.ZG,1988,
LIE,FP.CPI.TOTL.ZG,1989,
LIE,FP.CPI.TOTL.ZG,1990,
LIE,FP.CPI.TOTL.ZG,1991,
LIE,FP.CPI.TOTL.ZG,1992,
LIE,FP.CPI.TOTL.ZG,1993,
LIE,FP.CPI.TOTL.ZG,1994,
LIE,FP.CPI.TOTL.ZG,1995,
LIE,FP.CPI.TOTL.ZG,1996,
LIE,FP.CPI.TOTL.ZG,1997,
LIE,FP.CPI.TOTL.ZG,1998,
LIE,FP.CPI.TOTL.ZG,1999,
LIE,FP.CPI.TOTL.ZG,2000,
LIE,FP.CPI.TOTL.ZG,2001,
LIE,FP.CPI.TOTL.ZG,2002,
LIE,FP.CPI.TOTL.ZG,2003,
LIE,FP.CPI.TOTL.ZG,2004,
LIE,FP.CPI.TOTL.ZG,2005,
LIE,FP.CPI.TOTL.ZG,2006,
LIE,FP.CPI.TOTL.ZG,2007,
LIE,FP.CPI.TOTL.ZG,2008,
LIE,FP.CPI.TOTL.ZG,2009,
LIE,FP.CPI.TOTL.ZG,2010,
LIE,FP.CPI.TOTL.ZG,2011,
LIE,FP.CPI.TOTL.ZG,2012,
LIE,FP.CPI.TOTL.ZG,2013,
LIE,FP.CPI.TOTL.ZG,2014,
LIE,FP.CPI.TOTL.ZG,2015,
LIE,FP.CPI.TOTL.ZG,2016,
LIE,FP.CPI.TOTL.ZG,2017,
LIE,FP.CPI.TOTL.ZG,2018,
LIE,FP.CPI.TOTL.ZG,2019,
LIE,FP.CPI.TOTL.ZG,2020,
LIE,FP.CPI.TOTL.ZG,2021,
LIE,FP.CPI.TOTL.ZG,2022,
LIE,FP.CPI.TOTL.ZG,2023,
LIE,FP.CPI.TOTL.ZG,2024,
LIE,FP.CPI.TOTL.ZG,2025,
LTU,FP.CPI.TOTL.ZG,1960,
LTU,FP.CPI.TOTL.ZG,1961,
LTU,FP.CPI.TOTL.ZG,1962,
LTU,FP.CPI.TOTL.ZG,1963,
LTU,FP.CPI.TOTL.ZG,1964,
LTU,FP.CPI.TOTL.ZG,1965,
LTU,FP.CPI.TOTL.ZG,1966,
LTU,FP.CPI.TOTL.ZG,1967,
LTU,FP.CPI.TOTL.ZG,1968,
LTU,FP.CPI.TOTL.ZG,1969,
LTU,FP.CPI.TOTL.ZG,1970,
LTU,FP.CPI.TOTL.ZG,1971,
LTU,FP.CPI.TOTL.ZG,1972,
LTU,FP.CPI.TOTL.ZG,1973,
LTU,FP.CPI.TOTL.ZG,1974,
LTU,FP.CPI.TOTL.ZG,1975,
LTU,FP.CPI.TOTL.ZG,1976,
LTU,FP.CPI.TOTL.ZG,1977,
LTU,FP.CPI.TOTL.ZG,1978,
LTU,FP.CPI.TOTL.ZG,1979,
LTU,FP.CPI.TOTL.ZG,1980,
LTU,FP.CPI.TOTL.ZG,1981,
LTU,FP.CPI.TOTL.ZG,1982,
LTU,FP.CPI.TOTL.ZG,1983,
LTU,FP.CPI.TOTL.ZG,1984,
LTU,FP.CPI.TOTL.ZG,1985,
LTU,FP.CPI.TOTL.ZG,1986,
LTU,FP.CPI.TOTL.ZG,1987,
LTU,FP.CPI.TOTL.ZG,1988,
LTU,FP.CPI.TOTL.ZG,1989,
LTU,FP.CPI.TOTL.ZG,1990,
LTU,FP.CPI.TOTL.ZG,1991,
LTU,FP.CPI.TOTL.ZG,1992,1020.620565
LTU,FP.CPI.TOTL.ZG,1993,410.4518586
LTU,FP.CPI.TOTL.ZG,1994,72.25468162
LTU,FP.CPI.TOTL.ZG,1995,39.64762903
LTU,FP.CPI.TOTL.ZG,1996,24.62519539
LTU,FP.CPI.TOTL.ZG,1997,8.881048485
LTU,FP.CPI.TOTL.ZG,1998,5.067553858
LTU,FP.CPI.TOTL.ZG,1999,0.727550627
LTU,FP.CPI.TOTL.ZG,2000,0.981615479
LTU,FP.CPI.TOTL.ZG,2001,1.367120308
LTU,FP.CPI.TOTL.ZG,2002,0.28150661
LTU,FP.CPI.TOTL.ZG,2003,-1.13430855
LTU,FP.CPI.TOTL.ZG,2004,1.164102521
LTU,FP.CPI.TOTL.ZG,2005,2.658484841
LTU,FP.CPI.TOTL.ZG,2006,3.739120041
LTU,FP.CPI.TOTL.ZG,2007,5.737173828
LTU,FP.CPI.TOTL.ZG,2008,10.92588562
LTU,FP.CPI.TOTL.ZG,2009,4.453044565
LTU,FP.CPI.TOTL.ZG,2010,1.319213621
LTU,FP.CPI.TOTL.ZG,2011,4.130275626
LTU,FP.CPI.TOTL.ZG,2012,3.089982771
LTU,FP.CPI.TOTL.ZG,2013,1.047479371
LTU,FP.CPI.TOTL.ZG,2014,0.103758009
LTU,FP.CPI.TOTL.ZG,2015,-0.884097406
LTU,FP.CPI.TOTL.ZG,2016,0.905525075
LTU,FP.CPI.TOTL.ZG,2017,3.722888623
LTU,FP.CPI.TOTL.ZG,2018,2.697927792
LTU,FP.CPI.TOTL.ZG,2019,2.33450938
LTU,FP.CPI.TOTL.ZG,2020,1.19989445
LTU,FP.CPI.TOTL.ZG,2021,4.683544209
LTU,FP.CPI.TOTL.ZG,2022,19.70504615
LTU,FP.CPI.TOTL.ZG,2023,9.117319624
LTU,FP.CPI.TOTL.ZG,2024,0.715735835
LTU,FP.CPI.TOTL.ZG,2025,3.791705109
LUX,FP.CPI.TOTL.ZG,1960,0.449620296
LUX,FP.CPI.TOTL.ZG,1961,0.482433591
LUX,FP.CPI.TOTL.ZG,1962,0.895946647
LUX,FP.CPI.TOTL.ZG,1963,2.876322462
LUX,FP.CPI.TOTL.ZG,1964,3.096381512
LUX,FP.CPI.TOTL.ZG,1965,3.333679329
LUX,FP.CPI.TOTL.ZG,1966,3.331679773
LUX,FP.CPI.TOTL.ZG,1967,2.166156987
LUX,FP.CPI.TOTL.ZG,1968,2.62542909
LUX,FP.CPI.TOTL.ZG,1969,2.29443437
LUX,FP.CPI.TOTL.ZG,1970,4.639353444
LUX,FP.CPI.TOTL.ZG,1971,4.67221498
LUX,FP.CPI.TOTL.ZG,1972,5.225680506
LUX,FP.CPI.TOTL.ZG,1973,6.068098359
LUX,FP.CPI.TOTL.ZG,1974,9.540655417
LUX,FP.CPI.TOTL.ZG,1975,10.71767113
LUX,FP.CPI.TOTL.ZG,1976,9.797346437
LUX,FP.CPI.TOTL.ZG,1977,6.705494115
LUX,FP.CPI.TOTL.ZG,1978,3.094660774
LUX,FP.CPI.TOTL.ZG,1979,4.54652779
LUX,FP.CPI.TOTL.ZG,1980,6.299900062
LUX,FP.CPI.TOTL.ZG,1981,8.072943759
LUX,FP.CPI.TOTL.ZG,1982,9.357050994
LUX,FP.CPI.TOTL.ZG,1983,8.669271598
LUX,FP.CPI.TOTL.ZG,1984,6.435857808
LUX,FP.CPI.TOTL.ZG,1985,4.093587785
LUX,FP.CPI.TOTL.ZG,1986,0.294563409
LUX,FP.CPI.TOTL.ZG,1987,-0.056662909
LUX,FP.CPI.TOTL.ZG,1988,1.436590566
LUX,FP.CPI.TOTL.ZG,1989,3.370958873
LUX,FP.CPI.TOTL.ZG,1990,3.253766591
LUX,FP.CPI.TOTL.ZG,1991,3.118356599
LUX,FP.CPI.TOTL.ZG,1992,3.15417376
LUX,FP.CPI.TOTL.ZG,1993,3.588098185
LUX,FP.CPI.TOTL.ZG,1994,2.194764687
LUX,FP.CPI.TOTL.ZG,1995,1.86769425
LUX,FP.CPI.TOTL.ZG,1996,1.183859688
LUX,FP.CPI.TOTL.ZG,1997,1.367512612
LUX,FP.CPI.TOTL.ZG,1998,0.95857011
LUX,FP.CPI.TOTL.ZG,1999,1.025196765
LUX,FP.CPI.TOTL.ZG,2000,3.15076707
LUX,FP.CPI.TOTL.ZG,2001,2.663821106
LUX,FP.CPI.TOTL.ZG,2002,2.074086136
LUX,FP.CPI.TOTL.ZG,2003,2.049840306
LUX,FP.CPI.TOTL.ZG,2004,2.225679164
LUX,FP.CPI.TOTL.ZG,2005,2.487696652
LUX,FP.CPI.TOTL.ZG,2006,2.666314946
LUX,FP.CPI.TOTL.ZG,2007,2.312458618
LUX,FP.CPI.TOTL.ZG,2008,3.40187963
LUX,FP.CPI.TOTL.ZG,2009,0.368041998
LUX,FP.CPI.TOTL.ZG,2010,2.273679116
LUX,FP.CPI.TOTL.ZG,2011,3.410683411
LUX,FP.CPI.TOTL.ZG,2012,2.662841655
LUX,FP.CPI.TOTL.ZG,2013,1.734039635
LUX,FP.CPI.TOTL.ZG,2014,0.628543985
LUX,FP.CPI.TOTL.ZG,2015,0.474743161
LUX,FP.CPI.TOTL.ZG,2016,0.290833333
LUX,FP.CPI.TOTL.ZG,2017,1.730799591
LUX,FP.CPI.TOTL.ZG,2018,1.528195243
LUX,FP.CPI.TOTL.ZG,2019,1.743320757
LUX,FP.CPI.TOTL.ZG,2020,0.819957302
LUX,FP.CPI.TOTL.ZG,2021,2.526920091
LUX,FP.CPI.TOTL.ZG,2022,6.336008078
LUX,FP.CPI.TOTL.ZG,2023,3.74140362
LUX,FP.CPI.TOTL.ZG,2024,2.0511327
LUX,FP.CPI.TOTL.ZG,2025,2.257238179
MAC,FP.CPI.TOTL.ZG,1960,
MAC,FP.CPI.TOTL.ZG,1961,
MAC,FP.CPI.TOTL.ZG,1962,
MAC,FP.CPI.TOTL.ZG,1963,
MAC,FP.CPI.TOTL.ZG,1964,
MAC,FP.CPI.TOTL.ZG,1965,
MAC,FP.CPI.TOTL.ZG,1966,
MAC,FP.CPI.TOTL.ZG,1967,
MAC,FP.CPI.TOTL.ZG,1968,
MAC,FP.CPI.TOTL.ZG,1969,
MAC,FP.CPI.TOTL.ZG,1970,
MAC,FP.CPI.TOTL.ZG,1971,
MAC,FP.CPI.TOTL.ZG,1972,
MAC,FP.CPI.TOTL.ZG,1973,
MAC,FP.CPI.TOTL.ZG,1974,
MAC,FP.CPI.TOTL.ZG,1975,
MAC,FP.CPI.TOTL.ZG,1976,
MAC,FP.CPI.TOTL.ZG,1977,
MAC,FP.CPI.TOTL.ZG,1978,
MAC,FP.CPI.TOTL.ZG,1979,
MAC,FP.CPI.TOTL.ZG,1980,
MAC,FP.CPI.TOTL.ZG,1981,
MAC,FP.CPI.TOTL.ZG,1982,
MAC,FP.CPI.TOTL.ZG,1983,
MAC,FP.CPI.TOTL.ZG,1984,
MAC,FP.CPI.TOTL.ZG,1985,
MAC,FP.CPI.TOTL.ZG,1986,
MAC,FP.CPI.TOTL.ZG,1987,
MAC,FP.CPI.TOTL.ZG,1988,
MAC,FP.CPI.TOTL.ZG,1989,8.770945542
MAC,FP.CPI.TOTL.ZG,1990,7.969693844
MAC,FP.CPI.TOTL.ZG,1991,9.568877659
MAC,FP.CPI.TOTL.ZG,1992,7.713921684
MAC,FP.CPI.TOTL.ZG,1993,6.705885528
MAC,FP.CPI.TOTL.ZG,1994,6.252068902
MAC,FP.CPI.TOTL.ZG,1995,8.558666043
MAC,FP.CPI.TOTL.ZG,1996,4.822486768
MAC,FP.CPI.TOTL.ZG,1997,3.490937151
MAC,FP.CPI.TOTL.ZG,1998,0.172630385
MAC,FP.CPI.TOTL.ZG,1999,-3.204162482
MAC,FP.CPI.TOTL.ZG,2000,-1.60971884
MAC,FP.CPI.TOTL.ZG,2001,-1.984650086
MAC,FP.CPI.TOTL.ZG,2002,-2.637516998
MAC,FP.CPI.TOTL.ZG,2003,-1.562452037
MAC,FP.CPI.TOTL.ZG,2004,0.980728452
MAC,FP.CPI.TOTL.ZG,2005,4.395892843
MAC,FP.CPI.TOTL.ZG,2006,5.149973378
MAC,FP.CPI.TOTL.ZG,2007,5.571496891
MAC,FP.CPI.TOTL.ZG,2008,8.611018586
MAC,FP.CPI.TOTL.ZG,2009,1.169066955
MAC,FP.CPI.TOTL.ZG,2010,2.809472421
MAC,FP.CPI.TOTL.ZG,2011,5.806246167
MAC,FP.CPI.TOTL.ZG,2012,6.107389283
MAC,FP.CPI.TOTL.ZG,2013,5.500577792
MAC,FP.CPI.TOTL.ZG,2014,6.048234521
MAC,FP.CPI.TOTL.ZG,2015,4.56056338
MAC,FP.CPI.TOTL.ZG,2016,2.368957497
MAC,FP.CPI.TOTL.ZG,2017,1.228124041
MAC,FP.CPI.TOTL.ZG,2018,3.004462932
MAC,FP.CPI.TOTL.ZG,2019,2.751930811
MAC,FP.CPI.TOTL.ZG,2020,0.811410511
MAC,FP.CPI.TOTL.ZG,2021,0.026454365
MAC,FP.CPI.TOTL.ZG,2022,1.045028024
MAC,FP.CPI.TOTL.ZG,2023,0.476384496
MAC,FP.CPI.TOTL.ZG,2024,0.672498599
MAC,FP.CPI.TOTL.ZG,2025,0.333311677
MDG,FP.CPI.TOTL.ZG,1960,
MDG,FP.CPI.TOTL.ZG,1961,
MDG,FP.CPI.TOTL.ZG,1962,
MDG,FP.CPI.TOTL.ZG,1963,
MDG,FP.CPI.TOTL.ZG,1964,
MDG,FP.CPI.TOTL.ZG,1965,4.201860366
MDG,FP.CPI.TOTL.ZG,1966,3.211573979
MDG,FP.CPI.TOTL.ZG,1967,0.815190377
MDG,FP.CPI.TOTL.ZG,1968,0.956513164
MDG,FP.CPI.TOTL.ZG,1969,3.828872827
MDG,FP.CPI.TOTL.ZG,1970,2.878645343
MDG,FP.CPI.TOTL.ZG,1971,5.385881492
MDG,FP.CPI.TOTL.ZG,1972,5.622559653
MDG,FP.CPI.TOTL.ZG,1973,6.120101865
MDG,FP.CPI.TOTL.ZG,1974,22.10094442
MDG,FP.CPI.TOTL.ZG,1975,8.191212832
MDG,FP.CPI.TOTL.ZG,1976,4.986815119
MDG,FP.CPI.TOTL.ZG,1977,3.108952891
MDG,FP.CPI.TOTL.ZG,1978,6.528446923
MDG,FP.CPI.TOTL.ZG,1979,14.05559226
MDG,FP.CPI.TOTL.ZG,1980,18.21786589
MDG,FP.CPI.TOTL.ZG,1981,30.53817743
MDG,FP.CPI.TOTL.ZG,1982,31.78970465
MDG,FP.CPI.TOTL.ZG,1983,19.32833859
MDG,FP.CPI.TOTL.ZG,1984,9.856620954
MDG,FP.CPI.TOTL.ZG,1985,10.55648396
MDG,FP.CPI.TOTL.ZG,1986,14.4973321
MDG,FP.CPI.TOTL.ZG,1987,14.99313513
MDG,FP.CPI.TOTL.ZG,1988,26.85379714
MDG,FP.CPI.TOTL.ZG,1989,9.012995946
MDG,FP.CPI.TOTL.ZG,1990,11.78448383
MDG,FP.CPI.TOTL.ZG,1991,8.592647605
MDG,FP.CPI.TOTL.ZG,1992,14.51237861
MDG,FP.CPI.TOTL.ZG,1993,10.0083612
MDG,FP.CPI.TOTL.ZG,1994,38.9417909
MDG,FP.CPI.TOTL.ZG,1995,49.08021006
MDG,FP.CPI.TOTL.ZG,1996,19.75635454
MDG,FP.CPI.TOTL.ZG,1997,4.486382617
MDG,FP.CPI.TOTL.ZG,1998,6.208016087
MDG,FP.CPI.TOTL.ZG,1999,9.929533993
MDG,FP.CPI.TOTL.ZG,2000,11.8596845
MDG,FP.CPI.TOTL.ZG,2001,7.916944845
MDG,FP.CPI.TOTL.ZG,2002,16.49852553
MDG,FP.CPI.TOTL.ZG,2003,-1.704004796
MDG,FP.CPI.TOTL.ZG,2004,13.9558018
MDG,FP.CPI.TOTL.ZG,2005,18.36382465
MDG,FP.CPI.TOTL.ZG,2006,10.76563716
MDG,FP.CPI.TOTL.ZG,2007,10.28796632
MDG,FP.CPI.TOTL.ZG,2008,9.296508394
MDG,FP.CPI.TOTL.ZG,2009,8.954218024
MDG,FP.CPI.TOTL.ZG,2010,9.247321736
MDG,FP.CPI.TOTL.ZG,2011,9.482540486
MDG,FP.CPI.TOTL.ZG,2012,5.713844342
MDG,FP.CPI.TOTL.ZG,2013,5.826429445
MDG,FP.CPI.TOTL.ZG,2014,6.080408111
MDG,FP.CPI.TOTL.ZG,2015,7.404191742
MDG,FP.CPI.TOTL.ZG,2016,6.035758582
MDG,FP.CPI.TOTL.ZG,2017,8.609050754
MDG,FP.CPI.TOTL.ZG,2018,8.594229589
MDG,FP.CPI.TOTL.ZG,2019,5.610514415
MDG,FP.CPI.TOTL.ZG,2020,4.201793122
MDG,FP.CPI.TOTL.ZG,2021,5.812251188
MDG,FP.CPI.TOTL.ZG,2022,8.16059032
MDG,FP.CPI.TOTL.ZG,2023,9.87432675
MDG,FP.CPI.TOTL.ZG,2024,7.613357843
MDG,FP.CPI.TOTL.ZG,2025,8.050524318
MWI,FP.CPI.TOTL.ZG,1960,
MWI,FP.CPI.TOTL.ZG,1961,
MWI,FP.CPI.TOTL.ZG,1962,
MWI,FP.CPI.TOTL.ZG,1963,
MWI,FP.CPI.TOTL.ZG,1964,
MWI,FP.CPI.TOTL.ZG,1965,
MWI,FP.CPI.TOTL.ZG,1966,
MWI,FP.CPI.TOTL.ZG,1967,
MWI,FP.CPI.TOTL.ZG,1968,
MWI,FP.CPI.TOTL.ZG,1969,
MWI,FP.CPI.TOTL.ZG,1970,
MWI,FP.CPI.TOTL.ZG,1971,
MWI,FP.CPI.TOTL.ZG,1972,
MWI,FP.CPI.TOTL.ZG,1973,
MWI,FP.CPI.TOTL.ZG,1974,
MWI,FP.CPI.TOTL.ZG,1975,
MWI,FP.CPI.TOTL.ZG,1976,
MWI,FP.CPI.TOTL.ZG,1977,
MWI,FP.CPI.TOTL.ZG,1978,
MWI,FP.CPI.TOTL.ZG,1979,
MWI,FP.CPI.TOTL.ZG,1980,
MWI,FP.CPI.TOTL.ZG,1981,11.81469755
MWI,FP.CPI.TOTL.ZG,1982,9.821162444
MWI,FP.CPI.TOTL.ZG,1983,13.50251052
MWI,FP.CPI.TOTL.ZG,1984,20.0263032
MWI,FP.CPI.TOTL.ZG,1985,10.51897599
MWI,FP.CPI.TOTL.ZG,1986,14.04686796
MWI,FP.CPI.TOTL.ZG,1987,25.15509543
MWI,FP.CPI.TOTL.ZG,1988,33.91216494
MWI,FP.CPI.TOTL.ZG,1989,12.44636205
MWI,FP.CPI.TOTL.ZG,1990,11.82353805
MWI,FP.CPI.TOTL.ZG,1991,12.61531538
MWI,FP.CPI.TOTL.ZG,1992,23.75135302
MWI,FP.CPI.TOTL.ZG,1993,22.77271023
MWI,FP.CPI.TOTL.ZG,1994,34.64963615
MWI,FP.CPI.TOTL.ZG,1995,83.32577475
MWI,FP.CPI.TOTL.ZG,1996,37.60204502
MWI,FP.CPI.TOTL.ZG,1997,9.13735243
MWI,FP.CPI.TOTL.ZG,1998,29.74865128
MWI,FP.CPI.TOTL.ZG,1999,44.80416429
MWI,FP.CPI.TOTL.ZG,2000,29.58148846
MWI,FP.CPI.TOTL.ZG,2001,22.7
MWI,FP.CPI.TOTL.ZG,2002,14.74463461
MWI,FP.CPI.TOTL.ZG,2003,9.576797869
MWI,FP.CPI.TOTL.ZG,2004,11.42980608
MWI,FP.CPI.TOTL.ZG,2005,15.41034466
MWI,FP.CPI.TOTL.ZG,2006,13.97429435
MWI,FP.CPI.TOTL.ZG,2007,7.952209909
MWI,FP.CPI.TOTL.ZG,2008,8.712601866
MWI,FP.CPI.TOTL.ZG,2009,8.422044277
MWI,FP.CPI.TOTL.ZG,2010,7.411590929
MWI,FP.CPI.TOTL.ZG,2011,7.622822628
MWI,FP.CPI.TOTL.ZG,2012,21.271265
MWI,FP.CPI.TOTL.ZG,2013,27.28333333
MWI,FP.CPI.TOTL.ZG,2014,23.79206495
MWI,FP.CPI.TOTL.ZG,2015,21.86734755
MWI,FP.CPI.TOTL.ZG,2016,21.71111321
MWI,FP.CPI.TOTL.ZG,2017,11.54339392
MWI,FP.CPI.TOTL.ZG,2018,12.42017811
MWI,FP.CPI.TOTL.ZG,2019,9.370836056
MWI,FP.CPI.TOTL.ZG,2020,8.625514697
MWI,FP.CPI.TOTL.ZG,2021,9.330144108
MWI,FP.CPI.TOTL.ZG,2022,20.95396973
MWI,FP.CPI.TOTL.ZG,2023,28.78974282
MWI,FP.CPI.TOTL.ZG,2024,32.17965042
MWI,FP.CPI.TOTL.ZG,2025,28.37025653
MYS,FP.CPI.TOTL.ZG,1960,0.063182598
MYS,FP.CPI.TOTL.ZG,1961,-0.180407722
MYS,FP.CPI.TOTL.ZG,1962,0.108440268
MYS,FP.CPI.TOTL.ZG,1963,3.105253656
MYS,FP.CPI.TOTL.ZG,1964,-0.402731571
MYS,FP.CPI.TOTL.ZG,1965,-0.105485232
MYS,FP.CPI.TOTL.ZG,1966,0.967969025
MYS,FP.CPI.TOTL.ZG,1967,4.57556214
MYS,FP.CPI.TOTL.ZG,1968,-0.158346529
MYS,FP.CPI.TOTL.ZG,1969,-0.409015025
MYS,FP.CPI.TOTL.ZG,1970,1.843935966
MYS,FP.CPI.TOTL.ZG,1971,1.613035964
MYS,FP.CPI.TOTL.ZG,1972,3.231554224
MYS,FP.CPI.TOTL.ZG,1973,10.56017574
MYS,FP.CPI.TOTL.ZG,1974,17.32898098
MYS,FP.CPI.TOTL.ZG,1975,4.487722269
MYS,FP.CPI.TOTL.ZG,1976,2.633711507
MYS,FP.CPI.TOTL.ZG,1977,4.788224014
MYS,FP.CPI.TOTL.ZG,1978,4.860064586
MYS,FP.CPI.TOTL.ZG,1979,3.654467998
MYS,FP.CPI.TOTL.ZG,1980,6.674919535
MYS,FP.CPI.TOTL.ZG,1981,9.7
MYS,FP.CPI.TOTL.ZG,1982,5.81890003
MYS,FP.CPI.TOTL.ZG,1983,3.704235463
MYS,FP.CPI.TOTL.ZG,1984,3.897272601
MYS,FP.CPI.TOTL.ZG,1985,0.346458791
MYS,FP.CPI.TOTL.ZG,1986,0.737002855
MYS,FP.CPI.TOTL.ZG,1987,0.290007909
MYS,FP.CPI.TOTL.ZG,1988,2.556519453
MYS,FP.CPI.TOTL.ZG,1989,2.813200897
MYS,FP.CPI.TOTL.ZG,1990,2.617801047
MYS,FP.CPI.TOTL.ZG,1991,4.358333333
MYS,FP.CPI.TOTL.ZG,1992,4.7672283
MYS,FP.CPI.TOTL.ZG,1993,3.536585366
MYS,FP.CPI.TOTL.ZG,1994,3.724970554
MYS,FP.CPI.TOTL.ZG,1995,3.450575096
MYS,FP.CPI.TOTL.ZG,1996,3.488559459
MYS,FP.CPI.TOTL.ZG,1997,2.662514597
MYS,FP.CPI.TOTL.ZG,1998,5.270342003
MYS,FP.CPI.TOTL.ZG,1999,2.744561302
MYS,FP.CPI.TOTL.ZG,2000,1.534740237
MYS,FP.CPI.TOTL.ZG,2001,1.416784732
MYS,FP.CPI.TOTL.ZG,2002,1.807872463
MYS,FP.CPI.TOTL.ZG,2003,1.089676326
MYS,FP.CPI.TOTL.ZG,2004,1.421271159
MYS,FP.CPI.TOTL.ZG,2005,2.975070927
MYS,FP.CPI.TOTL.ZG,2006,3.609235642
MYS,FP.CPI.TOTL.ZG,2007,2.027353178
MYS,FP.CPI.TOTL.ZG,2008,5.440782211
MYS,FP.CPI.TOTL.ZG,2009,0.583308406
MYS,FP.CPI.TOTL.ZG,2010,1.622852356
MYS,FP.CPI.TOTL.ZG,2011,3.174470922
MYS,FP.CPI.TOTL.ZG,2012,1.663571025
MYS,FP.CPI.TOTL.ZG,2013,2.105012312
MYS,FP.CPI.TOTL.ZG,2014,3.142990509
MYS,FP.CPI.TOTL.ZG,2015,2.104389802
MYS,FP.CPI.TOTL.ZG,2016,2.090566595
MYS,FP.CPI.TOTL.ZG,2017,3.871201158
MYS,FP.CPI.TOTL.ZG,2018,0.884709161
MYS,FP.CPI.TOTL.ZG,2019,0.662891866
MYS,FP.CPI.TOTL.ZG,2020,-1.138702154
MYS,FP.CPI.TOTL.ZG,2021,2.477102415
MYS,FP.CPI.TOTL.ZG,2022,3.378698625
MYS,FP.CPI.TOTL.ZG,2023,2.488865601
MYS,FP.CPI.TOTL.ZG,2024,1.834100204
MYS,FP.CPI.TOTL.ZG,2025,1.380608723
MDV,FP.CPI.TOTL.ZG,1960,
MDV,FP.CPI.TOTL.ZG,1961,
MDV,FP.CPI.TOTL.ZG,1962,
MDV,FP.CPI.TOTL.ZG,1963,
MDV,FP.CPI.TOTL.ZG,1964,
MDV,FP.CPI.TOTL.ZG,1965,
MDV,FP.CPI.TOTL.ZG,1966,
MDV,FP.CPI.TOTL.ZG,1967,
MDV,FP.CPI.TOTL.ZG,1968,
MDV,FP.CPI.TOTL.ZG,1969,
MDV,FP.CPI.TOTL.ZG,1970,
MDV,FP.CPI.TOTL.ZG,1971,
MDV,FP.CPI.TOTL.ZG,1972,
MDV,FP.CPI.TOTL.ZG,1973,
MDV,FP.CPI.TOTL.ZG,1974,
MDV,FP.CPI.TOTL.ZG,1975,
MDV,FP.CPI.TOTL.ZG,1976,
MDV,FP.CPI.TOTL.ZG,1977,
MDV,FP.CPI.TOTL.ZG,1978,
MDV,FP.CPI.TOTL.ZG,1979,
MDV,FP.CPI.TOTL.ZG,1980,
MDV,FP.CPI.TOTL.ZG,1981,
MDV,FP.CPI.TOTL.ZG,1982,
MDV,FP.CPI.TOTL.ZG,1983,
MDV,FP.CPI.TOTL.ZG,1984,
MDV,FP.CPI.TOTL.ZG,1985,
MDV,FP.CPI.TOTL.ZG,1986,9.722193277
MDV,FP.CPI.TOTL.ZG,1987,9.704072329
MDV,FP.CPI.TOTL.ZG,1988,6.456360268
MDV,FP.CPI.TOTL.ZG,1989,7.165858895
MDV,FP.CPI.TOTL.ZG,1990,3.649911977
MDV,FP.CPI.TOTL.ZG,1991,14.71367703
MDV,FP.CPI.TOTL.ZG,1992,16.85599775
MDV,FP.CPI.TOTL.ZG,1993,20.12735931
MDV,FP.CPI.TOTL.ZG,1994,3.386100983
MDV,FP.CPI.TOTL.ZG,1995,5.488861332
MDV,FP.CPI.TOTL.ZG,1996,6.241245915
MDV,FP.CPI.TOTL.ZG,1997,7.572834671
MDV,FP.CPI.TOTL.ZG,1998,-1.404252338
MDV,FP.CPI.TOTL.ZG,1999,2.953708361
MDV,FP.CPI.TOTL.ZG,2000,-1.174756812
MDV,FP.CPI.TOTL.ZG,2001,0.67257737
MDV,FP.CPI.TOTL.ZG,2002,4.178672399
MDV,FP.CPI.TOTL.ZG,2003,-1.260651135
MDV,FP.CPI.TOTL.ZG,2004,-1.685412125
MDV,FP.CPI.TOTL.ZG,2005,1.300275009
MDV,FP.CPI.TOTL.ZG,2006,2.738421316
MDV,FP.CPI.TOTL.ZG,2007,6.794773539
MDV,FP.CPI.TOTL.ZG,2008,12.04145835
MDV,FP.CPI.TOTL.ZG,2009,4.530176591
MDV,FP.CPI.TOTL.ZG,2010,6.149885368
MDV,FP.CPI.TOTL.ZG,2011,11.27341461
MDV,FP.CPI.TOTL.ZG,2012,10.88469566
MDV,FP.CPI.TOTL.ZG,2013,3.805630009
MDV,FP.CPI.TOTL.ZG,2014,2.120001757
MDV,FP.CPI.TOTL.ZG,2015,0.953206659
MDV,FP.CPI.TOTL.ZG,2016,0.502509414
MDV,FP.CPI.TOTL.ZG,2017,2.817473382
MDV,FP.CPI.TOTL.ZG,2018,-0.133373386
MDV,FP.CPI.TOTL.ZG,2019,0.220029731
MDV,FP.CPI.TOTL.ZG,2020,-1.369774256
MDV,FP.CPI.TOTL.ZG,2021,0.543149689
MDV,FP.CPI.TOTL.ZG,2022,2.330540465
MDV,FP.CPI.TOTL.ZG,2023,2.903724278
MDV,FP.CPI.TOTL.ZG,2024,1.410935279
MDV,FP.CPI.TOTL.ZG,2025,4.005784941
MLI,FP.CPI.TOTL.ZG,1960,
MLI,FP.CPI.TOTL.ZG,1961,
MLI,FP.CPI.TOTL.ZG,1962,
MLI,FP.CPI.TOTL.ZG,1963,
MLI,FP.CPI.TOTL.ZG,1964,
MLI,FP.CPI.TOTL.ZG,1965,
MLI,FP.CPI.TOTL.ZG,1966,
MLI,FP.CPI.TOTL.ZG,1967,
MLI,FP.CPI.TOTL.ZG,1968,
MLI,FP.CPI.TOTL.ZG,1969,
MLI,FP.CPI.TOTL.ZG,1970,
MLI,FP.CPI.TOTL.ZG,1971,
MLI,FP.CPI.TOTL.ZG,1972,
MLI,FP.CPI.TOTL.ZG,1973,
MLI,FP.CPI.TOTL.ZG,1974,
MLI,FP.CPI.TOTL.ZG,1975,
MLI,FP.CPI.TOTL.ZG,1976,
MLI,FP.CPI.TOTL.ZG,1977,
MLI,FP.CPI.TOTL.ZG,1978,
MLI,FP.CPI.TOTL.ZG,1979,
MLI,FP.CPI.TOTL.ZG,1980,
MLI,FP.CPI.TOTL.ZG,1981,
MLI,FP.CPI.TOTL.ZG,1982,
MLI,FP.CPI.TOTL.ZG,1983,
MLI,FP.CPI.TOTL.ZG,1984,
MLI,FP.CPI.TOTL.ZG,1985,
MLI,FP.CPI.TOTL.ZG,1986,
MLI,FP.CPI.TOTL.ZG,1987,
MLI,FP.CPI.TOTL.ZG,1988,
MLI,FP.CPI.TOTL.ZG,1989,-0.076692998
MLI,FP.CPI.TOTL.ZG,1990,0.606339704
MLI,FP.CPI.TOTL.ZG,1991,1.80042722
MLI,FP.CPI.TOTL.ZG,1992,-6.242505995
MLI,FP.CPI.TOTL.ZG,1993,-0.263767884
MLI,FP.CPI.TOTL.ZG,1994,23.17679115
MLI,FP.CPI.TOTL.ZG,1995,13.44176968
MLI,FP.CPI.TOTL.ZG,1996,6.805459968
MLI,FP.CPI.TOTL.ZG,1997,-0.362999796
MLI,FP.CPI.TOTL.ZG,1998,4.03658946
MLI,FP.CPI.TOTL.ZG,1999,-1.201903686
MLI,FP.CPI.TOTL.ZG,2000,-0.677661659
MLI,FP.CPI.TOTL.ZG,2001,5.187011919
MLI,FP.CPI.TOTL.ZG,2002,5.032822757
MLI,FP.CPI.TOTL.ZG,2003,-1.34672619
MLI,FP.CPI.TOTL.ZG,2004,-3.099781281
MLI,FP.CPI.TOTL.ZG,2005,6.397882939
MLI,FP.CPI.TOTL.ZG,2006,1.543525969
MLI,FP.CPI.TOTL.ZG,2007,1.412002017
MLI,FP.CPI.TOTL.ZG,2008,9.170988137
MLI,FP.CPI.TOTL.ZG,2009,2.463751886
MLI,FP.CPI.TOTL.ZG,2010,1.108926907
MLI,FP.CPI.TOTL.ZG,2011,2.955643952
MLI,FP.CPI.TOTL.ZG,2012,5.323128471
MLI,FP.CPI.TOTL.ZG,2013,-0.606736356
MLI,FP.CPI.TOTL.ZG,2014,0.883814547
MLI,FP.CPI.TOTL.ZG,2015,1.450690576
MLI,FP.CPI.TOTL.ZG,2016,-1.799647071
MLI,FP.CPI.TOTL.ZG,2017,1.759857429
MLI,FP.CPI.TOTL.ZG,2018,0.299546507
MLI,FP.CPI.TOTL.ZG,2019,-1.658266948
MLI,FP.CPI.TOTL.ZG,2020,0.43808894
MLI,FP.CPI.TOTL.ZG,2021,3.925602831
MLI,FP.CPI.TOTL.ZG,2022,9.621476085
MLI,FP.CPI.TOTL.ZG,2023,2.058802283
MLI,FP.CPI.TOTL.ZG,2024,3.206398641
MLI,FP.CPI.TOTL.ZG,2025,3.278235404
MLT,FP.CPI.TOTL.ZG,1960,3.384615385
MLT,FP.CPI.TOTL.ZG,1961,2.511321531
MLT,FP.CPI.TOTL.ZG,1962,0.168674699
MLT,FP.CPI.TOTL.ZG,1963,1.876353139
MLT,FP.CPI.TOTL.ZG,1964,2.180243999
MLT,FP.CPI.TOTL.ZG,1965,1.602218456
MLT,FP.CPI.TOTL.ZG,1966,0.523123579
MLT,FP.CPI.TOTL.ZG,1967,0.693868316
MLT,FP.CPI.TOTL.ZG,1968,2.037300577
MLT,FP.CPI.TOTL.ZG,1969,2.334287602
MLT,FP.CPI.TOTL.ZG,1970,3.715658848
MLT,FP.CPI.TOTL.ZG,1971,2.323812158
MLT,FP.CPI.TOTL.ZG,1972,3.372761068
MLT,FP.CPI.TOTL.ZG,1973,7.689289918
MLT,FP.CPI.TOTL.ZG,1974,7.255616272
MLT,FP.CPI.TOTL.ZG,1975,8.791666666
MLT,FP.CPI.TOTL.ZG,1976,0.55151283
MLT,FP.CPI.TOTL.ZG,1977,10.0403748
MLT,FP.CPI.TOTL.ZG,1978,4.70751125
MLT,FP.CPI.TOTL.ZG,1979,7.147107438
MLT,FP.CPI.TOTL.ZG,1980,15.7472541
MLT,FP.CPI.TOTL.ZG,1981,11.50975584
MLT,FP.CPI.TOTL.ZG,1982,5.818233972
MLT,FP.CPI.TOTL.ZG,1983,-0.88099756
MLT,FP.CPI.TOTL.ZG,1984,-0.442500001
MLT,FP.CPI.TOTL.ZG,1985,-0.23520746
MLT,FP.CPI.TOTL.ZG,1986,2.027888714
MLT,FP.CPI.TOTL.ZG,1987,0.431725669
MLT,FP.CPI.TOTL.ZG,1988,0.938344387
MLT,FP.CPI.TOTL.ZG,1989,0.847691359
MLT,FP.CPI.TOTL.ZG,1990,2.983405861
MLT,FP.CPI.TOTL.ZG,1991,2.542192848
MLT,FP.CPI.TOTL.ZG,1992,1.633212099
MLT,FP.CPI.TOTL.ZG,1993,4.144819542
MLT,FP.CPI.TOTL.ZG,1994,4.129921816
MLT,FP.CPI.TOTL.ZG,1995,4.426645503
MLT,FP.CPI.TOTL.ZG,1996,2.054
MLT,FP.CPI.TOTL.ZG,1997,3.11207792
MLT,FP.CPI.TOTL.ZG,1998,2.385251354
MLT,FP.CPI.TOTL.ZG,1999,2.134768888
MLT,FP.CPI.TOTL.ZG,2000,2.369592875
MLT,FP.CPI.TOTL.ZG,2001,2.929492443
MLT,FP.CPI.TOTL.ZG,2002,2.188490481
MLT,FP.CPI.TOTL.ZG,2003,1.303837774
MLT,FP.CPI.TOTL.ZG,2004,2.790828481
MLT,FP.CPI.TOTL.ZG,2005,3.007966525
MLT,FP.CPI.TOTL.ZG,2006,2.773780065
MLT,FP.CPI.TOTL.ZG,2007,1.249219238
MLT,FP.CPI.TOTL.ZG,2008,4.258621719
MLT,FP.CPI.TOTL.ZG,2009,2.084327461
MLT,FP.CPI.TOTL.ZG,2010,1.515635136
MLT,FP.CPI.TOTL.ZG,2011,2.962985282
MLT,FP.CPI.TOTL.ZG,2012,2.375820578
MLT,FP.CPI.TOTL.ZG,2013,1.180284364
MLT,FP.CPI.TOTL.ZG,2014,0.310306472
MLT,FP.CPI.TOTL.ZG,2015,1.100548264
MLT,FP.CPI.TOTL.ZG,2016,0.642702772
MLT,FP.CPI.TOTL.ZG,2017,1.364354482
MLT,FP.CPI.TOTL.ZG,2018,1.157823625
MLT,FP.CPI.TOTL.ZG,2019,1.642060018
MLT,FP.CPI.TOTL.ZG,2020,0.638544957
MLT,FP.CPI.TOTL.ZG,2021,1.497892179
MLT,FP.CPI.TOTL.ZG,2022,6.153756219
MLT,FP.CPI.TOTL.ZG,2023,5.09396759
MLT,FP.CPI.TOTL.ZG,2024,1.650794693
MLT,FP.CPI.TOTL.ZG,2025,2.363517523
MHL,FP.CPI.TOTL.ZG,1960,
MHL,FP.CPI.TOTL.ZG,1961,
MHL,FP.CPI.TOTL.ZG,1962,
MHL,FP.CPI.TOTL.ZG,1963,
MHL,FP.CPI.TOTL.ZG,1964,
MHL,FP.CPI.TOTL.ZG,1965,
MHL,FP.CPI.TOTL.ZG,1966,
MHL,FP.CPI.TOTL.ZG,1967,
MHL,FP.CPI.TOTL.ZG,1968,
MHL,FP.CPI.TOTL.ZG,1969,
MHL,FP.CPI.TOTL.ZG,1970,
MHL,FP.CPI.TOTL.ZG,1971,
MHL,FP.CPI.TOTL.ZG,1972,
MHL,FP.CPI.TOTL.ZG,1973,
MHL,FP.CPI.TOTL.ZG,1974,
MHL,FP.CPI.TOTL.ZG,1975,
MHL,FP.CPI.TOTL.ZG,1976,
MHL,FP.CPI.TOTL.ZG,1977,
MHL,FP.CPI.TOTL.ZG,1978,
MHL,FP.CPI.TOTL.ZG,1979,
MHL,FP.CPI.TOTL.ZG,1980,
MHL,FP.CPI.TOTL.ZG,1981,
MHL,FP.CPI.TOTL.ZG,1982,
MHL,FP.CPI.TOTL.ZG,1983,
MHL,FP.CPI.TOTL.ZG,1984,
MHL,FP.CPI.TOTL.ZG,1985,
MHL,FP.CPI.TOTL.ZG,1986,
MHL,FP.CPI.TOTL.ZG,1987,
MHL,FP.CPI.TOTL.ZG,1988,
MHL,FP.CPI.TOTL.ZG,1989,
MHL,FP.CPI.TOTL.ZG,1990,
MHL,FP.CPI.TOTL.ZG,1991,
MHL,FP.CPI.TOTL.ZG,1992,
MHL,FP.CPI.TOTL.ZG,1993,
MHL,FP.CPI.TOTL.ZG,1994,
MHL,FP.CPI.TOTL.ZG,1995,
MHL,FP.CPI.TOTL.ZG,1996,
MHL,FP.CPI.TOTL.ZG,1997,
MHL,FP.CPI.TOTL.ZG,1998,
MHL,FP.CPI.TOTL.ZG,1999,
MHL,FP.CPI.TOTL.ZG,2000,
MHL,FP.CPI.TOTL.ZG,2001,
MHL,FP.CPI.TOTL.ZG,2002,
MHL,FP.CPI.TOTL.ZG,2003,
MHL,FP.CPI.TOTL.ZG,2004,
MHL,FP.CPI.TOTL.ZG,2005,
MHL,FP.CPI.TOTL.ZG,2006,
MHL,FP.CPI.TOTL.ZG,2007,
MHL,FP.CPI.TOTL.ZG,2008,
MHL,FP.CPI.TOTL.ZG,2009,
MHL,FP.CPI.TOTL.ZG,2010,
MHL,FP.CPI.TOTL.ZG,2011,
MHL,FP.CPI.TOTL.ZG,2012,
MHL,FP.CPI.TOTL.ZG,2013,
MHL,FP.CPI.TOTL.ZG,2014,
MHL,FP.CPI.TOTL.ZG,2015,
MHL,FP.CPI.TOTL.ZG,2016,
MHL,FP.CPI.TOTL.ZG,2017,
MHL,FP.CPI.TOTL.ZG,2018,
MHL,FP.CPI.TOTL.ZG,2019,
MHL,FP.CPI.TOTL.ZG,2020,
MHL,FP.CPI.TOTL.ZG,2021,
MHL,FP.CPI.TOTL.ZG,2022,
MHL,FP.CPI.TOTL.ZG,2023,
MHL,FP.CPI.TOTL.ZG,2024,
MHL,FP.CPI.TOTL.ZG,2025,
MRT,FP.CPI.TOTL.ZG,1960,
MRT,FP.CPI.TOTL.ZG,1961,
MRT,FP.CPI.TOTL.ZG,1962,
MRT,FP.CPI.TOTL.ZG,1963,
MRT,FP.CPI.TOTL.ZG,1964,
MRT,FP.CPI.TOTL.ZG,1965,
MRT,FP.CPI.TOTL.ZG,1966,
MRT,FP.CPI.TOTL.ZG,1967,
MRT,FP.CPI.TOTL.ZG,1968,
MRT,FP.CPI.TOTL.ZG,1969,
MRT,FP.CPI.TOTL.ZG,1970,
MRT,FP.CPI.TOTL.ZG,1971,
MRT,FP.CPI.TOTL.ZG,1972,
MRT,FP.CPI.TOTL.ZG,1973,
MRT,FP.CPI.TOTL.ZG,1974,
MRT,FP.CPI.TOTL.ZG,1975,
MRT,FP.CPI.TOTL.ZG,1976,
MRT,FP.CPI.TOTL.ZG,1977,
MRT,FP.CPI.TOTL.ZG,1978,
MRT,FP.CPI.TOTL.ZG,1979,
MRT,FP.CPI.TOTL.ZG,1980,
MRT,FP.CPI.TOTL.ZG,1981,
MRT,FP.CPI.TOTL.ZG,1982,
MRT,FP.CPI.TOTL.ZG,1983,
MRT,FP.CPI.TOTL.ZG,1984,
MRT,FP.CPI.TOTL.ZG,1985,
MRT,FP.CPI.TOTL.ZG,1986,7.433333333
MRT,FP.CPI.TOTL.ZG,1987,8.152342538
MRT,FP.CPI.TOTL.ZG,1988,1.31965861
MRT,FP.CPI.TOTL.ZG,1989,12.9326821
MRT,FP.CPI.TOTL.ZG,1990,6.600225649
MRT,FP.CPI.TOTL.ZG,1991,5.628666667
MRT,FP.CPI.TOTL.ZG,1992,10.14181756
MRT,FP.CPI.TOTL.ZG,1993,9.37034416
MRT,FP.CPI.TOTL.ZG,1994,4.128258613
MRT,FP.CPI.TOTL.ZG,1995,6.543790685
MRT,FP.CPI.TOTL.ZG,1996,4.681306239
MRT,FP.CPI.TOTL.ZG,1997,4.625346953
MRT,FP.CPI.TOTL.ZG,1998,8.031666655
MRT,FP.CPI.TOTL.ZG,1999,4.074176136
MRT,FP.CPI.TOTL.ZG,2000,3.254067458
MRT,FP.CPI.TOTL.ZG,2001,4.714896347
MRT,FP.CPI.TOTL.ZG,2002,3.895705258
MRT,FP.CPI.TOTL.ZG,2003,5.151901508
MRT,FP.CPI.TOTL.ZG,2004,10.36762335
MRT,FP.CPI.TOTL.ZG,2005,12.12564872
MRT,FP.CPI.TOTL.ZG,2006,6.241033281
MRT,FP.CPI.TOTL.ZG,2007,7.254108413
MRT,FP.CPI.TOTL.ZG,2008,7.346635412
MRT,FP.CPI.TOTL.ZG,2009,2.220920324
MRT,FP.CPI.TOTL.ZG,2010,6.283540874
MRT,FP.CPI.TOTL.ZG,2011,5.686319596
MRT,FP.CPI.TOTL.ZG,2012,4.902427272
MRT,FP.CPI.TOTL.ZG,2013,4.129101738
MRT,FP.CPI.TOTL.ZG,2014,3.534368561
MRT,FP.CPI.TOTL.ZG,2015,3.254726881
MRT,FP.CPI.TOTL.ZG,2016,1.471710457
MRT,FP.CPI.TOTL.ZG,2017,2.254276519
MRT,FP.CPI.TOTL.ZG,2018,3.067359961
MRT,FP.CPI.TOTL.ZG,2019,2.300092621
MRT,FP.CPI.TOTL.ZG,2020,2.385694885
MRT,FP.CPI.TOTL.ZG,2021,3.565164847
MRT,FP.CPI.TOTL.ZG,2022,9.525266286
MRT,FP.CPI.TOTL.ZG,2023,4.953050345
MRT,FP.CPI.TOTL.ZG,2024,2.491643475
MRT,FP.CPI.TOTL.ZG,2025,1.547969262
MUS,FP.CPI.TOTL.ZG,1960,
MUS,FP.CPI.TOTL.ZG,1961,
MUS,FP.CPI.TOTL.ZG,1962,
MUS,FP.CPI.TOTL.ZG,1963,
MUS,FP.CPI.TOTL.ZG,1964,1.895574173
MUS,FP.CPI.TOTL.ZG,1965,1.785565983
MUS,FP.CPI.TOTL.ZG,1966,2.504895561
MUS,FP.CPI.TOTL.ZG,1967,1.878532198
MUS,FP.CPI.TOTL.ZG,1968,6.977107587
MUS,FP.CPI.TOTL.ZG,1969,2.315220567
MUS,FP.CPI.TOTL.ZG,1970,1.541865943
MUS,FP.CPI.TOTL.ZG,1971,0.316344464
MUS,FP.CPI.TOTL.ZG,1972,5.395935529
MUS,FP.CPI.TOTL.ZG,1973,13.45079787
MUS,FP.CPI.TOTL.ZG,1974,29.11563031
MUS,FP.CPI.TOTL.ZG,1975,14.73832327
MUS,FP.CPI.TOTL.ZG,1976,12.95572917
MUS,FP.CPI.TOTL.ZG,1977,9.172498971
MUS,FP.CPI.TOTL.ZG,1978,8.545139151
MUS,FP.CPI.TOTL.ZG,1979,14.46637021
MUS,FP.CPI.TOTL.ZG,1980,41.99951439
MUS,FP.CPI.TOTL.ZG,1981,14.46159107
MUS,FP.CPI.TOTL.ZG,1982,11.41569313
MUS,FP.CPI.TOTL.ZG,1983,5.589498018
MUS,FP.CPI.TOTL.ZG,1984,7.389162562
MUS,FP.CPI.TOTL.ZG,1985,6.698703947
MUS,FP.CPI.TOTL.ZG,1986,1.632653061
MUS,FP.CPI.TOTL.ZG,1987,0.518741633
MUS,FP.CPI.TOTL.ZG,1988,9.159314134
MUS,FP.CPI.TOTL.ZG,1989,12.67004209
MUS,FP.CPI.TOTL.ZG,1990,13.48808879
MUS,FP.CPI.TOTL.ZG,1991,7.001013775
MUS,FP.CPI.TOTL.ZG,1992,4.643519299
MUS,FP.CPI.TOTL.ZG,1993,10.51783845
MUS,FP.CPI.TOTL.ZG,1994,7.323471544
MUS,FP.CPI.TOTL.ZG,1995,6.029331885
MUS,FP.CPI.TOTL.ZG,1996,6.550973361
MUS,FP.CPI.TOTL.ZG,1997,6.83334335
MUS,FP.CPI.TOTL.ZG,1998,6.810793238
MUS,FP.CPI.TOTL.ZG,1999,6.909146249
MUS,FP.CPI.TOTL.ZG,2000,4.199288256
MUS,FP.CPI.TOTL.ZG,2001,5.389344262
MUS,FP.CPI.TOTL.ZG,2002,6.419333722
MUS,FP.CPI.TOTL.ZG,2003,3.921053576
MUS,FP.CPI.TOTL.ZG,2004,4.710370601
MUS,FP.CPI.TOTL.ZG,2005,4.93717005
MUS,FP.CPI.TOTL.ZG,2006,8.913501057
MUS,FP.CPI.TOTL.ZG,2007,8.827292724
MUS,FP.CPI.TOTL.ZG,2008,9.732283171
MUS,FP.CPI.TOTL.ZG,2009,2.516091281
MUS,FP.CPI.TOTL.ZG,2010,2.932363014
MUS,FP.CPI.TOTL.ZG,2011,6.522492549
MUS,FP.CPI.TOTL.ZG,2012,3.852160333
MUS,FP.CPI.TOTL.ZG,2013,3.543295739
MUS,FP.CPI.TOTL.ZG,2014,3.21769192
MUS,FP.CPI.TOTL.ZG,2015,1.286549708
MUS,FP.CPI.TOTL.ZG,2016,0.977675135
MUS,FP.CPI.TOTL.ZG,2017,3.666997027
MUS,FP.CPI.TOTL.ZG,2018,3.216053831
MUS,FP.CPI.TOTL.ZG,2019,0.40565519
MUS,FP.CPI.TOTL.ZG,2020,2.580800772
MUS,FP.CPI.TOTL.ZG,2021,4.028528882
MUS,FP.CPI.TOTL.ZG,2022,10.77375122
MUS,FP.CPI.TOTL.ZG,2023,7.052982385
MUS,FP.CPI.TOTL.ZG,2024,3.604522038
MUS,FP.CPI.TOTL.ZG,2025,3.6735928
MEX,FP.CPI.TOTL.ZG,1960,4.927518869
MEX,FP.CPI.TOTL.ZG,1961,1.608759691
MEX,FP.CPI.TOTL.ZG,1962,1.198984178
MEX,FP.CPI.TOTL.ZG,1963,0.594055008
MEX,FP.CPI.TOTL.ZG,1964,2.337903172
MEX,FP.CPI.TOTL.ZG,1965,3.568038657
MEX,FP.CPI.TOTL.ZG,1966,4.215788377
MEX,FP.CPI.TOTL.ZG,1967,3.016948475
MEX,FP.CPI.TOTL.ZG,1968,2.333950935
MEX,FP.CPI.TOTL.ZG,1969,3.367003367
MEX,FP.CPI.TOTL.ZG,1970,5.003412055
MEX,FP.CPI.TOTL.ZG,1971,5.469028994
MEX,FP.CPI.TOTL.ZG,1972,4.943692364
MEX,FP.CPI.TOTL.ZG,1973,12.08193946
MEX,FP.CPI.TOTL.ZG,1974,23.78401544
MEX,FP.CPI.TOTL.ZG,1975,14.94453464
MEX,FP.CPI.TOTL.ZG,1976,15.82472249
MEX,FP.CPI.TOTL.ZG,1977,29.06412471
MEX,FP.CPI.TOTL.ZG,1978,17.45729257
MEX,FP.CPI.TOTL.ZG,1979,18.1912463
MEX,FP.CPI.TOTL.ZG,1980,26.35165136
MEX,FP.CPI.TOTL.ZG,1981,27.9337626
MEX,FP.CPI.TOTL.ZG,1982,58.91341985
MEX,FP.CPI.TOTL.ZG,1983,101.8749384
MEX,FP.CPI.TOTL.ZG,1984,65.44880713
MEX,FP.CPI.TOTL.ZG,1985,57.7484484
MEX,FP.CPI.TOTL.ZG,1986,86.23331699
MEX,FP.CPI.TOTL.ZG,1987,131.8273839
MEX,FP.CPI.TOTL.ZG,1988,114.1622585
MEX,FP.CPI.TOTL.ZG,1989,20.00787671
MEX,FP.CPI.TOTL.ZG,1990,26.65167256
MEX,FP.CPI.TOTL.ZG,1991,22.66235946
MEX,FP.CPI.TOTL.ZG,1992,15.50789625
MEX,FP.CPI.TOTL.ZG,1993,9.751460454
MEX,FP.CPI.TOTL.ZG,1994,6.965812372
MEX,FP.CPI.TOTL.ZG,1995,34.99927129
MEX,FP.CPI.TOTL.ZG,1996,34.37838322
MEX,FP.CPI.TOTL.ZG,1997,20.62562873
MEX,FP.CPI.TOTL.ZG,1998,15.92839501
MEX,FP.CPI.TOTL.ZG,1999,16.58561697
MEX,FP.CPI.TOTL.ZG,2000,9.491561494
MEX,FP.CPI.TOTL.ZG,2001,6.367738062
MEX,FP.CPI.TOTL.ZG,2002,5.030727332
MEX,FP.CPI.TOTL.ZG,2003,4.546900121
MEX,FP.CPI.TOTL.ZG,2004,4.688408848
MEX,FP.CPI.TOTL.ZG,2005,3.988057146
MEX,FP.CPI.TOTL.ZG,2006,3.629467624
MEX,FP.CPI.TOTL.ZG,2007,3.966849055
MEX,FP.CPI.TOTL.ZG,2008,5.124982746
MEX,FP.CPI.TOTL.ZG,2009,5.297355842
MEX,FP.CPI.TOTL.ZG,2010,4.156727227
MEX,FP.CPI.TOTL.ZG,2011,3.407378246
MEX,FP.CPI.TOTL.ZG,2012,4.111509811
MEX,FP.CPI.TOTL.ZG,2013,3.806390697
MEX,FP.CPI.TOTL.ZG,2014,4.018616081
MEX,FP.CPI.TOTL.ZG,2015,2.72064065
MEX,FP.CPI.TOTL.ZG,2016,2.821707847
MEX,FP.CPI.TOTL.ZG,2017,6.04145724
MEX,FP.CPI.TOTL.ZG,2018,4.899350154
MEX,FP.CPI.TOTL.ZG,2019,3.635961421
MEX,FP.CPI.TOTL.ZG,2020,3.396834156
MEX,FP.CPI.TOTL.ZG,2021,5.689208477
MEX,FP.CPI.TOTL.ZG,2022,7.896276192
MEX,FP.CPI.TOTL.ZG,2023,5.527960873
MEX,FP.CPI.TOTL.ZG,2024,4.722255885
MEX,FP.CPI.TOTL.ZG,2025,3.806686507
FSM,FP.CPI.TOTL.ZG,1960,
FSM,FP.CPI.TOTL.ZG,1961,
FSM,FP.CPI.TOTL.ZG,1962,
FSM,FP.CPI.TOTL.ZG,1963,
FSM,FP.CPI.TOTL.ZG,1964,
FSM,FP.CPI.TOTL.ZG,1965,
FSM,FP.CPI.TOTL.ZG,1966,
FSM,FP.CPI.TOTL.ZG,1967,
FSM,FP.CPI.TOTL.ZG,1968,
FSM,FP.CPI.TOTL.ZG,1969,
FSM,FP.CPI.TOTL.ZG,1970,
FSM,FP.CPI.TOTL.ZG,1971,
FSM,FP.CPI.TOTL.ZG,1972,
FSM,FP.CPI.TOTL.ZG,1973,
FSM,FP.CPI.TOTL.ZG,1974,
FSM,FP.CPI.TOTL.ZG,1975,
FSM,FP.CPI.TOTL.ZG,1976,
FSM,FP.CPI.TOTL.ZG,1977,
FSM,FP.CPI.TOTL.ZG,1978,
FSM,FP.CPI.TOTL.ZG,1979,
FSM,FP.CPI.TOTL.ZG,1980,
FSM,FP.CPI.TOTL.ZG,1981,
FSM,FP.CPI.TOTL.ZG,1982,
FSM,FP.CPI.TOTL.ZG,1983,
FSM,FP.CPI.TOTL.ZG,1984,
FSM,FP.CPI.TOTL.ZG,1985,
FSM,FP.CPI.TOTL.ZG,1986,
FSM,FP.CPI.TOTL.ZG,1987,
FSM,FP.CPI.TOTL.ZG,1988,
FSM,FP.CPI.TOTL.ZG,1989,
FSM,FP.CPI.TOTL.ZG,1990,
FSM,FP.CPI.TOTL.ZG,1991,
FSM,FP.CPI.TOTL.ZG,1992,
FSM,FP.CPI.TOTL.ZG,1993,
FSM,FP.CPI.TOTL.ZG,1994,
FSM,FP.CPI.TOTL.ZG,1995,
FSM,FP.CPI.TOTL.ZG,1996,
FSM,FP.CPI.TOTL.ZG,1997,
FSM,FP.CPI.TOTL.ZG,1998,
FSM,FP.CPI.TOTL.ZG,1999,
FSM,FP.CPI.TOTL.ZG,2000,2.158518106
FSM,FP.CPI.TOTL.ZG,2001,0.502497351
FSM,FP.CPI.TOTL.ZG,2002,-0.111442426
FSM,FP.CPI.TOTL.ZG,2003,0.126643348
FSM,FP.CPI.TOTL.ZG,2004,2.276696982
FSM,FP.CPI.TOTL.ZG,2005,4.257699782
FSM,FP.CPI.TOTL.ZG,2006,4.637370086
FSM,FP.CPI.TOTL.ZG,2007,3.30634278
FSM,FP.CPI.TOTL.ZG,2008,8.423725662
FSM,FP.CPI.TOTL.ZG,2009,6.393602577
FSM,FP.CPI.TOTL.ZG,2010,3.313709631
FSM,FP.CPI.TOTL.ZG,2011,5.082594039
FSM,FP.CPI.TOTL.ZG,2012,5.01850353
FSM,FP.CPI.TOTL.ZG,2013,1.752327374
FSM,FP.CPI.TOTL.ZG,2014,0.650284892
FSM,FP.CPI.TOTL.ZG,2015,-0.298115837
FSM,FP.CPI.TOTL.ZG,2016,-1.037468064
FSM,FP.CPI.TOTL.ZG,2017,0.582253735
FSM,FP.CPI.TOTL.ZG,2018,1.498400236
FSM,FP.CPI.TOTL.ZG,2019,1.923851708
FSM,FP.CPI.TOTL.ZG,2020,0.554594631
FSM,FP.CPI.TOTL.ZG,2021,3.191284066
FSM,FP.CPI.TOTL.ZG,2022,5.408743755
FSM,FP.CPI.TOTL.ZG,2023,
FSM,FP.CPI.TOTL.ZG,2024,
FSM,FP.CPI.TOTL.ZG,2025,
MDA,FP.CPI.TOTL.ZG,1960,
MDA,FP.CPI.TOTL.ZG,1961,
MDA,FP.CPI.TOTL.ZG,1962,
MDA,FP.CPI.TOTL.ZG,1963,
MDA,FP.CPI.TOTL.ZG,1964,
MDA,FP.CPI.TOTL.ZG,1965,
MDA,FP.CPI.TOTL.ZG,1966,
MDA,FP.CPI.TOTL.ZG,1967,
MDA,FP.CPI.TOTL.ZG,1968,
MDA,FP.CPI.TOTL.ZG,1969,
MDA,FP.CPI.TOTL.ZG,1970,
MDA,FP.CPI.TOTL.ZG,1971,
MDA,FP.CPI.TOTL.ZG,1972,
MDA,FP.CPI.TOTL.ZG,1973,
MDA,FP.CPI.TOTL.ZG,1974,
MDA,FP.CPI.TOTL.ZG,1975,
MDA,FP.CPI.TOTL.ZG,1976,
MDA,FP.CPI.TOTL.ZG,1977,
MDA,FP.CPI.TOTL.ZG,1978,
MDA,FP.CPI.TOTL.ZG,1979,
MDA,FP.CPI.TOTL.ZG,1980,
MDA,FP.CPI.TOTL.ZG,1981,
MDA,FP.CPI.TOTL.ZG,1982,
MDA,FP.CPI.TOTL.ZG,1983,
MDA,FP.CPI.TOTL.ZG,1984,
MDA,FP.CPI.TOTL.ZG,1985,
MDA,FP.CPI.TOTL.ZG,1986,
MDA,FP.CPI.TOTL.ZG,1987,
MDA,FP.CPI.TOTL.ZG,1988,
MDA,FP.CPI.TOTL.ZG,1989,
MDA,FP.CPI.TOTL.ZG,1990,
MDA,FP.CPI.TOTL.ZG,1991,
MDA,FP.CPI.TOTL.ZG,1992,1026.826264
MDA,FP.CPI.TOTL.ZG,1993,1613.603989
MDA,FP.CPI.TOTL.ZG,1994,486.4256238
MDA,FP.CPI.TOTL.ZG,1995,29.86561041
MDA,FP.CPI.TOTL.ZG,1996,23.5056773
MDA,FP.CPI.TOTL.ZG,1997,11.77283245
MDA,FP.CPI.TOTL.ZG,1998,7.695765175
MDA,FP.CPI.TOTL.ZG,1999,39.25598069
MDA,FP.CPI.TOTL.ZG,2000,31.29930158
MDA,FP.CPI.TOTL.ZG,2001,9.764662858
MDA,FP.CPI.TOTL.ZG,2002,5.301243903
MDA,FP.CPI.TOTL.ZG,2003,11.74607921
MDA,FP.CPI.TOTL.ZG,2004,12.52427684
MDA,FP.CPI.TOTL.ZG,2005,11.95918372
MDA,FP.CPI.TOTL.ZG,2006,12.77775578
MDA,FP.CPI.TOTL.ZG,2007,12.36716684
MDA,FP.CPI.TOTL.ZG,2008,12.78304726
MDA,FP.CPI.TOTL.ZG,2009,-0.062718597
MDA,FP.CPI.TOTL.ZG,2010,7.483850864
MDA,FP.CPI.TOTL.ZG,2011,7.687251034
MDA,FP.CPI.TOTL.ZG,2012,4.546334274
MDA,FP.CPI.TOTL.ZG,2013,4.597878974
MDA,FP.CPI.TOTL.ZG,2014,5.088785546
MDA,FP.CPI.TOTL.ZG,2015,9.676240331
MDA,FP.CPI.TOTL.ZG,2016,6.35930898
MDA,FP.CPI.TOTL.ZG,2017,6.570229975
MDA,FP.CPI.TOTL.ZG,2018,3.045053973
MDA,FP.CPI.TOTL.ZG,2019,4.837783514
MDA,FP.CPI.TOTL.ZG,2020,3.765971222
MDA,FP.CPI.TOTL.ZG,2021,5.10641129
MDA,FP.CPI.TOTL.ZG,2022,28.73729768
MDA,FP.CPI.TOTL.ZG,2023,13.41701044
MDA,FP.CPI.TOTL.ZG,2024,4.67773516
MDA,FP.CPI.TOTL.ZG,2025,7.75904124
MCO,FP.CPI.TOTL.ZG,1960,
MCO,FP.CPI.TOTL.ZG,1961,
MCO,FP.CPI.TOTL.ZG,1962,
MCO,FP.CPI.TOTL.ZG,1963,
MCO,FP.CPI.TOTL.ZG,1964,
MCO,FP.CPI.TOTL.ZG,1965,
MCO,FP.CPI.TOTL.ZG,1966,
MCO,FP.CPI.TOTL.ZG,1967,
MCO,FP.CPI.TOTL.ZG,1968,
MCO,FP.CPI.TOTL.ZG,1969,
MCO,FP.CPI.TOTL.ZG,1970,
MCO,FP.CPI.TOTL.ZG,1971,
MCO,FP.CPI.TOTL.ZG,1972,
MCO,FP.CPI.TOTL.ZG,1973,
MCO,FP.CPI.TOTL.ZG,1974,
MCO,FP.CPI.TOTL.ZG,1975,
MCO,FP.CPI.TOTL.ZG,1976,
MCO,FP.CPI.TOTL.ZG,1977,
MCO,FP.CPI.TOTL.ZG,1978,
MCO,FP.CPI.TOTL.ZG,1979,
MCO,FP.CPI.TOTL.ZG,1980,
MCO,FP.CPI.TOTL.ZG,1981,
MCO,FP.CPI.TOTL.ZG,1982,
MCO,FP.CPI.TOTL.ZG,1983,
MCO,FP.CPI.TOTL.ZG,1984,
MCO,FP.CPI.TOTL.ZG,1985,
MCO,FP.CPI.TOTL.ZG,1986,
MCO,FP.CPI.TOTL.ZG,1987,
MCO,FP.CPI.TOTL.ZG,1988,
MCO,FP.CPI.TOTL.ZG,1989,
MCO,FP.CPI.TOTL.ZG,1990,
MCO,FP.CPI.TOTL.ZG,1991,
MCO,FP.CPI.TOTL.ZG,1992,
MCO,FP.CPI.TOTL.ZG,1993,
MCO,FP.CPI.TOTL.ZG,1994,
MCO,FP.CPI.TOTL.ZG,1995,
MCO,FP.CPI.TOTL.ZG,1996,
MCO,FP.CPI.TOTL.ZG,1997,
MCO,FP.CPI.TOTL.ZG,1998,
MCO,FP.CPI.TOTL.ZG,1999,
MCO,FP.CPI.TOTL.ZG,2000,
MCO,FP.CPI.TOTL.ZG,2001,
MCO,FP.CPI.TOTL.ZG,2002,
MCO,FP.CPI.TOTL.ZG,2003,
MCO,FP.CPI.TOTL.ZG,2004,
MCO,FP.CPI.TOTL.ZG,2005,
MCO,FP.CPI.TOTL.ZG,2006,
MCO,FP.CPI.TOTL.ZG,2007,
MCO,FP.CPI.TOTL.ZG,2008,
MCO,FP.CPI.TOTL.ZG,2009,
MCO,FP.CPI.TOTL.ZG,2010,
MCO,FP.CPI.TOTL.ZG,2011,
MCO,FP.CPI.TOTL.ZG,2012,
MCO,FP.CPI.TOTL.ZG,2013,
MCO,FP.CPI.TOTL.ZG,2014,
MCO,FP.CPI.TOTL.ZG,2015,
MCO,FP.CPI.TOTL.ZG,2016,
MCO,FP.CPI.TOTL.ZG,2017,
MCO,FP.CPI.TOTL.ZG,2018,
MCO,FP.CPI.TOTL.ZG,2019,
MCO,FP.CPI.TOTL.ZG,2020,
MCO,FP.CPI.TOTL.ZG,2021,
MCO,FP.CPI.TOTL.ZG,2022,
MCO,FP.CPI.TOTL.ZG,2023,
MCO,FP.CPI.TOTL.ZG,2024,
MCO,FP.CPI.TOTL.ZG,2025,
MNG,FP.CPI.TOTL.ZG,1960,
MNG,FP.CPI.TOTL.ZG,1961,
MNG,FP.CPI.TOTL.ZG,1962,
MNG,FP.CPI.TOTL.ZG,1963,
MNG,FP.CPI.TOTL.ZG,1964,
MNG,FP.CPI.TOTL.ZG,1965,
MNG,FP.CPI.TOTL.ZG,1966,
MNG,FP.CPI.TOTL.ZG,1967,
MNG,FP.CPI.TOTL.ZG,1968,
MNG,FP.CPI.TOTL.ZG,1969,
MNG,FP.CPI.TOTL.ZG,1970,
MNG,FP.CPI.TOTL.ZG,1971,
MNG,FP.CPI.TOTL.ZG,1972,
MNG,FP.CPI.TOTL.ZG,1973,
MNG,FP.CPI.TOTL.ZG,1974,
MNG,FP.CPI.TOTL.ZG,1975,
MNG,FP.CPI.TOTL.ZG,1976,
MNG,FP.CPI.TOTL.ZG,1977,
MNG,FP.CPI.TOTL.ZG,1978,
MNG,FP.CPI.TOTL.ZG,1979,
MNG,FP.CPI.TOTL.ZG,1980,
MNG,FP.CPI.TOTL.ZG,1981,
MNG,FP.CPI.TOTL.ZG,1982,
MNG,FP.CPI.TOTL.ZG,1983,
MNG,FP.CPI.TOTL.ZG,1984,
MNG,FP.CPI.TOTL.ZG,1985,
MNG,FP.CPI.TOTL.ZG,1986,
MNG,FP.CPI.TOTL.ZG,1987,
MNG,FP.CPI.TOTL.ZG,1988,
MNG,FP.CPI.TOTL.ZG,1989,
MNG,FP.CPI.TOTL.ZG,1990,
MNG,FP.CPI.TOTL.ZG,1991,
MNG,FP.CPI.TOTL.ZG,1992,
MNG,FP.CPI.TOTL.ZG,1993,268.1504889
MNG,FP.CPI.TOTL.ZG,1994,87.58000933
MNG,FP.CPI.TOTL.ZG,1995,0.043516101
MNG,FP.CPI.TOTL.ZG,1996,46.88995215
MNG,FP.CPI.TOTL.ZG,1997,36.55611489
MNG,FP.CPI.TOTL.ZG,1998,9.357042177
MNG,FP.CPI.TOTL.ZG,1999,7.564941503
MNG,FP.CPI.TOTL.ZG,2000,11.59553876
MNG,FP.CPI.TOTL.ZG,2001,6.277360205
MNG,FP.CPI.TOTL.ZG,2002,0.917074687
MNG,FP.CPI.TOTL.ZG,2003,5.128994994
MNG,FP.CPI.TOTL.ZG,2004,8.241154494
MNG,FP.CPI.TOTL.ZG,2005,12.71656741
MNG,FP.CPI.TOTL.ZG,2006,5.095166617
MNG,FP.CPI.TOTL.ZG,2007,9.630963096
MNG,FP.CPI.TOTL.ZG,2008,27.95566502
MNG,FP.CPI.TOTL.ZG,2009,7.619505935
MNG,FP.CPI.TOTL.ZG,2010,10.04620659
MNG,FP.CPI.TOTL.ZG,2011,8.411214953
MNG,FP.CPI.TOTL.ZG,2012,14.33033483
MNG,FP.CPI.TOTL.ZG,2013,10.49065676
MNG,FP.CPI.TOTL.ZG,2014,12.25398081
MNG,FP.CPI.TOTL.ZG,2015,5.735682819
MNG,FP.CPI.TOTL.ZG,2016,0.733272227
MNG,FP.CPI.TOTL.ZG,2017,4.301431053
MNG,FP.CPI.TOTL.ZG,2018,6.824247901
MNG,FP.CPI.TOTL.ZG,2019,7.301069536
MNG,FP.CPI.TOTL.ZG,2020,3.723723061
MNG,FP.CPI.TOTL.ZG,2021,7.358946579
MNG,FP.CPI.TOTL.ZG,2022,15.15097282
MNG,FP.CPI.TOTL.ZG,2023,10.34758313
MNG,FP.CPI.TOTL.ZG,2024,6.197799017
MNG,FP.CPI.TOTL.ZG,2025,8.605364874
MNE,FP.CPI.TOTL.ZG,1960,
MNE,FP.CPI.TOTL.ZG,1961,
MNE,FP.CPI.TOTL.ZG,1962,
MNE,FP.CPI.TOTL.ZG,1963,
MNE,FP.CPI.TOTL.ZG,1964,
MNE,FP.CPI.TOTL.ZG,1965,
MNE,FP.CPI.TOTL.ZG,1966,
MNE,FP.CPI.TOTL.ZG,1967,
MNE,FP.CPI.TOTL.ZG,1968,
MNE,FP.CPI.TOTL.ZG,1969,
MNE,FP.CPI.TOTL.ZG,1970,
MNE,FP.CPI.TOTL.ZG,1971,
MNE,FP.CPI.TOTL.ZG,1972,
MNE,FP.CPI.TOTL.ZG,1973,
MNE,FP.CPI.TOTL.ZG,1974,
MNE,FP.CPI.TOTL.ZG,1975,
MNE,FP.CPI.TOTL.ZG,1976,
MNE,FP.CPI.TOTL.ZG,1977,
MNE,FP.CPI.TOTL.ZG,1978,
MNE,FP.CPI.TOTL.ZG,1979,
MNE,FP.CPI.TOTL.ZG,1980,
MNE,FP.CPI.TOTL.ZG,1981,
MNE,FP.CPI.TOTL.ZG,1982,
MNE,FP.CPI.TOTL.ZG,1983,
MNE,FP.CPI.TOTL.ZG,1984,
MNE,FP.CPI.TOTL.ZG,1985,
MNE,FP.CPI.TOTL.ZG,1986,
MNE,FP.CPI.TOTL.ZG,1987,
MNE,FP.CPI.TOTL.ZG,1988,
MNE,FP.CPI.TOTL.ZG,1989,
MNE,FP.CPI.TOTL.ZG,1990,
MNE,FP.CPI.TOTL.ZG,1991,
MNE,FP.CPI.TOTL.ZG,1992,
MNE,FP.CPI.TOTL.ZG,1993,
MNE,FP.CPI.TOTL.ZG,1994,
MNE,FP.CPI.TOTL.ZG,1995,
MNE,FP.CPI.TOTL.ZG,1996,
MNE,FP.CPI.TOTL.ZG,1997,
MNE,FP.CPI.TOTL.ZG,1998,
MNE,FP.CPI.TOTL.ZG,1999,
MNE,FP.CPI.TOTL.ZG,2000,
MNE,FP.CPI.TOTL.ZG,2001,
MNE,FP.CPI.TOTL.ZG,2002,
MNE,FP.CPI.TOTL.ZG,2003,
MNE,FP.CPI.TOTL.ZG,2004,
MNE,FP.CPI.TOTL.ZG,2005,
MNE,FP.CPI.TOTL.ZG,2006,2.924512581
MNE,FP.CPI.TOTL.ZG,2007,4.347122157
MNE,FP.CPI.TOTL.ZG,2008,8.758727696
MNE,FP.CPI.TOTL.ZG,2009,3.466723732
MNE,FP.CPI.TOTL.ZG,2010,0.65494657
MNE,FP.CPI.TOTL.ZG,2011,3.450143112
MNE,FP.CPI.TOTL.ZG,2012,4.14524725
MNE,FP.CPI.TOTL.ZG,2013,2.205892681
MNE,FP.CPI.TOTL.ZG,2014,-0.710514052
MNE,FP.CPI.TOTL.ZG,2015,1.548691582
MNE,FP.CPI.TOTL.ZG,2016,-0.271385023
MNE,FP.CPI.TOTL.ZG,2017,2.380235991
MNE,FP.CPI.TOTL.ZG,2018,2.611223783
MNE,FP.CPI.TOTL.ZG,2019,0.361563705
MNE,FP.CPI.TOTL.ZG,2020,-0.2556557
MNE,FP.CPI.TOTL.ZG,2021,2.410801984
MNE,FP.CPI.TOTL.ZG,2022,13.04030363
MNE,FP.CPI.TOTL.ZG,2023,8.584769105
MNE,FP.CPI.TOTL.ZG,2024,3.336750093
MNE,FP.CPI.TOTL.ZG,2025,3.899609107
MAR,FP.CPI.TOTL.ZG,1960,3.424299065
MAR,FP.CPI.TOTL.ZG,1961,1.763124605
MAR,FP.CPI.TOTL.ZG,1962,5.096729081
MAR,FP.CPI.TOTL.ZG,1963,5.699711687
MAR,FP.CPI.TOTL.ZG,1964,4.021541474
MAR,FP.CPI.TOTL.ZG,1965,3.48282122
MAR,FP.CPI.TOTL.ZG,1966,-1.013579365
MAR,FP.CPI.TOTL.ZG,1967,-0.748276994
MAR,FP.CPI.TOTL.ZG,1968,0.436479069
MAR,FP.CPI.TOTL.ZG,1969,2.949891354
MAR,FP.CPI.TOTL.ZG,1970,1.279181324
MAR,FP.CPI.TOTL.ZG,1971,4.155352068
MAR,FP.CPI.TOTL.ZG,1972,3.759170557
MAR,FP.CPI.TOTL.ZG,1973,4.084614036
MAR,FP.CPI.TOTL.ZG,1974,17.55682275
MAR,FP.CPI.TOTL.ZG,1975,7.918289267
MAR,FP.CPI.TOTL.ZG,1976,8.502152443
MAR,FP.CPI.TOTL.ZG,1977,12.59700099
MAR,FP.CPI.TOTL.ZG,1978,9.71603275
MAR,FP.CPI.TOTL.ZG,1979,8.331365418
MAR,FP.CPI.TOTL.ZG,1980,9.408379474
MAR,FP.CPI.TOTL.ZG,1981,12.49252839
MAR,FP.CPI.TOTL.ZG,1982,10.5278073
MAR,FP.CPI.TOTL.ZG,1983,6.207935389
MAR,FP.CPI.TOTL.ZG,1984,12.44756933
MAR,FP.CPI.TOTL.ZG,1985,7.728638901
MAR,FP.CPI.TOTL.ZG,1986,8.733559187
MAR,FP.CPI.TOTL.ZG,1987,2.698739977
MAR,FP.CPI.TOTL.ZG,1988,2.369055055
MAR,FP.CPI.TOTL.ZG,1989,3.259969492
MAR,FP.CPI.TOTL.ZG,1990,6.782594015
MAR,FP.CPI.TOTL.ZG,1991,7.986166008
MAR,FP.CPI.TOTL.ZG,1992,5.740246629
MAR,FP.CPI.TOTL.ZG,1993,5.18311396
MAR,FP.CPI.TOTL.ZG,1994,5.14167153
MAR,FP.CPI.TOTL.ZG,1995,6.123581648
MAR,FP.CPI.TOTL.ZG,1996,2.986809228
MAR,FP.CPI.TOTL.ZG,1997,1.038198951
MAR,FP.CPI.TOTL.ZG,1998,2.753113308
MAR,FP.CPI.TOTL.ZG,1999,0.684782609
MAR,FP.CPI.TOTL.ZG,2000,1.894634568
MAR,FP.CPI.TOTL.ZG,2001,0.619801875
MAR,FP.CPI.TOTL.ZG,2002,2.795619669
MAR,FP.CPI.TOTL.ZG,2003,1.167733675
MAR,FP.CPI.TOTL.ZG,2004,1.493444034
MAR,FP.CPI.TOTL.ZG,2005,0.98264166
MAR,FP.CPI.TOTL.ZG,2006,3.28476167
MAR,FP.CPI.TOTL.ZG,2007,2.042085127
MAR,FP.CPI.TOTL.ZG,2008,3.714843115
MAR,FP.CPI.TOTL.ZG,2009,0.971862999
MAR,FP.CPI.TOTL.ZG,2010,0.993557401
MAR,FP.CPI.TOTL.ZG,2011,0.90692491
MAR,FP.CPI.TOTL.ZG,2012,1.287122401
MAR,FP.CPI.TOTL.ZG,2013,1.880654667
MAR,FP.CPI.TOTL.ZG,2014,0.442310054
MAR,FP.CPI.TOTL.ZG,2015,1.557907113
MAR,FP.CPI.TOTL.ZG,2016,1.635311143
MAR,FP.CPI.TOTL.ZG,2017,0.754663249
MAR,FP.CPI.TOTL.ZG,2018,1.803916711
MAR,FP.CPI.TOTL.ZG,2019,0.303386037
MAR,FP.CPI.TOTL.ZG,2020,0.705968661
MAR,FP.CPI.TOTL.ZG,2021,1.40195884
MAR,FP.CPI.TOTL.ZG,2022,6.657042028
MAR,FP.CPI.TOTL.ZG,2023,6.091141525
MAR,FP.CPI.TOTL.ZG,2024,0.985256592
MAR,FP.CPI.TOTL.ZG,2025,0.701902155
MOZ,FP.CPI.TOTL.ZG,1960,
MOZ,FP.CPI.TOTL.ZG,1961,
MOZ,FP.CPI.TOTL.ZG,1962,
MOZ,FP.CPI.TOTL.ZG,1963,
MOZ,FP.CPI.TOTL.ZG,1964,
MOZ,FP.CPI.TOTL.ZG,1965,
MOZ,FP.CPI.TOTL.ZG,1966,
MOZ,FP.CPI.TOTL.ZG,1967,
MOZ,FP.CPI.TOTL.ZG,1968,
MOZ,FP.CPI.TOTL.ZG,1969,
MOZ,FP.CPI.TOTL.ZG,1970,
MOZ,FP.CPI.TOTL.ZG,1971,
MOZ,FP.CPI.TOTL.ZG,1972,
MOZ,FP.CPI.TOTL.ZG,1973,
MOZ,FP.CPI.TOTL.ZG,1974,
MOZ,FP.CPI.TOTL.ZG,1975,
MOZ,FP.CPI.TOTL.ZG,1976,
MOZ,FP.CPI.TOTL.ZG,1977,
MOZ,FP.CPI.TOTL.ZG,1978,
MOZ,FP.CPI.TOTL.ZG,1979,
MOZ,FP.CPI.TOTL.ZG,1980,
MOZ,FP.CPI.TOTL.ZG,1981,
MOZ,FP.CPI.TOTL.ZG,1982,
MOZ,FP.CPI.TOTL.ZG,1983,
MOZ,FP.CPI.TOTL.ZG,1984,
MOZ,FP.CPI.TOTL.ZG,1985,
MOZ,FP.CPI.TOTL.ZG,1986,
MOZ,FP.CPI.TOTL.ZG,1987,
MOZ,FP.CPI.TOTL.ZG,1988,
MOZ,FP.CPI.TOTL.ZG,1989,
MOZ,FP.CPI.TOTL.ZG,1990,
MOZ,FP.CPI.TOTL.ZG,1991,
MOZ,FP.CPI.TOTL.ZG,1992,
MOZ,FP.CPI.TOTL.ZG,1993,
MOZ,FP.CPI.TOTL.ZG,1994,
MOZ,FP.CPI.TOTL.ZG,1995,
MOZ,FP.CPI.TOTL.ZG,1996,
MOZ,FP.CPI.TOTL.ZG,1997,
MOZ,FP.CPI.TOTL.ZG,1998,
MOZ,FP.CPI.TOTL.ZG,1999,
MOZ,FP.CPI.TOTL.ZG,2000,
MOZ,FP.CPI.TOTL.ZG,2001,
MOZ,FP.CPI.TOTL.ZG,2002,
MOZ,FP.CPI.TOTL.ZG,2003,
MOZ,FP.CPI.TOTL.ZG,2004,
MOZ,FP.CPI.TOTL.ZG,2005,6.427552781
MOZ,FP.CPI.TOTL.ZG,2006,13.24508791
MOZ,FP.CPI.TOTL.ZG,2007,8.489486755
MOZ,FP.CPI.TOTL.ZG,2008,14.5028053
MOZ,FP.CPI.TOTL.ZG,2009,3.788613309
MOZ,FP.CPI.TOTL.ZG,2010,12.42554217
MOZ,FP.CPI.TOTL.ZG,2011,11.16660561
MOZ,FP.CPI.TOTL.ZG,2012,2.60245457
MOZ,FP.CPI.TOTL.ZG,2013,4.261352509
MOZ,FP.CPI.TOTL.ZG,2014,2.559748758
MOZ,FP.CPI.TOTL.ZG,2015,3.550759674
MOZ,FP.CPI.TOTL.ZG,2016,17.41804182
MOZ,FP.CPI.TOTL.ZG,2017,15.11320739
MOZ,FP.CPI.TOTL.ZG,2018,3.9113344
MOZ,FP.CPI.TOTL.ZG,2019,2.802703079
MOZ,FP.CPI.TOTL.ZG,2020,3.483935675
MOZ,FP.CPI.TOTL.ZG,2021,6.40847653
MOZ,FP.CPI.TOTL.ZG,2022,10.27940181
MOZ,FP.CPI.TOTL.ZG,2023,7.126974821
MOZ,FP.CPI.TOTL.ZG,2024,4.078568348
MOZ,FP.CPI.TOTL.ZG,2025,4.368469501
MMR,FP.CPI.TOTL.ZG,1960,7.389937107
MMR,FP.CPI.TOTL.ZG,1961,-0.146412883
MMR,FP.CPI.TOTL.ZG,1962,-1.612903227
MMR,FP.CPI.TOTL.ZG,1963,-2.682563338
MMR,FP.CPI.TOTL.ZG,1964,-0.459418069
MMR,FP.CPI.TOTL.ZG,1965,17.69230769
MMR,FP.CPI.TOTL.ZG,1966,25.49019608
MMR,FP.CPI.TOTL.ZG,1967,0.833333332
MMR,FP.CPI.TOTL.ZG,1968,2.376033058
MMR,FP.CPI.TOTL.ZG,1969,-4.339051463
MMR,FP.CPI.TOTL.ZG,1970,-4.008438818
MMR,FP.CPI.TOTL.ZG,1971,2.087912088
MMR,FP.CPI.TOTL.ZG,1972,7.64262648
MMR,FP.CPI.TOTL.ZG,1973,25.2
MMR,FP.CPI.TOTL.ZG,1974,25.21166134
MMR,FP.CPI.TOTL.ZG,1975,31.65566293
MMR,FP.CPI.TOTL.ZG,1976,22.3844017
MMR,FP.CPI.TOTL.ZG,1977,-1.156687243
MMR,FP.CPI.TOTL.ZG,1978,-6.044706126
MMR,FP.CPI.TOTL.ZG,1979,5.672295029
MMR,FP.CPI.TOTL.ZG,1980,0.608153084
MMR,FP.CPI.TOTL.ZG,1981,0.318444733
MMR,FP.CPI.TOTL.ZG,1982,5.304740405
MMR,FP.CPI.TOTL.ZG,1983,5.650083363
MMR,FP.CPI.TOTL.ZG,1984,4.846311548
MMR,FP.CPI.TOTL.ZG,1985,6.807566558
MMR,FP.CPI.TOTL.ZG,1986,9.3254619
MMR,FP.CPI.TOTL.ZG,1987,24.76
MMR,FP.CPI.TOTL.ZG,1988,16.04280218
MMR,FP.CPI.TOTL.ZG,1989,27.19852645
MMR,FP.CPI.TOTL.ZG,1990,17.62677503
MMR,FP.CPI.TOTL.ZG,1991,32.27203829
MMR,FP.CPI.TOTL.ZG,1992,21.9132104
MMR,FP.CPI.TOTL.ZG,1993,31.83160687
MMR,FP.CPI.TOTL.ZG,1994,24.09878608
MMR,FP.CPI.TOTL.ZG,1995,25.1947124
MMR,FP.CPI.TOTL.ZG,1996,16.27539664
MMR,FP.CPI.TOTL.ZG,1997,29.69723258
MMR,FP.CPI.TOTL.ZG,1998,51.48754975
MMR,FP.CPI.TOTL.ZG,1999,18.40104337
MMR,FP.CPI.TOTL.ZG,2000,-0.109165515
MMR,FP.CPI.TOTL.ZG,2001,21.10130538
MMR,FP.CPI.TOTL.ZG,2002,57.07451126
MMR,FP.CPI.TOTL.ZG,2003,36.58971753
MMR,FP.CPI.TOTL.ZG,2004,4.534213741
MMR,FP.CPI.TOTL.ZG,2005,9.368618142
MMR,FP.CPI.TOTL.ZG,2006,19.99648734
MMR,FP.CPI.TOTL.ZG,2007,35.02459707
MMR,FP.CPI.TOTL.ZG,2008,26.79953719
MMR,FP.CPI.TOTL.ZG,2009,1.472343114
MMR,FP.CPI.TOTL.ZG,2010,7.718381959
MMR,FP.CPI.TOTL.ZG,2011,5.021460146
MMR,FP.CPI.TOTL.ZG,2012,1.467583227
MMR,FP.CPI.TOTL.ZG,2013,5.643038834
MMR,FP.CPI.TOTL.ZG,2014,4.953299185
MMR,FP.CPI.TOTL.ZG,2015,9.454171895
MMR,FP.CPI.TOTL.ZG,2016,6.928825258
MMR,FP.CPI.TOTL.ZG,2017,4.572536553
MMR,FP.CPI.TOTL.ZG,2018,6.872328657
MMR,FP.CPI.TOTL.ZG,2019,8.825066968
MMR,FP.CPI.TOTL.ZG,2020,
MMR,FP.CPI.TOTL.ZG,2021,
MMR,FP.CPI.TOTL.ZG,2022,
MMR,FP.CPI.TOTL.ZG,2023,
MMR,FP.CPI.TOTL.ZG,2024,
MMR,FP.CPI.TOTL.ZG,2025,
NAM,FP.CPI.TOTL.ZG,1960,
NAM,FP.CPI.TOTL.ZG,1961,
NAM,FP.CPI.TOTL.ZG,1962,
NAM,FP.CPI.TOTL.ZG,1963,
NAM,FP.CPI.TOTL.ZG,1964,
NAM,FP.CPI.TOTL.ZG,1965,
NAM,FP.CPI.TOTL.ZG,1966,
NAM,FP.CPI.TOTL.ZG,1967,
NAM,FP.CPI.TOTL.ZG,1968,
NAM,FP.CPI.TOTL.ZG,1969,
NAM,FP.CPI.TOTL.ZG,1970,
NAM,FP.CPI.TOTL.ZG,1971,
NAM,FP.CPI.TOTL.ZG,1972,
NAM,FP.CPI.TOTL.ZG,1973,
NAM,FP.CPI.TOTL.ZG,1974,
NAM,FP.CPI.TOTL.ZG,1975,
NAM,FP.CPI.TOTL.ZG,1976,
NAM,FP.CPI.TOTL.ZG,1977,
NAM,FP.CPI.TOTL.ZG,1978,
NAM,FP.CPI.TOTL.ZG,1979,
NAM,FP.CPI.TOTL.ZG,1980,
NAM,FP.CPI.TOTL.ZG,1981,
NAM,FP.CPI.TOTL.ZG,1982,
NAM,FP.CPI.TOTL.ZG,1983,
NAM,FP.CPI.TOTL.ZG,1984,
NAM,FP.CPI.TOTL.ZG,1985,
NAM,FP.CPI.TOTL.ZG,1986,
NAM,FP.CPI.TOTL.ZG,1987,
NAM,FP.CPI.TOTL.ZG,1988,
NAM,FP.CPI.TOTL.ZG,1989,
NAM,FP.CPI.TOTL.ZG,1990,
NAM,FP.CPI.TOTL.ZG,1991,
NAM,FP.CPI.TOTL.ZG,1992,
NAM,FP.CPI.TOTL.ZG,1993,
NAM,FP.CPI.TOTL.ZG,1994,
NAM,FP.CPI.TOTL.ZG,1995,
NAM,FP.CPI.TOTL.ZG,1996,
NAM,FP.CPI.TOTL.ZG,1997,
NAM,FP.CPI.TOTL.ZG,1998,
NAM,FP.CPI.TOTL.ZG,1999,
NAM,FP.CPI.TOTL.ZG,2000,
NAM,FP.CPI.TOTL.ZG,2001,
NAM,FP.CPI.TOTL.ZG,2002,
NAM,FP.CPI.TOTL.ZG,2003,7.136153115
NAM,FP.CPI.TOTL.ZG,2004,4.136632131
NAM,FP.CPI.TOTL.ZG,2005,2.28194607
NAM,FP.CPI.TOTL.ZG,2006,4.961166893
NAM,FP.CPI.TOTL.ZG,2007,6.547881411
NAM,FP.CPI.TOTL.ZG,2008,9.094643072
NAM,FP.CPI.TOTL.ZG,2009,9.451726515
NAM,FP.CPI.TOTL.ZG,2010,4.874919876
NAM,FP.CPI.TOTL.ZG,2011,5.005595181
NAM,FP.CPI.TOTL.ZG,2012,6.721997773
NAM,FP.CPI.TOTL.ZG,2013,5.600925023
NAM,FP.CPI.TOTL.ZG,2014,5.350169669
NAM,FP.CPI.TOTL.ZG,2015,3.394015384
NAM,FP.CPI.TOTL.ZG,2016,6.728582346
NAM,FP.CPI.TOTL.ZG,2017,6.145799811
NAM,FP.CPI.TOTL.ZG,2018,4.291591053
NAM,FP.CPI.TOTL.ZG,2019,3.722394144
NAM,FP.CPI.TOTL.ZG,2020,2.209382369
NAM,FP.CPI.TOTL.ZG,2021,3.616905301
NAM,FP.CPI.TOTL.ZG,2022,6.081281141
NAM,FP.CPI.TOTL.ZG,2023,5.879934633
NAM,FP.CPI.TOTL.ZG,2024,4.239039229
NAM,FP.CPI.TOTL.ZG,2025,3.510745396
NRU,FP.CPI.TOTL.ZG,1960,
NRU,FP.CPI.TOTL.ZG,1961,
NRU,FP.CPI.TOTL.ZG,1962,
NRU,FP.CPI.TOTL.ZG,1963,
NRU,FP.CPI.TOTL.ZG,1964,
NRU,FP.CPI.TOTL.ZG,1965,
NRU,FP.CPI.TOTL.ZG,1966,
NRU,FP.CPI.TOTL.ZG,1967,
NRU,FP.CPI.TOTL.ZG,1968,
NRU,FP.CPI.TOTL.ZG,1969,
NRU,FP.CPI.TOTL.ZG,1970,
NRU,FP.CPI.TOTL.ZG,1971,
NRU,FP.CPI.TOTL.ZG,1972,
NRU,FP.CPI.TOTL.ZG,1973,
NRU,FP.CPI.TOTL.ZG,1974,
NRU,FP.CPI.TOTL.ZG,1975,
NRU,FP.CPI.TOTL.ZG,1976,
NRU,FP.CPI.TOTL.ZG,1977,
NRU,FP.CPI.TOTL.ZG,1978,
NRU,FP.CPI.TOTL.ZG,1979,
NRU,FP.CPI.TOTL.ZG,1980,
NRU,FP.CPI.TOTL.ZG,1981,
NRU,FP.CPI.TOTL.ZG,1982,
NRU,FP.CPI.TOTL.ZG,1983,
NRU,FP.CPI.TOTL.ZG,1984,
NRU,FP.CPI.TOTL.ZG,1985,
NRU,FP.CPI.TOTL.ZG,1986,
NRU,FP.CPI.TOTL.ZG,1987,
NRU,FP.CPI.TOTL.ZG,1988,
NRU,FP.CPI.TOTL.ZG,1989,
NRU,FP.CPI.TOTL.ZG,1990,
NRU,FP.CPI.TOTL.ZG,1991,
NRU,FP.CPI.TOTL.ZG,1992,
NRU,FP.CPI.TOTL.ZG,1993,
NRU,FP.CPI.TOTL.ZG,1994,
NRU,FP.CPI.TOTL.ZG,1995,
NRU,FP.CPI.TOTL.ZG,1996,
NRU,FP.CPI.TOTL.ZG,1997,
NRU,FP.CPI.TOTL.ZG,1998,
NRU,FP.CPI.TOTL.ZG,1999,
NRU,FP.CPI.TOTL.ZG,2000,
NRU,FP.CPI.TOTL.ZG,2001,
NRU,FP.CPI.TOTL.ZG,2002,
NRU,FP.CPI.TOTL.ZG,2003,
NRU,FP.CPI.TOTL.ZG,2004,
NRU,FP.CPI.TOTL.ZG,2005,
NRU,FP.CPI.TOTL.ZG,2006,
NRU,FP.CPI.TOTL.ZG,2007,
NRU,FP.CPI.TOTL.ZG,2008,
NRU,FP.CPI.TOTL.ZG,2009,
NRU,FP.CPI.TOTL.ZG,2010,
NRU,FP.CPI.TOTL.ZG,2011,0.3003003
NRU,FP.CPI.TOTL.ZG,2012,-0.124750499
NRU,FP.CPI.TOTL.ZG,2013,
NRU,FP.CPI.TOTL.ZG,2014,
NRU,FP.CPI.TOTL.ZG,2015,
NRU,FP.CPI.TOTL.ZG,2016,
NRU,FP.CPI.TOTL.ZG,2017,
NRU,FP.CPI.TOTL.ZG,2018,
NRU,FP.CPI.TOTL.ZG,2019,
NRU,FP.CPI.TOTL.ZG,2020,
NRU,FP.CPI.TOTL.ZG,2021,
NRU,FP.CPI.TOTL.ZG,2022,
NRU,FP.CPI.TOTL.ZG,2023,
NRU,FP.CPI.TOTL.ZG,2024,
NRU,FP.CPI.TOTL.ZG,2025,
NPL,FP.CPI.TOTL.ZG,1960,
NPL,FP.CPI.TOTL.ZG,1961,
NPL,FP.CPI.TOTL.ZG,1962,
NPL,FP.CPI.TOTL.ZG,1963,
NPL,FP.CPI.TOTL.ZG,1964,
NPL,FP.CPI.TOTL.ZG,1965,8.471869328
NPL,FP.CPI.TOTL.ZG,1966,14.38897069
NPL,FP.CPI.TOTL.ZG,1967,-2.808331383
NPL,FP.CPI.TOTL.ZG,1968,1.179869974
NPL,FP.CPI.TOTL.ZG,1969,4.057591623
NPL,FP.CPI.TOTL.ZG,1970,15.23727845
NPL,FP.CPI.TOTL.ZG,1971,-1.999503845
NPL,FP.CPI.TOTL.ZG,1972,8.389023896
NPL,FP.CPI.TOTL.ZG,1973,11.42977253
NPL,FP.CPI.TOTL.ZG,1974,19.80633803
NPL,FP.CPI.TOTL.ZG,1975,7.585985214
NPL,FP.CPI.TOTL.ZG,1976,-3.113235733
NPL,FP.CPI.TOTL.ZG,1977,9.898852843
NPL,FP.CPI.TOTL.ZG,1978,7.346091251
NPL,FP.CPI.TOTL.ZG,1979,3.565453785
NPL,FP.CPI.TOTL.ZG,1980,14.68450278
NPL,FP.CPI.TOTL.ZG,1981,11.14485673
NPL,FP.CPI.TOTL.ZG,1982,11.69854659
NPL,FP.CPI.TOTL.ZG,1983,12.37723808
NPL,FP.CPI.TOTL.ZG,1984,2.845784957
NPL,FP.CPI.TOTL.ZG,1985,8.052641266
NPL,FP.CPI.TOTL.ZG,1986,18.99894955
NPL,FP.CPI.TOTL.ZG,1987,10.75032804
NPL,FP.CPI.TOTL.ZG,1988,8.983003382
NPL,FP.CPI.TOTL.ZG,1989,8.846886912
NPL,FP.CPI.TOTL.ZG,1990,8.239700375
NPL,FP.CPI.TOTL.ZG,1991,15.55745293
NPL,FP.CPI.TOTL.ZG,1992,17.14952362
NPL,FP.CPI.TOTL.ZG,1993,7.505394191
NPL,FP.CPI.TOTL.ZG,1994,8.349286729
NPL,FP.CPI.TOTL.ZG,1995,7.622969507
NPL,FP.CPI.TOTL.ZG,1996,9.220466624
NPL,FP.CPI.TOTL.ZG,1997,4.009988605
NPL,FP.CPI.TOTL.ZG,1998,11.24446778
NPL,FP.CPI.TOTL.ZG,1999,7.45111261
NPL,FP.CPI.TOTL.ZG,2000,2.478820207
NPL,FP.CPI.TOTL.ZG,2001,2.688303735
NPL,FP.CPI.TOTL.ZG,2002,3.029399487
NPL,FP.CPI.TOTL.ZG,2003,5.707009319
NPL,FP.CPI.TOTL.ZG,2004,2.841811312
NPL,FP.CPI.TOTL.ZG,2005,6.836332659
NPL,FP.CPI.TOTL.ZG,2006,6.920335807
NPL,FP.CPI.TOTL.ZG,2007,2.269219244
NPL,FP.CPI.TOTL.ZG,2008,9.907830053
NPL,FP.CPI.TOTL.ZG,2009,11.09482374
NPL,FP.CPI.TOTL.ZG,2010,9.326504107
NPL,FP.CPI.TOTL.ZG,2011,9.227075461
NPL,FP.CPI.TOTL.ZG,2012,9.459809804
NPL,FP.CPI.TOTL.ZG,2013,9.040163119
NPL,FP.CPI.TOTL.ZG,2014,8.364154697
NPL,FP.CPI.TOTL.ZG,2015,7.868908956
NPL,FP.CPI.TOTL.ZG,2016,8.79034332
NPL,FP.CPI.TOTL.ZG,2017,2.777039983
NPL,FP.CPI.TOTL.ZG,2018,4.406594102
NPL,FP.CPI.TOTL.ZG,2019,5.566160352
NPL,FP.CPI.TOTL.ZG,2020,5.056358262
NPL,FP.CPI.TOTL.ZG,2021,4.126767444
NPL,FP.CPI.TOTL.ZG,2022,7.670205794
NPL,FP.CPI.TOTL.ZG,2023,7.115872615
NPL,FP.CPI.TOTL.ZG,2024,4.685096543
NPL,FP.CPI.TOTL.ZG,2025,2.653342698
NLD,FP.CPI.TOTL.ZG,1960,2.323943662
NLD,FP.CPI.TOTL.ZG,1961,1.307639367
NLD,FP.CPI.TOTL.ZG,1962,2.4311452
NLD,FP.CPI.TOTL.ZG,1963,3.243659328
NLD,FP.CPI.TOTL.ZG,1964,5.823766469
NLD,FP.CPI.TOTL.ZG,1965,3.908026394
NLD,FP.CPI.TOTL.ZG,1966,5.762146554
NLD,FP.CPI.TOTL.ZG,1967,3.455320053
NLD,FP.CPI.TOTL.ZG,1968,3.720791771
NLD,FP.CPI.TOTL.ZG,1969,7.421797364
NLD,FP.CPI.TOTL.ZG,1970,3.668918202
NLD,FP.CPI.TOTL.ZG,1971,7.477692552
NLD,FP.CPI.TOTL.ZG,1972,7.802791435
NLD,FP.CPI.TOTL.ZG,1973,8.02220375
NLD,FP.CPI.TOTL.ZG,1974,9.591424843
NLD,FP.CPI.TOTL.ZG,1975,10.21748053
NLD,FP.CPI.TOTL.ZG,1976,8.830643559
NLD,FP.CPI.TOTL.ZG,1977,6.39930319
NLD,FP.CPI.TOTL.ZG,1978,4.112013169
NLD,FP.CPI.TOTL.ZG,1979,4.199292962
NLD,FP.CPI.TOTL.ZG,1980,6.513456863
NLD,FP.CPI.TOTL.ZG,1981,6.738929551
NLD,FP.CPI.TOTL.ZG,1982,5.91109324
NLD,FP.CPI.TOTL.ZG,1983,2.740842825
NLD,FP.CPI.TOTL.ZG,1984,3.30163842
NLD,FP.CPI.TOTL.ZG,1985,2.258584013
NLD,FP.CPI.TOTL.ZG,1986,0.083347949
NLD,FP.CPI.TOTL.ZG,1987,-0.691203091
NLD,FP.CPI.TOTL.ZG,1988,0.737943046
NLD,FP.CPI.TOTL.ZG,1989,1.082160156
NLD,FP.CPI.TOTL.ZG,1990,2.454089859
NLD,FP.CPI.TOTL.ZG,1991,3.158197519
NLD,FP.CPI.TOTL.ZG,1992,3.183585695
NLD,FP.CPI.TOTL.ZG,1993,2.584181156
NLD,FP.CPI.TOTL.ZG,1994,2.801526937
NLD,FP.CPI.TOTL.ZG,1995,1.923224572
NLD,FP.CPI.TOTL.ZG,1996,2.113787871
NLD,FP.CPI.TOTL.ZG,1997,2.109245627
NLD,FP.CPI.TOTL.ZG,1998,1.959136323
NLD,FP.CPI.TOTL.ZG,1999,2.157179181
NLD,FP.CPI.TOTL.ZG,2000,2.360522338
NLD,FP.CPI.TOTL.ZG,2001,4.155841272
NLD,FP.CPI.TOTL.ZG,2002,3.287531047
NLD,FP.CPI.TOTL.ZG,2003,2.09199839
NLD,FP.CPI.TOTL.ZG,2004,1.263647392
NLD,FP.CPI.TOTL.ZG,2005,1.688130179
NLD,FP.CPI.TOTL.ZG,2006,1.101501065
NLD,FP.CPI.TOTL.ZG,2007,1.613858598
NLD,FP.CPI.TOTL.ZG,2008,2.486501983
NLD,FP.CPI.TOTL.ZG,2009,1.18977687
NLD,FP.CPI.TOTL.ZG,2010,1.275305696
NLD,FP.CPI.TOTL.ZG,2011,2.341070178
NLD,FP.CPI.TOTL.ZG,2012,2.455547653
NLD,FP.CPI.TOTL.ZG,2013,2.506898527
NLD,FP.CPI.TOTL.ZG,2014,0.97603508
NLD,FP.CPI.TOTL.ZG,2015,0.600248147
NLD,FP.CPI.TOTL.ZG,2016,0.316666667
NLD,FP.CPI.TOTL.ZG,2017,1.381458714
NLD,FP.CPI.TOTL.ZG,2018,1.703497947
NLD,FP.CPI.TOTL.ZG,2019,2.633699102
NLD,FP.CPI.TOTL.ZG,2020,1.272460378
NLD,FP.CPI.TOTL.ZG,2021,2.675720088
NLD,FP.CPI.TOTL.ZG,2022,10.00120788
NLD,FP.CPI.TOTL.ZG,2023,3.838393543
NLD,FP.CPI.TOTL.ZG,2024,3.347543042
NLD,FP.CPI.TOTL.ZG,2025,3.259576645
NCL,FP.CPI.TOTL.ZG,1960,
NCL,FP.CPI.TOTL.ZG,1961,
NCL,FP.CPI.TOTL.ZG,1962,
NCL,FP.CPI.TOTL.ZG,1963,
NCL,FP.CPI.TOTL.ZG,1964,
NCL,FP.CPI.TOTL.ZG,1965,
NCL,FP.CPI.TOTL.ZG,1966,
NCL,FP.CPI.TOTL.ZG,1967,
NCL,FP.CPI.TOTL.ZG,1968,
NCL,FP.CPI.TOTL.ZG,1969,
NCL,FP.CPI.TOTL.ZG,1970,
NCL,FP.CPI.TOTL.ZG,1971,
NCL,FP.CPI.TOTL.ZG,1972,
NCL,FP.CPI.TOTL.ZG,1973,
NCL,FP.CPI.TOTL.ZG,1974,
NCL,FP.CPI.TOTL.ZG,1975,
NCL,FP.CPI.TOTL.ZG,1976,
NCL,FP.CPI.TOTL.ZG,1977,
NCL,FP.CPI.TOTL.ZG,1978,
NCL,FP.CPI.TOTL.ZG,1979,
NCL,FP.CPI.TOTL.ZG,1980,
NCL,FP.CPI.TOTL.ZG,1981,
NCL,FP.CPI.TOTL.ZG,1982,
NCL,FP.CPI.TOTL.ZG,1983,
NCL,FP.CPI.TOTL.ZG,1984,
NCL,FP.CPI.TOTL.ZG,1985,
NCL,FP.CPI.TOTL.ZG,1986,
NCL,FP.CPI.TOTL.ZG,1987,
NCL,FP.CPI.TOTL.ZG,1988,
NCL,FP.CPI.TOTL.ZG,1989,
NCL,FP.CPI.TOTL.ZG,1990,
NCL,FP.CPI.TOTL.ZG,1991,
NCL,FP.CPI.TOTL.ZG,1992,
NCL,FP.CPI.TOTL.ZG,1993,
NCL,FP.CPI.TOTL.ZG,1994,
NCL,FP.CPI.TOTL.ZG,1995,
NCL,FP.CPI.TOTL.ZG,1996,
NCL,FP.CPI.TOTL.ZG,1997,
NCL,FP.CPI.TOTL.ZG,1998,
NCL,FP.CPI.TOTL.ZG,1999,
NCL,FP.CPI.TOTL.ZG,2000,
NCL,FP.CPI.TOTL.ZG,2001,
NCL,FP.CPI.TOTL.ZG,2002,
NCL,FP.CPI.TOTL.ZG,2003,
NCL,FP.CPI.TOTL.ZG,2004,
NCL,FP.CPI.TOTL.ZG,2005,
NCL,FP.CPI.TOTL.ZG,2006,
NCL,FP.CPI.TOTL.ZG,2007,
NCL,FP.CPI.TOTL.ZG,2008,
NCL,FP.CPI.TOTL.ZG,2009,
NCL,FP.CPI.TOTL.ZG,2010,
NCL,FP.CPI.TOTL.ZG,2011,2.428996938
NCL,FP.CPI.TOTL.ZG,2012,1.749672346
NCL,FP.CPI.TOTL.ZG,2013,1.27761319
NCL,FP.CPI.TOTL.ZG,2014,0.178851061
NCL,FP.CPI.TOTL.ZG,2015,0.570508141
NCL,FP.CPI.TOTL.ZG,2016,0.578317436
NCL,FP.CPI.TOTL.ZG,2017,
NCL,FP.CPI.TOTL.ZG,2018,
NCL,FP.CPI.TOTL.ZG,2019,
NCL,FP.CPI.TOTL.ZG,2020,
NCL,FP.CPI.TOTL.ZG,2021,
NCL,FP.CPI.TOTL.ZG,2022,
NCL,FP.CPI.TOTL.ZG,2023,
NCL,FP.CPI.TOTL.ZG,2024,
NCL,FP.CPI.TOTL.ZG,2025,
NZL,FP.CPI.TOTL.ZG,1960,0.697929234
NZL,FP.CPI.TOTL.ZG,1961,1.79770429
NZL,FP.CPI.TOTL.ZG,1962,2.68085397
NZL,FP.CPI.TOTL.ZG,1963,1.968498504
NZL,FP.CPI.TOTL.ZG,1964,3.474905477
NZL,FP.CPI.TOTL.ZG,1965,3.397489756
NZL,FP.CPI.TOTL.ZG,1966,2.755480775
NZL,FP.CPI.TOTL.ZG,1967,6.056920063
NZL,FP.CPI.TOTL.ZG,1968,4.311924966
NZL,FP.CPI.TOTL.ZG,1969,4.925242427
NZL,FP.CPI.TOTL.ZG,1970,6.517181052
NZL,FP.CPI.TOTL.ZG,1971,10.38756832
NZL,FP.CPI.TOTL.ZG,1972,6.932804592
NZL,FP.CPI.TOTL.ZG,1973,8.166669273
NZL,FP.CPI.TOTL.ZG,1974,11.10940201
NZL,FP.CPI.TOTL.ZG,1975,14.68498347
NZL,FP.CPI.TOTL.ZG,1976,16.90685701
NZL,FP.CPI.TOTL.ZG,1977,14.38354942
NZL,FP.CPI.TOTL.ZG,1978,11.95661797
NZL,FP.CPI.TOTL.ZG,1979,13.69959502
NZL,FP.CPI.TOTL.ZG,1980,17.15054542
NZL,FP.CPI.TOTL.ZG,1981,15.37015958
NZL,FP.CPI.TOTL.ZG,1982,16.16369412
NZL,FP.CPI.TOTL.ZG,1983,7.341075861
NZL,FP.CPI.TOTL.ZG,1984,6.171253479
NZL,FP.CPI.TOTL.ZG,1985,15.41765557
NZL,FP.CPI.TOTL.ZG,1986,13.21339806
NZL,FP.CPI.TOTL.ZG,1987,15.74430079
NZL,FP.CPI.TOTL.ZG,1988,6.375249444
NZL,FP.CPI.TOTL.ZG,1989,5.715991551
NZL,FP.CPI.TOTL.ZG,1990,6.098444148
NZL,FP.CPI.TOTL.ZG,1991,2.60239286
NZL,FP.CPI.TOTL.ZG,1992,1.014560272
NZL,FP.CPI.TOTL.ZG,1993,1.288207766
NZL,FP.CPI.TOTL.ZG,1994,1.745377908
NZL,FP.CPI.TOTL.ZG,1995,3.754944137
NZL,FP.CPI.TOTL.ZG,1996,2.285713054
NZL,FP.CPI.TOTL.ZG,1997,1.187148331
NZL,FP.CPI.TOTL.ZG,1998,1.265244099
NZL,FP.CPI.TOTL.ZG,1999,-0.11426713
NZL,FP.CPI.TOTL.ZG,2000,2.615234462
NZL,FP.CPI.TOTL.ZG,2001,2.625816304
NZL,FP.CPI.TOTL.ZG,2002,2.677092577
NZL,FP.CPI.TOTL.ZG,2003,1.753574448
NZL,FP.CPI.TOTL.ZG,2004,2.290249028
NZL,FP.CPI.TOTL.ZG,2005,3.037023326
NZL,FP.CPI.TOTL.ZG,2006,3.365401962
NZL,FP.CPI.TOTL.ZG,2007,2.376143103
NZL,FP.CPI.TOTL.ZG,2008,3.958949373
NZL,FP.CPI.TOTL.ZG,2009,2.115651106
NZL,FP.CPI.TOTL.ZG,2010,2.30202386
NZL,FP.CPI.TOTL.ZG,2011,4.027906674
NZL,FP.CPI.TOTL.ZG,2012,1.059913184
NZL,FP.CPI.TOTL.ZG,2013,1.134422664
NZL,FP.CPI.TOTL.ZG,2014,1.227507506
NZL,FP.CPI.TOTL.ZG,2015,0.292704628
NZL,FP.CPI.TOTL.ZG,2016,0.646240284
NZL,FP.CPI.TOTL.ZG,2017,1.850787675
NZL,FP.CPI.TOTL.ZG,2018,1.598297038
NZL,FP.CPI.TOTL.ZG,2019,1.619631902
NZL,FP.CPI.TOTL.ZG,2020,1.7145617
NZL,FP.CPI.TOTL.ZG,2021,3.941120608
NZL,FP.CPI.TOTL.ZG,2022,7.17222476
NZL,FP.CPI.TOTL.ZG,2023,5.73316283
NZL,FP.CPI.TOTL.ZG,2024,2.922797823
NZL,FP.CPI.TOTL.ZG,2025,2.839796318
NIC,FP.CPI.TOTL.ZG,1960,
NIC,FP.CPI.TOTL.ZG,1961,
NIC,FP.CPI.TOTL.ZG,1962,
NIC,FP.CPI.TOTL.ZG,1963,
NIC,FP.CPI.TOTL.ZG,1964,
NIC,FP.CPI.TOTL.ZG,1965,
NIC,FP.CPI.TOTL.ZG,1966,
NIC,FP.CPI.TOTL.ZG,1967,
NIC,FP.CPI.TOTL.ZG,1968,
NIC,FP.CPI.TOTL.ZG,1969,
NIC,FP.CPI.TOTL.ZG,1970,
NIC,FP.CPI.TOTL.ZG,1971,
NIC,FP.CPI.TOTL.ZG,1972,
NIC,FP.CPI.TOTL.ZG,1973,
NIC,FP.CPI.TOTL.ZG,1974,
NIC,FP.CPI.TOTL.ZG,1975,
NIC,FP.CPI.TOTL.ZG,1976,
NIC,FP.CPI.TOTL.ZG,1977,
NIC,FP.CPI.TOTL.ZG,1978,
NIC,FP.CPI.TOTL.ZG,1979,
NIC,FP.CPI.TOTL.ZG,1980,
NIC,FP.CPI.TOTL.ZG,1981,
NIC,FP.CPI.TOTL.ZG,1982,
NIC,FP.CPI.TOTL.ZG,1983,
NIC,FP.CPI.TOTL.ZG,1984,
NIC,FP.CPI.TOTL.ZG,1985,
NIC,FP.CPI.TOTL.ZG,1986,
NIC,FP.CPI.TOTL.ZG,1987,
NIC,FP.CPI.TOTL.ZG,1988,
NIC,FP.CPI.TOTL.ZG,1989,
NIC,FP.CPI.TOTL.ZG,1990,
NIC,FP.CPI.TOTL.ZG,1991,
NIC,FP.CPI.TOTL.ZG,1992,
NIC,FP.CPI.TOTL.ZG,1993,
NIC,FP.CPI.TOTL.ZG,1994,
NIC,FP.CPI.TOTL.ZG,1995,
NIC,FP.CPI.TOTL.ZG,1996,
NIC,FP.CPI.TOTL.ZG,1997,
NIC,FP.CPI.TOTL.ZG,1998,
NIC,FP.CPI.TOTL.ZG,1999,
NIC,FP.CPI.TOTL.ZG,2000,7.069913523
NIC,FP.CPI.TOTL.ZG,2001,5.986041863
NIC,FP.CPI.TOTL.ZG,2002,3.750174658
NIC,FP.CPI.TOTL.ZG,2003,5.302387732
NIC,FP.CPI.TOTL.ZG,2004,8.470210636
NIC,FP.CPI.TOTL.ZG,2005,9.599099861
NIC,FP.CPI.TOTL.ZG,2006,9.140199668
NIC,FP.CPI.TOTL.ZG,2007,11.12693474
NIC,FP.CPI.TOTL.ZG,2008,19.82620313
NIC,FP.CPI.TOTL.ZG,2009,3.687001605
NIC,FP.CPI.TOTL.ZG,2010,5.455134259
NIC,FP.CPI.TOTL.ZG,2011,8.082387981
NIC,FP.CPI.TOTL.ZG,2012,7.193550533
NIC,FP.CPI.TOTL.ZG,2013,7.135467853
NIC,FP.CPI.TOTL.ZG,2014,6.035968618
NIC,FP.CPI.TOTL.ZG,2015,3.997379967
NIC,FP.CPI.TOTL.ZG,2016,3.523173176
NIC,FP.CPI.TOTL.ZG,2017,3.850671663
NIC,FP.CPI.TOTL.ZG,2018,4.94723728
NIC,FP.CPI.TOTL.ZG,2019,5.376289908
NIC,FP.CPI.TOTL.ZG,2020,3.681813416
NIC,FP.CPI.TOTL.ZG,2021,4.928413969
NIC,FP.CPI.TOTL.ZG,2022,10.46742445
NIC,FP.CPI.TOTL.ZG,2023,8.387658549
NIC,FP.CPI.TOTL.ZG,2024,4.624738411
NIC,FP.CPI.TOTL.ZG,2025,2.081321271
NER,FP.CPI.TOTL.ZG,1960,
NER,FP.CPI.TOTL.ZG,1961,
NER,FP.CPI.TOTL.ZG,1962,
NER,FP.CPI.TOTL.ZG,1963,
NER,FP.CPI.TOTL.ZG,1964,1.004016064
NER,FP.CPI.TOTL.ZG,1965,4.373757456
NER,FP.CPI.TOTL.ZG,1966,10.57142857
NER,FP.CPI.TOTL.ZG,1967,0.430663221
NER,FP.CPI.TOTL.ZG,1968,-2.923098913
NER,FP.CPI.TOTL.ZG,1969,10.64566002
NER,FP.CPI.TOTL.ZG,1970,1.117838845
NER,FP.CPI.TOTL.ZG,1971,4.191616766
NER,FP.CPI.TOTL.ZG,1972,9.751168372
NER,FP.CPI.TOTL.ZG,1973,11.78501554
NER,FP.CPI.TOTL.ZG,1974,3.397508494
NER,FP.CPI.TOTL.ZG,1975,9.115802051
NER,FP.CPI.TOTL.ZG,1976,23.52968016
NER,FP.CPI.TOTL.ZG,1977,23.25108961
NER,FP.CPI.TOTL.ZG,1978,10.09320028
NER,FP.CPI.TOTL.ZG,1979,7.267877072
NER,FP.CPI.TOTL.ZG,1980,10.30527571
NER,FP.CPI.TOTL.ZG,1981,22.91340756
NER,FP.CPI.TOTL.ZG,1982,11.64183574
NER,FP.CPI.TOTL.ZG,1983,-2.489605687
NER,FP.CPI.TOTL.ZG,1984,8.364424118
NER,FP.CPI.TOTL.ZG,1985,-0.923399124
NER,FP.CPI.TOTL.ZG,1986,-3.207571342
NER,FP.CPI.TOTL.ZG,1987,-6.712108929
NER,FP.CPI.TOTL.ZG,1988,-1.39396304
NER,FP.CPI.TOTL.ZG,1989,-2.84352518
NER,FP.CPI.TOTL.ZG,1990,-0.775653011
NER,FP.CPI.TOTL.ZG,1991,-7.796641791
NER,FP.CPI.TOTL.ZG,1992,-4.475617902
NER,FP.CPI.TOTL.ZG,1993,-1.215034965
NER,FP.CPI.TOTL.ZG,1994,36.04105831
NER,FP.CPI.TOTL.ZG,1995,10.56328867
NER,FP.CPI.TOTL.ZG,1996,5.288857513
NER,FP.CPI.TOTL.ZG,1997,2.933452534
NER,FP.CPI.TOTL.ZG,1998,4.548015777
NER,FP.CPI.TOTL.ZG,1999,-2.302125038
NER,FP.CPI.TOTL.ZG,2000,2.900149736
NER,FP.CPI.TOTL.ZG,2001,4.005514284
NER,FP.CPI.TOTL.ZG,2002,2.628865979
NER,FP.CPI.TOTL.ZG,2003,-1.614407692
NER,FP.CPI.TOTL.ZG,2004,0.262543757
NER,FP.CPI.TOTL.ZG,2005,7.797497818
NER,FP.CPI.TOTL.ZG,2006,0.04048583
NER,FP.CPI.TOTL.ZG,2007,0.053959261
NER,FP.CPI.TOTL.ZG,2008,11.30510988
NER,FP.CPI.TOTL.ZG,2009,0.582906591
NER,FP.CPI.TOTL.ZG,2010,0.804073081
NER,FP.CPI.TOTL.ZG,2011,2.94238514
NER,FP.CPI.TOTL.ZG,2012,0.45508982
NER,FP.CPI.TOTL.ZG,2013,2.29723115
NER,FP.CPI.TOTL.ZG,2014,-0.93028726
NER,FP.CPI.TOTL.ZG,2015,-0.57609037
NER,FP.CPI.TOTL.ZG,2016,1.653889224
NER,FP.CPI.TOTL.ZG,2017,2.796373189
NER,FP.CPI.TOTL.ZG,2018,2.96760366
NER,FP.CPI.TOTL.ZG,2019,-2.489792651
NER,FP.CPI.TOTL.ZG,2020,2.89819376
NER,FP.CPI.TOTL.ZG,2021,3.837868028
NER,FP.CPI.TOTL.ZG,2022,4.226217919
NER,FP.CPI.TOTL.ZG,2023,3.700973164
NER,FP.CPI.TOTL.ZG,2024,9.071519977
NER,FP.CPI.TOTL.ZG,2025,-4.454708041
NGA,FP.CPI.TOTL.ZG,1960,5.444327362
NGA,FP.CPI.TOTL.ZG,1961,6.279147235
NGA,FP.CPI.TOTL.ZG,1962,5.265632346
NGA,FP.CPI.TOTL.ZG,1963,-2.694655352
NGA,FP.CPI.TOTL.ZG,1964,0.856793146
NGA,FP.CPI.TOTL.ZG,1965,4.103458738
NGA,FP.CPI.TOTL.ZG,1966,9.690346084
NGA,FP.CPI.TOTL.ZG,1967,-3.726336765
NGA,FP.CPI.TOTL.ZG,1968,-0.476059059
NGA,FP.CPI.TOTL.ZG,1969,10.1559792
NGA,FP.CPI.TOTL.ZG,1970,13.75707992
NGA,FP.CPI.TOTL.ZG,1971,15.99911485
NGA,FP.CPI.TOTL.ZG,1972,3.457649752
NGA,FP.CPI.TOTL.ZG,1973,5.402664454
NGA,FP.CPI.TOTL.ZG,1974,12.67439318
NGA,FP.CPI.TOTL.ZG,1975,33.96418832
NGA,FP.CPI.TOTL.ZG,1976,24.3
NGA,FP.CPI.TOTL.ZG,1977,15.08783406
NGA,FP.CPI.TOTL.ZG,1978,21.70924574
NGA,FP.CPI.TOTL.ZG,1979,11.70973062
NGA,FP.CPI.TOTL.ZG,1980,9.97226199
NGA,FP.CPI.TOTL.ZG,1981,20.81282291
NGA,FP.CPI.TOTL.ZG,1982,7.697747247
NGA,FP.CPI.TOTL.ZG,1983,23.21233155
NGA,FP.CPI.TOTL.ZG,1984,17.82053329
NGA,FP.CPI.TOTL.ZG,1985,7.435344828
NGA,FP.CPI.TOTL.ZG,1986,5.717151454
NGA,FP.CPI.TOTL.ZG,1987,11.29032258
NGA,FP.CPI.TOTL.ZG,1988,54.51122478
NGA,FP.CPI.TOTL.ZG,1989,50.46668812
NGA,FP.CPI.TOTL.ZG,1990,7.364400306
NGA,FP.CPI.TOTL.ZG,1991,13.0069731
NGA,FP.CPI.TOTL.ZG,1992,44.58884272
NGA,FP.CPI.TOTL.ZG,1993,57.16525283
NGA,FP.CPI.TOTL.ZG,1994,57.03170891
NGA,FP.CPI.TOTL.ZG,1995,72.8355023
NGA,FP.CPI.TOTL.ZG,1996,29.26829268
NGA,FP.CPI.TOTL.ZG,1997,8.529874214
NGA,FP.CPI.TOTL.ZG,1998,9.996378124
NGA,FP.CPI.TOTL.ZG,1999,6.618373395
NGA,FP.CPI.TOTL.ZG,2000,6.933292156
NGA,FP.CPI.TOTL.ZG,2001,18.87364621
NGA,FP.CPI.TOTL.ZG,2002,12.8765792
NGA,FP.CPI.TOTL.ZG,2003,14.03178361
NGA,FP.CPI.TOTL.ZG,2004,14.99803382
NGA,FP.CPI.TOTL.ZG,2005,17.86349337
NGA,FP.CPI.TOTL.ZG,2006,8.227436781
NGA,FP.CPI.TOTL.ZG,2007,5.386104216
NGA,FP.CPI.TOTL.ZG,2008,11.5830548
NGA,FP.CPI.TOTL.ZG,2009,12.5379243
NGA,FP.CPI.TOTL.ZG,2010,13.74005214
NGA,FP.CPI.TOTL.ZG,2011,10.82613719
NGA,FP.CPI.TOTL.ZG,2012,12.2242413
NGA,FP.CPI.TOTL.ZG,2013,8.495518383
NGA,FP.CPI.TOTL.ZG,2014,8.04741088
NGA,FP.CPI.TOTL.ZG,2015,9.00943498
NGA,FP.CPI.TOTL.ZG,2016,15.69681264
NGA,FP.CPI.TOTL.ZG,2017,16.50226621
NGA,FP.CPI.TOTL.ZG,2018,12.09510652
NGA,FP.CPI.TOTL.ZG,2019,11.39642234
NGA,FP.CPI.TOTL.ZG,2020,13.24602343
NGA,FP.CPI.TOTL.ZG,2021,16.95284572
NGA,FP.CPI.TOTL.ZG,2022,18.84718778
NGA,FP.CPI.TOTL.ZG,2023,24.6595502
NGA,FP.CPI.TOTL.ZG,2024,33.24165906
NGA,FP.CPI.TOTL.ZG,2025,23.01012358
MKD,FP.CPI.TOTL.ZG,1960,
MKD,FP.CPI.TOTL.ZG,1961,
MKD,FP.CPI.TOTL.ZG,1962,
MKD,FP.CPI.TOTL.ZG,1963,
MKD,FP.CPI.TOTL.ZG,1964,
MKD,FP.CPI.TOTL.ZG,1965,
MKD,FP.CPI.TOTL.ZG,1966,
MKD,FP.CPI.TOTL.ZG,1967,
MKD,FP.CPI.TOTL.ZG,1968,
MKD,FP.CPI.TOTL.ZG,1969,
MKD,FP.CPI.TOTL.ZG,1970,
MKD,FP.CPI.TOTL.ZG,1971,
MKD,FP.CPI.TOTL.ZG,1972,
MKD,FP.CPI.TOTL.ZG,1973,
MKD,FP.CPI.TOTL.ZG,1974,
MKD,FP.CPI.TOTL.ZG,1975,
MKD,FP.CPI.TOTL.ZG,1976,
MKD,FP.CPI.TOTL.ZG,1977,
MKD,FP.CPI.TOTL.ZG,1978,
MKD,FP.CPI.TOTL.ZG,1979,
MKD,FP.CPI.TOTL.ZG,1980,
MKD,FP.CPI.TOTL.ZG,1981,
MKD,FP.CPI.TOTL.ZG,1982,
MKD,FP.CPI.TOTL.ZG,1983,
MKD,FP.CPI.TOTL.ZG,1984,
MKD,FP.CPI.TOTL.ZG,1985,
MKD,FP.CPI.TOTL.ZG,1986,
MKD,FP.CPI.TOTL.ZG,1987,
MKD,FP.CPI.TOTL.ZG,1988,
MKD,FP.CPI.TOTL.ZG,1989,
MKD,FP.CPI.TOTL.ZG,1990,
MKD,FP.CPI.TOTL.ZG,1991,
MKD,FP.CPI.TOTL.ZG,1992,
MKD,FP.CPI.TOTL.ZG,1993,
MKD,FP.CPI.TOTL.ZG,1994,126.5833683
MKD,FP.CPI.TOTL.ZG,1995,16.37358897
MKD,FP.CPI.TOTL.ZG,1996,2.466600086
MKD,FP.CPI.TOTL.ZG,1997,1.294364872
MKD,FP.CPI.TOTL.ZG,1998,0.544199653
MKD,FP.CPI.TOTL.ZG,1999,-1.279286576
MKD,FP.CPI.TOTL.ZG,2000,6.60742291
MKD,FP.CPI.TOTL.ZG,2001,5.198885257
MKD,FP.CPI.TOTL.ZG,2002,2.314597941
MKD,FP.CPI.TOTL.ZG,2003,0.855562123
MKD,FP.CPI.TOTL.ZG,2004,-0.448650207
MKD,FP.CPI.TOTL.ZG,2005,0.525515951
MKD,FP.CPI.TOTL.ZG,2006,3.213629296
MKD,FP.CPI.TOTL.ZG,2007,2.251757983
MKD,FP.CPI.TOTL.ZG,2008,8.33189667
MKD,FP.CPI.TOTL.ZG,2009,-0.739633963
MKD,FP.CPI.TOTL.ZG,2010,1.50997522
MKD,FP.CPI.TOTL.ZG,2011,3.904754221
MKD,FP.CPI.TOTL.ZG,2012,3.316055667
MKD,FP.CPI.TOTL.ZG,2013,2.785000567
MKD,FP.CPI.TOTL.ZG,2014,-0.281705033
MKD,FP.CPI.TOTL.ZG,2015,-0.299920476
MKD,FP.CPI.TOTL.ZG,2016,-0.239290788
MKD,FP.CPI.TOTL.ZG,2017,1.351618897
MKD,FP.CPI.TOTL.ZG,2018,1.458312985
MKD,FP.CPI.TOTL.ZG,2019,0.766439573
MKD,FP.CPI.TOTL.ZG,2020,1.200073489
MKD,FP.CPI.TOTL.ZG,2021,3.230749121
MKD,FP.CPI.TOTL.ZG,2022,14.20471732
MKD,FP.CPI.TOTL.ZG,2023,9.361872498
MKD,FP.CPI.TOTL.ZG,2024,3.48974086
MKD,FP.CPI.TOTL.ZG,2025,4.072491768
MNP,FP.CPI.TOTL.ZG,1960,
MNP,FP.CPI.TOTL.ZG,1961,
MNP,FP.CPI.TOTL.ZG,1962,
MNP,FP.CPI.TOTL.ZG,1963,
MNP,FP.CPI.TOTL.ZG,1964,
MNP,FP.CPI.TOTL.ZG,1965,
MNP,FP.CPI.TOTL.ZG,1966,
MNP,FP.CPI.TOTL.ZG,1967,
MNP,FP.CPI.TOTL.ZG,1968,
MNP,FP.CPI.TOTL.ZG,1969,
MNP,FP.CPI.TOTL.ZG,1970,
MNP,FP.CPI.TOTL.ZG,1971,
MNP,FP.CPI.TOTL.ZG,1972,
MNP,FP.CPI.TOTL.ZG,1973,
MNP,FP.CPI.TOTL.ZG,1974,
MNP,FP.CPI.TOTL.ZG,1975,
MNP,FP.CPI.TOTL.ZG,1976,
MNP,FP.CPI.TOTL.ZG,1977,
MNP,FP.CPI.TOTL.ZG,1978,
MNP,FP.CPI.TOTL.ZG,1979,
MNP,FP.CPI.TOTL.ZG,1980,
MNP,FP.CPI.TOTL.ZG,1981,
MNP,FP.CPI.TOTL.ZG,1982,
MNP,FP.CPI.TOTL.ZG,1983,
MNP,FP.CPI.TOTL.ZG,1984,
MNP,FP.CPI.TOTL.ZG,1985,
MNP,FP.CPI.TOTL.ZG,1986,
MNP,FP.CPI.TOTL.ZG,1987,
MNP,FP.CPI.TOTL.ZG,1988,
MNP,FP.CPI.TOTL.ZG,1989,
MNP,FP.CPI.TOTL.ZG,1990,
MNP,FP.CPI.TOTL.ZG,1991,
MNP,FP.CPI.TOTL.ZG,1992,
MNP,FP.CPI.TOTL.ZG,1993,
MNP,FP.CPI.TOTL.ZG,1994,
MNP,FP.CPI.TOTL.ZG,1995,
MNP,FP.CPI.TOTL.ZG,1996,
MNP,FP.CPI.TOTL.ZG,1997,
MNP,FP.CPI.TOTL.ZG,1998,
MNP,FP.CPI.TOTL.ZG,1999,
MNP,FP.CPI.TOTL.ZG,2000,
MNP,FP.CPI.TOTL.ZG,2001,
MNP,FP.CPI.TOTL.ZG,2002,
MNP,FP.CPI.TOTL.ZG,2003,
MNP,FP.CPI.TOTL.ZG,2004,
MNP,FP.CPI.TOTL.ZG,2005,
MNP,FP.CPI.TOTL.ZG,2006,
MNP,FP.CPI.TOTL.ZG,2007,
MNP,FP.CPI.TOTL.ZG,2008,
MNP,FP.CPI.TOTL.ZG,2009,
MNP,FP.CPI.TOTL.ZG,2010,
MNP,FP.CPI.TOTL.ZG,2011,
MNP,FP.CPI.TOTL.ZG,2012,
MNP,FP.CPI.TOTL.ZG,2013,
MNP,FP.CPI.TOTL.ZG,2014,
MNP,FP.CPI.TOTL.ZG,2015,
MNP,FP.CPI.TOTL.ZG,2016,
MNP,FP.CPI.TOTL.ZG,2017,
MNP,FP.CPI.TOTL.ZG,2018,
MNP,FP.CPI.TOTL.ZG,2019,
MNP,FP.CPI.TOTL.ZG,2020,
MNP,FP.CPI.TOTL.ZG,2021,
MNP,FP.CPI.TOTL.ZG,2022,
MNP,FP.CPI.TOTL.ZG,2023,
MNP,FP.CPI.TOTL.ZG,2024,
MNP,FP.CPI.TOTL.ZG,2025,
NOR,FP.CPI.TOTL.ZG,1960,0.360492347
NOR,FP.CPI.TOTL.ZG,1961,2.155172777
NOR,FP.CPI.TOTL.ZG,1962,5.274259529
NOR,FP.CPI.TOTL.ZG,1963,2.471610529
NOR,FP.CPI.TOTL.ZG,1964,5.867015388
NOR,FP.CPI.TOTL.ZG,1965,4.18722444
NOR,FP.CPI.TOTL.ZG,1966,3.250563343
NOR,FP.CPI.TOTL.ZG,1967,4.579269758
NOR,FP.CPI.TOTL.ZG,1968,3.448293243
NOR,FP.CPI.TOTL.ZG,1969,2.962949511
NOR,FP.CPI.TOTL.ZG,1970,10.63720653
NOR,FP.CPI.TOTL.ZG,1971,6.223863235
NOR,FP.CPI.TOTL.ZG,1972,7.25843583
NOR,FP.CPI.TOTL.ZG,1973,7.419472836
NOR,FP.CPI.TOTL.ZG,1974,9.411768132
NOR,FP.CPI.TOTL.ZG,1975,11.68922348
NOR,FP.CPI.TOTL.ZG,1976,9.161472765
NOR,FP.CPI.TOTL.ZG,1977,9.103839712
NOR,FP.CPI.TOTL.ZG,1978,8.161671543
NOR,FP.CPI.TOTL.ZG,1979,4.509727612
NOR,FP.CPI.TOTL.ZG,1980,10.87866109
NOR,FP.CPI.TOTL.ZG,1981,13.64296081
NOR,FP.CPI.TOTL.ZG,1982,11.34099617
NOR,FP.CPI.TOTL.ZG,1983,8.465244322
NOR,FP.CPI.TOTL.ZG,1984,6.218274112
NOR,FP.CPI.TOTL.ZG,1985,5.71485464
NOR,FP.CPI.TOTL.ZG,1986,7.176492748
NOR,FP.CPI.TOTL.ZG,1987,8.717047452
NOR,FP.CPI.TOTL.ZG,1988,6.676365988
NOR,FP.CPI.TOTL.ZG,1989,4.546143355
NOR,FP.CPI.TOTL.ZG,1990,4.131033483
NOR,FP.CPI.TOTL.ZG,1991,3.438195991
NOR,FP.CPI.TOTL.ZG,1992,2.328085049
NOR,FP.CPI.TOTL.ZG,1993,2.288269332
NOR,FP.CPI.TOTL.ZG,1994,1.375674981
NOR,FP.CPI.TOTL.ZG,1995,2.460367787
NOR,FP.CPI.TOTL.ZG,1996,1.262532492
NOR,FP.CPI.TOTL.ZG,1997,2.566923359
NOR,FP.CPI.TOTL.ZG,1998,2.2524133
NOR,FP.CPI.TOTL.ZG,1999,2.365967366
NOR,FP.CPI.TOTL.ZG,2000,3.085506091
NOR,FP.CPI.TOTL.ZG,2001,3.00419704
NOR,FP.CPI.TOTL.ZG,2002,1.286725284
NOR,FP.CPI.TOTL.ZG,2003,2.487825535
NOR,FP.CPI.TOTL.ZG,2004,0.454498502
NOR,FP.CPI.TOTL.ZG,2005,1.532133676
NOR,FP.CPI.TOTL.ZG,2006,2.329349808
NOR,FP.CPI.TOTL.ZG,2007,0.712589074
NOR,FP.CPI.TOTL.ZG,2008,3.753930818
NOR,FP.CPI.TOTL.ZG,2009,2.197385869
NOR,FP.CPI.TOTL.ZG,2010,2.418906395
NOR,FP.CPI.TOTL.ZG,2011,1.284951588
NOR,FP.CPI.TOTL.ZG,2012,0.696864111
NOR,FP.CPI.TOTL.ZG,2013,2.120486204
NOR,FP.CPI.TOTL.ZG,2014,2.041702867
NOR,FP.CPI.TOTL.ZG,2015,2.171136654
NOR,FP.CPI.TOTL.ZG,2016,3.55
NOR,FP.CPI.TOTL.ZG,2017,1.875100596
NOR,FP.CPI.TOTL.ZG,2018,2.764831345
NOR,FP.CPI.TOTL.ZG,2019,2.167730033
NOR,FP.CPI.TOTL.ZG,2020,1.286584907
NOR,FP.CPI.TOTL.ZG,2021,3.483880553
NOR,FP.CPI.TOTL.ZG,2022,5.764123179
NOR,FP.CPI.TOTL.ZG,2023,5.517849871
NOR,FP.CPI.TOTL.ZG,2024,3.145301344
NOR,FP.CPI.TOTL.ZG,2025,3.055624844
OMN,FP.CPI.TOTL.ZG,1960,
OMN,FP.CPI.TOTL.ZG,1961,
OMN,FP.CPI.TOTL.ZG,1962,
OMN,FP.CPI.TOTL.ZG,1963,
OMN,FP.CPI.TOTL.ZG,1964,
OMN,FP.CPI.TOTL.ZG,1965,
OMN,FP.CPI.TOTL.ZG,1966,
OMN,FP.CPI.TOTL.ZG,1967,
OMN,FP.CPI.TOTL.ZG,1968,
OMN,FP.CPI.TOTL.ZG,1969,
OMN,FP.CPI.TOTL.ZG,1970,
OMN,FP.CPI.TOTL.ZG,1971,
OMN,FP.CPI.TOTL.ZG,1972,
OMN,FP.CPI.TOTL.ZG,1973,
OMN,FP.CPI.TOTL.ZG,1974,
OMN,FP.CPI.TOTL.ZG,1975,
OMN,FP.CPI.TOTL.ZG,1976,
OMN,FP.CPI.TOTL.ZG,1977,
OMN,FP.CPI.TOTL.ZG,1978,
OMN,FP.CPI.TOTL.ZG,1979,
OMN,FP.CPI.TOTL.ZG,1980,
OMN,FP.CPI.TOTL.ZG,1981,
OMN,FP.CPI.TOTL.ZG,1982,
OMN,FP.CPI.TOTL.ZG,1983,
OMN,FP.CPI.TOTL.ZG,1984,
OMN,FP.CPI.TOTL.ZG,1985,
OMN,FP.CPI.TOTL.ZG,1986,
OMN,FP.CPI.TOTL.ZG,1987,
OMN,FP.CPI.TOTL.ZG,1988,
OMN,FP.CPI.TOTL.ZG,1989,
OMN,FP.CPI.TOTL.ZG,1990,
OMN,FP.CPI.TOTL.ZG,1991,
OMN,FP.CPI.TOTL.ZG,1992,
OMN,FP.CPI.TOTL.ZG,1993,
OMN,FP.CPI.TOTL.ZG,1994,
OMN,FP.CPI.TOTL.ZG,1995,
OMN,FP.CPI.TOTL.ZG,1996,
OMN,FP.CPI.TOTL.ZG,1997,
OMN,FP.CPI.TOTL.ZG,1998,
OMN,FP.CPI.TOTL.ZG,1999,
OMN,FP.CPI.TOTL.ZG,2000,
OMN,FP.CPI.TOTL.ZG,2001,-0.816666667
OMN,FP.CPI.TOTL.ZG,2002,-0.279578823
OMN,FP.CPI.TOTL.ZG,2003,0.231328682
OMN,FP.CPI.TOTL.ZG,2004,0.624969063
OMN,FP.CPI.TOTL.ZG,2005,1.909835535
OMN,FP.CPI.TOTL.ZG,2006,3.544985916
OMN,FP.CPI.TOTL.ZG,2007,5.830484181
OMN,FP.CPI.TOTL.ZG,2008,12.37540915
OMN,FP.CPI.TOTL.ZG,2009,3.468810238
OMN,FP.CPI.TOTL.ZG,2010,3.256579591
OMN,FP.CPI.TOTL.ZG,2011,4.042188671
OMN,FP.CPI.TOTL.ZG,2012,2.947734953
OMN,FP.CPI.TOTL.ZG,2013,1.053548203
OMN,FP.CPI.TOTL.ZG,2014,1.014014839
OMN,FP.CPI.TOTL.ZG,2015,0.065290133
OMN,FP.CPI.TOTL.ZG,2016,1.109208058
OMN,FP.CPI.TOTL.ZG,2017,1.589094136
OMN,FP.CPI.TOTL.ZG,2018,0.889312371
OMN,FP.CPI.TOTL.ZG,2019,0.490815363
OMN,FP.CPI.TOTL.ZG,2020,-0.406402919
OMN,FP.CPI.TOTL.ZG,2021,1.682211859
OMN,FP.CPI.TOTL.ZG,2022,2.506142506
OMN,FP.CPI.TOTL.ZG,2023,0.950782998
OMN,FP.CPI.TOTL.ZG,2024,0.593589236
OMN,FP.CPI.TOTL.ZG,2025,0.967741935
PAK,FP.CPI.TOTL.ZG,1960,6.947368421
PAK,FP.CPI.TOTL.ZG,1961,1.640419948
PAK,FP.CPI.TOTL.ZG,1962,-0.516462234
PAK,FP.CPI.TOTL.ZG,1963,1.456488448
PAK,FP.CPI.TOTL.ZG,1964,4.179586881
PAK,FP.CPI.TOTL.ZG,1965,5.568635479
PAK,FP.CPI.TOTL.ZG,1966,7.227621598
PAK,FP.CPI.TOTL.ZG,1967,6.811399634
PAK,FP.CPI.TOTL.ZG,1968,0.170627348
PAK,FP.CPI.TOTL.ZG,1969,3.186986796
PAK,FP.CPI.TOTL.ZG,1970,5.34984091
PAK,FP.CPI.TOTL.ZG,1971,4.730691482
PAK,FP.CPI.TOTL.ZG,1972,5.183237645
PAK,FP.CPI.TOTL.ZG,1973,23.07008403
PAK,FP.CPI.TOTL.ZG,1974,26.66303485
PAK,FP.CPI.TOTL.ZG,1975,20.90450946
PAK,FP.CPI.TOTL.ZG,1976,7.158323731
PAK,FP.CPI.TOTL.ZG,1977,10.13296769
PAK,FP.CPI.TOTL.ZG,1978,6.138692667
PAK,FP.CPI.TOTL.ZG,1979,8.267046976
PAK,FP.CPI.TOTL.ZG,1980,11.93823091
PAK,FP.CPI.TOTL.ZG,1981,11.87991359
PAK,FP.CPI.TOTL.ZG,1982,5.903528784
PAK,FP.CPI.TOTL.ZG,1983,6.3620335
PAK,FP.CPI.TOTL.ZG,1984,6.087166736
PAK,FP.CPI.TOTL.ZG,1985,5.614839218
PAK,FP.CPI.TOTL.ZG,1986,3.506414248
PAK,FP.CPI.TOTL.ZG,1987,4.681218546
PAK,FP.CPI.TOTL.ZG,1988,8.837937018
PAK,FP.CPI.TOTL.ZG,1989,7.844264737
PAK,FP.CPI.TOTL.ZG,1990,9.052131553
PAK,FP.CPI.TOTL.ZG,1991,11.79127034
PAK,FP.CPI.TOTL.ZG,1992,9.509041462
PAK,FP.CPI.TOTL.ZG,1993,9.97366476
PAK,FP.CPI.TOTL.ZG,1994,12.36819439
PAK,FP.CPI.TOTL.ZG,1995,12.34357852
PAK,FP.CPI.TOTL.ZG,1996,10.37380859
PAK,FP.CPI.TOTL.ZG,1997,11.37549289
PAK,FP.CPI.TOTL.ZG,1998,6.228004154
PAK,FP.CPI.TOTL.ZG,1999,4.142637181
PAK,FP.CPI.TOTL.ZG,2000,4.366664513
PAK,FP.CPI.TOTL.ZG,2001,3.148261446
PAK,FP.CPI.TOTL.ZG,2002,3.290344726
PAK,FP.CPI.TOTL.ZG,2003,2.914134701
PAK,FP.CPI.TOTL.ZG,2004,7.444624693
PAK,FP.CPI.TOTL.ZG,2005,9.06332737
PAK,FP.CPI.TOTL.ZG,2006,7.921084401
PAK,FP.CPI.TOTL.ZG,2007,7.598684411
PAK,FP.CPI.TOTL.ZG,2008,20.28612109
PAK,FP.CPI.TOTL.ZG,2009,13.64776506
PAK,FP.CPI.TOTL.ZG,2010,12.93887056
PAK,FP.CPI.TOTL.ZG,2011,11.91609271
PAK,FP.CPI.TOTL.ZG,2012,9.682351861
PAK,FP.CPI.TOTL.ZG,2013,7.692156119
PAK,FP.CPI.TOTL.ZG,2014,7.189384028
PAK,FP.CPI.TOTL.ZG,2015,2.529328173
PAK,FP.CPI.TOTL.ZG,2016,3.765119164
PAK,FP.CPI.TOTL.ZG,2017,4.08537368
PAK,FP.CPI.TOTL.ZG,2018,5.078057259
PAK,FP.CPI.TOTL.ZG,2019,10.57803057
PAK,FP.CPI.TOTL.ZG,2020,9.740116193
PAK,FP.CPI.TOTL.ZG,2021,9.496415773
PAK,FP.CPI.TOTL.ZG,2022,19.87385996
PAK,FP.CPI.TOTL.ZG,2023,30.76812807
PAK,FP.CPI.TOTL.ZG,2024,12.63253185
PAK,FP.CPI.TOTL.ZG,2025,3.545552149
PLW,FP.CPI.TOTL.ZG,1960,
PLW,FP.CPI.TOTL.ZG,1961,
PLW,FP.CPI.TOTL.ZG,1962,
PLW,FP.CPI.TOTL.ZG,1963,
PLW,FP.CPI.TOTL.ZG,1964,
PLW,FP.CPI.TOTL.ZG,1965,
PLW,FP.CPI.TOTL.ZG,1966,
PLW,FP.CPI.TOTL.ZG,1967,
PLW,FP.CPI.TOTL.ZG,1968,
PLW,FP.CPI.TOTL.ZG,1969,
PLW,FP.CPI.TOTL.ZG,1970,
PLW,FP.CPI.TOTL.ZG,1971,
PLW,FP.CPI.TOTL.ZG,1972,
PLW,FP.CPI.TOTL.ZG,1973,
PLW,FP.CPI.TOTL.ZG,1974,
PLW,FP.CPI.TOTL.ZG,1975,
PLW,FP.CPI.TOTL.ZG,1976,
PLW,FP.CPI.TOTL.ZG,1977,
PLW,FP.CPI.TOTL.ZG,1978,
PLW,FP.CPI.TOTL.ZG,1979,
PLW,FP.CPI.TOTL.ZG,1980,
PLW,FP.CPI.TOTL.ZG,1981,
PLW,FP.CPI.TOTL.ZG,1982,
PLW,FP.CPI.TOTL.ZG,1983,
PLW,FP.CPI.TOTL.ZG,1984,
PLW,FP.CPI.TOTL.ZG,1985,
PLW,FP.CPI.TOTL.ZG,1986,
PLW,FP.CPI.TOTL.ZG,1987,
PLW,FP.CPI.TOTL.ZG,1988,
PLW,FP.CPI.TOTL.ZG,1989,
PLW,FP.CPI.TOTL.ZG,1990,
PLW,FP.CPI.TOTL.ZG,1991,
PLW,FP.CPI.TOTL.ZG,1992,
PLW,FP.CPI.TOTL.ZG,1993,
PLW,FP.CPI.TOTL.ZG,1994,
PLW,FP.CPI.TOTL.ZG,1995,
PLW,FP.CPI.TOTL.ZG,1996,
PLW,FP.CPI.TOTL.ZG,1997,
PLW,FP.CPI.TOTL.ZG,1998,
PLW,FP.CPI.TOTL.ZG,1999,
PLW,FP.CPI.TOTL.ZG,2000,
PLW,FP.CPI.TOTL.ZG,2001,
PLW,FP.CPI.TOTL.ZG,2002,-1.301236174
PLW,FP.CPI.TOTL.ZG,2003,0.922874094
PLW,FP.CPI.TOTL.ZG,2004,4.964075767
PLW,FP.CPI.TOTL.ZG,2005,3.951462352
PLW,FP.CPI.TOTL.ZG,2006,4.429811434
PLW,FP.CPI.TOTL.ZG,2007,3.238750358
PLW,FP.CPI.TOTL.ZG,2008,11.96557468
PLW,FP.CPI.TOTL.ZG,2009,1.438135383
PLW,FP.CPI.TOTL.ZG,2010,1.442190174
PLW,FP.CPI.TOTL.ZG,2011,4.674698795
PLW,FP.CPI.TOTL.ZG,2012,3.614180479
PLW,FP.CPI.TOTL.ZG,2013,3.354810042
PLW,FP.CPI.TOTL.ZG,2014,4.191745486
PLW,FP.CPI.TOTL.ZG,2015,0.949040644
PLW,FP.CPI.TOTL.ZG,2016,-1.042305334
PLW,FP.CPI.TOTL.ZG,2017,1.417988197
PLW,FP.CPI.TOTL.ZG,2018,2.109704641
PLW,FP.CPI.TOTL.ZG,2019,0.267379679
PLW,FP.CPI.TOTL.ZG,2020,0.218181818
PLW,FP.CPI.TOTL.ZG,2021,2.612481858
PLW,FP.CPI.TOTL.ZG,2022,12.35266384
PLW,FP.CPI.TOTL.ZG,2023,12.81997482
PLW,FP.CPI.TOTL.ZG,2024,2.231727729
PLW,FP.CPI.TOTL.ZG,2025,-0.418410042
PAN,FP.CPI.TOTL.ZG,1960,0.051177072
PAN,FP.CPI.TOTL.ZG,1961,0.613810742
PAN,FP.CPI.TOTL.ZG,1962,0.788002034
PAN,FP.CPI.TOTL.ZG,1963,0.449887528
PAN,FP.CPI.TOTL.ZG,1964,2.413535705
PAN,FP.CPI.TOTL.ZG,1965,0.461613217
PAN,FP.CPI.TOTL.ZG,1966,0.193470375
PAN,FP.CPI.TOTL.ZG,1967,1.375814627
PAN,FP.CPI.TOTL.ZG,1968,1.61904762
PAN,FP.CPI.TOTL.ZG,1969,1.827553889
PAN,FP.CPI.TOTL.ZG,1970,3.083294984
PAN,FP.CPI.TOTL.ZG,1971,1.919642857
PAN,FP.CPI.TOTL.ZG,1972,5.409548839
PAN,FP.CPI.TOTL.ZG,1973,6.856430501
PAN,FP.CPI.TOTL.ZG,1974,16.26806663
PAN,FP.CPI.TOTL.ZG,1975,5.881041307
PAN,FP.CPI.TOTL.ZG,1976,3.949999999
PAN,FP.CPI.TOTL.ZG,1977,4.585537919
PAN,FP.CPI.TOTL.ZG,1978,4.200521233
PAN,FP.CPI.TOTL.ZG,1979,7.988818596
PAN,FP.CPI.TOTL.ZG,1980,13.80790191
PAN,FP.CPI.TOTL.ZG,1981,7.302328365
PAN,FP.CPI.TOTL.ZG,1982,4.250571763
PAN,FP.CPI.TOTL.ZG,1983,2.102841244
PAN,FP.CPI.TOTL.ZG,1984,1.582643329
PAN,FP.CPI.TOTL.ZG,1985,1.026619893
PAN,FP.CPI.TOTL.ZG,1986,-0.066384108
PAN,FP.CPI.TOTL.ZG,1987,0.996423097
PAN,FP.CPI.TOTL.ZG,1988,0.359220845
PAN,FP.CPI.TOTL.ZG,1989,0.205867258
PAN,FP.CPI.TOTL.ZG,1990,0.769485355
PAN,FP.CPI.TOTL.ZG,1991,1.256260777
PAN,FP.CPI.TOTL.ZG,1992,1.82452157
PAN,FP.CPI.TOTL.ZG,1993,0.453930079
PAN,FP.CPI.TOTL.ZG,1994,1.268431901
PAN,FP.CPI.TOTL.ZG,1995,0.994206983
PAN,FP.CPI.TOTL.ZG,1996,1.255716611
PAN,FP.CPI.TOTL.ZG,1997,1.324351221
PAN,FP.CPI.TOTL.ZG,1998,0.559081293
PAN,FP.CPI.TOTL.ZG,1999,1.247182569
PAN,FP.CPI.TOTL.ZG,2000,1.498961116
PAN,FP.CPI.TOTL.ZG,2001,0.307062436
PAN,FP.CPI.TOTL.ZG,2002,1.005830904
PAN,FP.CPI.TOTL.ZG,2003,0.391666667
PAN,FP.CPI.TOTL.ZG,2004,0.474723078
PAN,FP.CPI.TOTL.ZG,2005,2.855883248
PAN,FP.CPI.TOTL.ZG,2006,2.457893464
PAN,FP.CPI.TOTL.ZG,2007,4.168633003
PAN,FP.CPI.TOTL.ZG,2008,8.758683177
PAN,FP.CPI.TOTL.ZG,2009,2.409053041
PAN,FP.CPI.TOTL.ZG,2010,3.491288726
PAN,FP.CPI.TOTL.ZG,2011,5.875802437
PAN,FP.CPI.TOTL.ZG,2012,5.698199592
PAN,FP.CPI.TOTL.ZG,2013,4.027159916
PAN,FP.CPI.TOTL.ZG,2014,2.626526999
PAN,FP.CPI.TOTL.ZG,2015,0.137492058
PAN,FP.CPI.TOTL.ZG,2016,0.739734025
PAN,FP.CPI.TOTL.ZG,2017,0.875585919
PAN,FP.CPI.TOTL.ZG,2018,0.761578359
PAN,FP.CPI.TOTL.ZG,2019,-0.355083821
PAN,FP.CPI.TOTL.ZG,2020,-1.550275408
PAN,FP.CPI.TOTL.ZG,2021,1.630703373
PAN,FP.CPI.TOTL.ZG,2022,2.859651288
PAN,FP.CPI.TOTL.ZG,2023,1.486413553
PAN,FP.CPI.TOTL.ZG,2024,0.693225551
PAN,FP.CPI.TOTL.ZG,2025,-0.18958788
PNG,FP.CPI.TOTL.ZG,1960,
PNG,FP.CPI.TOTL.ZG,1961,
PNG,FP.CPI.TOTL.ZG,1962,
PNG,FP.CPI.TOTL.ZG,1963,
PNG,FP.CPI.TOTL.ZG,1964,
PNG,FP.CPI.TOTL.ZG,1965,
PNG,FP.CPI.TOTL.ZG,1966,
PNG,FP.CPI.TOTL.ZG,1967,
PNG,FP.CPI.TOTL.ZG,1968,
PNG,FP.CPI.TOTL.ZG,1969,
PNG,FP.CPI.TOTL.ZG,1970,
PNG,FP.CPI.TOTL.ZG,1971,
PNG,FP.CPI.TOTL.ZG,1972,6.075
PNG,FP.CPI.TOTL.ZG,1973,8.343153429
PNG,FP.CPI.TOTL.ZG,1974,23.16728301
PNG,FP.CPI.TOTL.ZG,1975,10.49099258
PNG,FP.CPI.TOTL.ZG,1976,7.656649616
PNG,FP.CPI.TOTL.ZG,1977,4.528582035
PNG,FP.CPI.TOTL.ZG,1978,5.799999999
PNG,FP.CPI.TOTL.ZG,1979,5.765595463
PNG,FP.CPI.TOTL.ZG,1980,12.06434316
PNG,FP.CPI.TOTL.ZG,1981,8.054226476
PNG,FP.CPI.TOTL.ZG,1982,5.535055351
PNG,FP.CPI.TOTL.ZG,1983,7.902097901
PNG,FP.CPI.TOTL.ZG,1984,7.420609204
PNG,FP.CPI.TOTL.ZG,1985,3.71040724
PNG,FP.CPI.TOTL.ZG,1986,5.453752182
PNG,FP.CPI.TOTL.ZG,1987,3.337470694
PNG,FP.CPI.TOTL.ZG,1988,5.445082077
PNG,FP.CPI.TOTL.ZG,1989,4.480445513
PNG,FP.CPI.TOTL.ZG,1990,6.953361599
PNG,FP.CPI.TOTL.ZG,1991,6.965681278
PNG,FP.CPI.TOTL.ZG,1992,4.30961457
PNG,FP.CPI.TOTL.ZG,1993,4.974114303
PNG,FP.CPI.TOTL.ZG,1994,2.852722174
PNG,FP.CPI.TOTL.ZG,1995,17.28093268
PNG,FP.CPI.TOTL.ZG,1996,11.62417829
PNG,FP.CPI.TOTL.ZG,1997,3.964378052
PNG,FP.CPI.TOTL.ZG,1998,13.57419177
PNG,FP.CPI.TOTL.ZG,1999,14.93218174
PNG,FP.CPI.TOTL.ZG,2000,15.59589331
PNG,FP.CPI.TOTL.ZG,2001,9.298173328
PNG,FP.CPI.TOTL.ZG,2002,11.7994471
PNG,FP.CPI.TOTL.ZG,2003,14.70907797
PNG,FP.CPI.TOTL.ZG,2004,2.158931313
PNG,FP.CPI.TOTL.ZG,2005,1.780804399
PNG,FP.CPI.TOTL.ZG,2006,2.368462384
PNG,FP.CPI.TOTL.ZG,2007,0.911350456
PNG,FP.CPI.TOTL.ZG,2008,10.76141823
PNG,FP.CPI.TOTL.ZG,2009,6.918325326
PNG,FP.CPI.TOTL.ZG,2010,6.013608936
PNG,FP.CPI.TOTL.ZG,2011,4.44083401
PNG,FP.CPI.TOTL.ZG,2012,4.537205082
PNG,FP.CPI.TOTL.ZG,2013,4.96031746
PNG,FP.CPI.TOTL.ZG,2014,5.222117202
PNG,FP.CPI.TOTL.ZG,2015,5.995957781
PNG,FP.CPI.TOTL.ZG,2016,6.673728814
PNG,FP.CPI.TOTL.ZG,2017,5.42204568
PNG,FP.CPI.TOTL.ZG,2018,4.374489215
PNG,FP.CPI.TOTL.ZG,2019,3.928672909
PNG,FP.CPI.TOTL.ZG,2020,4.871673986
PNG,FP.CPI.TOTL.ZG,2021,4.48359014
PNG,FP.CPI.TOTL.ZG,2022,5.253239222
PNG,FP.CPI.TOTL.ZG,2023,2.298699913
PNG,FP.CPI.TOTL.ZG,2024,0.602403921
PNG,FP.CPI.TOTL.ZG,2025,4.421413642
PRY,FP.CPI.TOTL.ZG,1960,8.181818182
PRY,FP.CPI.TOTL.ZG,1961,18.48739496
PRY,FP.CPI.TOTL.ZG,1962,1.418439716
PRY,FP.CPI.TOTL.ZG,1963,2.097902098
PRY,FP.CPI.TOTL.ZG,1964,1.369863014
PRY,FP.CPI.TOTL.ZG,1965,3.859298158
PRY,FP.CPI.TOTL.ZG,1966,2.873194222
PRY,FP.CPI.TOTL.ZG,1967,1.365267592
PRY,FP.CPI.TOTL.ZG,1968,0.708073578
PRY,FP.CPI.TOTL.ZG,1969,2.246847536
PRY,FP.CPI.TOTL.ZG,1970,-0.859556021
PRY,FP.CPI.TOTL.ZG,1971,4.953256936
PRY,FP.CPI.TOTL.ZG,1972,9.180374973
PRY,FP.CPI.TOTL.ZG,1973,12.79689453
PRY,FP.CPI.TOTL.ZG,1974,25.23331778
PRY,FP.CPI.TOTL.ZG,1975,6.693060084
PRY,FP.CPI.TOTL.ZG,1976,4.474614747
PRY,FP.CPI.TOTL.ZG,1977,9.359852917
PRY,FP.CPI.TOTL.ZG,1978,10.66024759
PRY,FP.CPI.TOTL.ZG,1979,28.1610386
PRY,FP.CPI.TOTL.ZG,1980,22.44733014
PRY,FP.CPI.TOTL.ZG,1981,12.97469747
PRY,FP.CPI.TOTL.ZG,1982,5.120065437
PRY,FP.CPI.TOTL.ZG,1983,13.43375556
PRY,FP.CPI.TOTL.ZG,1984,20.31146255
PRY,FP.CPI.TOTL.ZG,1985,25.21071644
PRY,FP.CPI.TOTL.ZG,1986,31.74259727
PRY,FP.CPI.TOTL.ZG,1987,21.81027404
PRY,FP.CPI.TOTL.ZG,1988,22.59425718
PRY,FP.CPI.TOTL.ZG,1989,26.42212672
PRY,FP.CPI.TOTL.ZG,1990,37.25995618
PRY,FP.CPI.TOTL.ZG,1991,24.22535211
PRY,FP.CPI.TOTL.ZG,1992,15.19274376
PRY,FP.CPI.TOTL.ZG,1993,18.20866142
PRY,FP.CPI.TOTL.ZG,1994,20.56619484
PRY,FP.CPI.TOTL.ZG,1995,13.42541436
PRY,FP.CPI.TOTL.ZG,1996,9.79968339
PRY,FP.CPI.TOTL.ZG,1997,6.949566085
PRY,FP.CPI.TOTL.ZG,1998,11.55326844
PRY,FP.CPI.TOTL.ZG,1999,6.752265861
PRY,FP.CPI.TOTL.ZG,2000,8.982159768
PRY,FP.CPI.TOTL.ZG,2001,7.268060286
PRY,FP.CPI.TOTL.ZG,2002,10.51024209
PRY,FP.CPI.TOTL.ZG,2003,14.23679705
PRY,FP.CPI.TOTL.ZG,2004,4.32326493
PRY,FP.CPI.TOTL.ZG,2005,6.807382031
PRY,FP.CPI.TOTL.ZG,2006,9.589349411
PRY,FP.CPI.TOTL.ZG,2007,8.130474177
PRY,FP.CPI.TOTL.ZG,2008,10.15478465
PRY,FP.CPI.TOTL.ZG,2009,2.591946734
PRY,FP.CPI.TOTL.ZG,2010,4.651162791
PRY,FP.CPI.TOTL.ZG,2011,8.253968254
PRY,FP.CPI.TOTL.ZG,2012,3.67591898
PRY,FP.CPI.TOTL.ZG,2013,2.683857387
PRY,FP.CPI.TOTL.ZG,2014,5.028827675
PRY,FP.CPI.TOTL.ZG,2015,3.129002745
PRY,FP.CPI.TOTL.ZG,2016,4.086822806
PRY,FP.CPI.TOTL.ZG,2017,3.602477413
PRY,FP.CPI.TOTL.ZG,2018,3.975610157
PRY,FP.CPI.TOTL.ZG,2019,2.757097276
PRY,FP.CPI.TOTL.ZG,2020,1.767515924
PRY,FP.CPI.TOTL.ZG,2021,4.787983101
PRY,FP.CPI.TOTL.ZG,2022,9.765566672
PRY,FP.CPI.TOTL.ZG,2023,4.632022854
PRY,FP.CPI.TOTL.ZG,2024,3.835402717
PRY,FP.CPI.TOTL.ZG,2025,4.038064233
PER,FP.CPI.TOTL.ZG,1960,8.664459163
PER,FP.CPI.TOTL.ZG,1961,5.916708988
PER,FP.CPI.TOTL.ZG,1962,6.641093264
PER,FP.CPI.TOTL.ZG,1963,6.070143884
PER,FP.CPI.TOTL.ZG,1964,9.792284867
PER,FP.CPI.TOTL.ZG,1965,16.38996139
PER,FP.CPI.TOTL.ZG,1966,8.840603749
PER,FP.CPI.TOTL.ZG,1967,9.783602561
PER,FP.CPI.TOTL.ZG,1968,19.08661855
PER,FP.CPI.TOTL.ZG,1969,6.236158061
PER,FP.CPI.TOTL.ZG,1970,5.025235901
PER,FP.CPI.TOTL.ZG,1971,6.790639365
PER,FP.CPI.TOTL.ZG,1972,7.219722168
PER,FP.CPI.TOTL.ZG,1973,9.489051095
PER,FP.CPI.TOTL.ZG,1974,16.89166667
PER,FP.CPI.TOTL.ZG,1975,23.6187353
PER,FP.CPI.TOTL.ZG,1976,33.48327566
PER,FP.CPI.TOTL.ZG,1977,38.05409142
PER,FP.CPI.TOTL.ZG,1978,57.84878263
PER,FP.CPI.TOTL.ZG,1979,66.69442297
PER,FP.CPI.TOTL.ZG,1980,59.14507124
PER,FP.CPI.TOTL.ZG,1981,75.43326876
PER,FP.CPI.TOTL.ZG,1982,64.44815854
PER,FP.CPI.TOTL.ZG,1983,111.1506352
PER,FP.CPI.TOTL.ZG,1984,110.2085196
PER,FP.CPI.TOTL.ZG,1985,163.3995052
PER,FP.CPI.TOTL.ZG,1986,77.92102555
PER,FP.CPI.TOTL.ZG,1987,85.82230624
PER,FP.CPI.TOTL.ZG,1988,667.0193286
PER,FP.CPI.TOTL.ZG,1989,3398.67901
PER,FP.CPI.TOTL.ZG,1990,7481.663611
PER,FP.CPI.TOTL.ZG,1991,409.5301666
PER,FP.CPI.TOTL.ZG,1992,73.52829424
PER,FP.CPI.TOTL.ZG,1993,48.57998645
PER,FP.CPI.TOTL.ZG,1994,23.73690506
PER,FP.CPI.TOTL.ZG,1995,11.12870297
PER,FP.CPI.TOTL.ZG,1996,11.53794241
PER,FP.CPI.TOTL.ZG,1997,8.56218949
PER,FP.CPI.TOTL.ZG,1998,7.247821752
PER,FP.CPI.TOTL.ZG,1999,3.469659963
PER,FP.CPI.TOTL.ZG,2000,3.757338333
PER,FP.CPI.TOTL.ZG,2001,1.977098785
PER,FP.CPI.TOTL.ZG,2002,0.193135004
PER,FP.CPI.TOTL.ZG,2003,2.259377534
PER,FP.CPI.TOTL.ZG,2004,3.662473201
PER,FP.CPI.TOTL.ZG,2005,1.616301939
PER,FP.CPI.TOTL.ZG,2006,2.002258012
PER,FP.CPI.TOTL.ZG,2007,1.779986447
PER,FP.CPI.TOTL.ZG,2008,5.785875982
PER,FP.CPI.TOTL.ZG,2009,2.936231536
PER,FP.CPI.TOTL.ZG,2010,1.528320597
PER,FP.CPI.TOTL.ZG,2011,3.369310953
PER,FP.CPI.TOTL.ZG,2012,3.611212949
PER,FP.CPI.TOTL.ZG,2013,2.767896661
PER,FP.CPI.TOTL.ZG,2014,3.411945798
PER,FP.CPI.TOTL.ZG,2015,3.398091947
PER,FP.CPI.TOTL.ZG,2016,3.557176636
PER,FP.CPI.TOTL.ZG,2017,2.994900458
PER,FP.CPI.TOTL.ZG,2018,1.50915423
PER,FP.CPI.TOTL.ZG,2019,2.252121914
PER,FP.CPI.TOTL.ZG,2020,2.002412058
PER,FP.CPI.TOTL.ZG,2021,4.271663815
PER,FP.CPI.TOTL.ZG,2022,8.333706301
PER,FP.CPI.TOTL.ZG,2023,6.455613484
PER,FP.CPI.TOTL.ZG,2024,2.007707394
PER,FP.CPI.TOTL.ZG,2025,1.531254503
PHL,FP.CPI.TOTL.ZG,1960,4.15482178
PHL,FP.CPI.TOTL.ZG,1961,1.595633005
PHL,FP.CPI.TOTL.ZG,1962,5.796652201
PHL,FP.CPI.TOTL.ZG,1963,5.62554937
PHL,FP.CPI.TOTL.ZG,1964,8.183079057
PHL,FP.CPI.TOTL.ZG,1965,2.564102564
PHL,FP.CPI.TOTL.ZG,1966,5.4
PHL,FP.CPI.TOTL.ZG,1967,6.253953194
PHL,FP.CPI.TOTL.ZG,1968,2.358806459
PHL,FP.CPI.TOTL.ZG,1969,1.955510323
PHL,FP.CPI.TOTL.ZG,1970,14.38146168
PHL,FP.CPI.TOTL.ZG,1971,21.40334354
PHL,FP.CPI.TOTL.ZG,1972,8.204034135
PHL,FP.CPI.TOTL.ZG,1973,16.58003226
PHL,FP.CPI.TOTL.ZG,1974,34.16359164
PHL,FP.CPI.TOTL.ZG,1975,6.761402705
PHL,FP.CPI.TOTL.ZG,1976,9.199227136
PHL,FP.CPI.TOTL.ZG,1977,9.898751597
PHL,FP.CPI.TOTL.ZG,1978,7.334525939
PHL,FP.CPI.TOTL.ZG,1979,17.53333333
PHL,FP.CPI.TOTL.ZG,1980,18.20051049
PHL,FP.CPI.TOTL.ZG,1981,13.08259852
PHL,FP.CPI.TOTL.ZG,1982,10.22172714
PHL,FP.CPI.TOTL.ZG,1983,10.02935656
PHL,FP.CPI.TOTL.ZG,1984,50.33897564
PHL,FP.CPI.TOTL.ZG,1985,23.10310718
PHL,FP.CPI.TOTL.ZG,1986,1.148137777
PHL,FP.CPI.TOTL.ZG,1987,4.069767442
PHL,FP.CPI.TOTL.ZG,1988,13.86006917
PHL,FP.CPI.TOTL.ZG,1989,12.24299065
PHL,FP.CPI.TOTL.ZG,1990,12.17735221
PHL,FP.CPI.TOTL.ZG,1991,19.26145853
PHL,FP.CPI.TOTL.ZG,1992,8.651003579
PHL,FP.CPI.TOTL.ZG,1993,6.716311041
PHL,FP.CPI.TOTL.ZG,1994,10.38647343
PHL,FP.CPI.TOTL.ZG,1995,6.83199611
PHL,FP.CPI.TOTL.ZG,1996,7.476103778
PHL,FP.CPI.TOTL.ZG,1997,5.590259397
PHL,FP.CPI.TOTL.ZG,1998,9.234934323
PHL,FP.CPI.TOTL.ZG,1999,5.939049018
PHL,FP.CPI.TOTL.ZG,2000,3.977125032
PHL,FP.CPI.TOTL.ZG,2001,5.345501956
PHL,FP.CPI.TOTL.ZG,2002,2.722772277
PHL,FP.CPI.TOTL.ZG,2003,2.289156627
PHL,FP.CPI.TOTL.ZG,2004,4.829210836
PHL,FP.CPI.TOTL.ZG,2005,6.516853933
PHL,FP.CPI.TOTL.ZG,2006,5.485232068
PHL,FP.CPI.TOTL.ZG,2007,2.9
PHL,FP.CPI.TOTL.ZG,2008,8.260447036
PHL,FP.CPI.TOTL.ZG,2009,4.219030521
PHL,FP.CPI.TOTL.ZG,2010,3.789836348
PHL,FP.CPI.TOTL.ZG,2011,4.718417047
PHL,FP.CPI.TOTL.ZG,2012,3.026963911
PHL,FP.CPI.TOTL.ZG,2013,2.582687661
PHL,FP.CPI.TOTL.ZG,2014,3.597823439
PHL,FP.CPI.TOTL.ZG,2015,0.674192537
PHL,FP.CPI.TOTL.ZG,2016,1.253698801
PHL,FP.CPI.TOTL.ZG,2017,2.853187726
PHL,FP.CPI.TOTL.ZG,2018,5.309346616
PHL,FP.CPI.TOTL.ZG,2019,2.392065344
PHL,FP.CPI.TOTL.ZG,2020,2.393162393
PHL,FP.CPI.TOTL.ZG,2021,3.927180221
PHL,FP.CPI.TOTL.ZG,2022,5.821158112
PHL,FP.CPI.TOTL.ZG,2023,5.978025155
PHL,FP.CPI.TOTL.ZG,2024,3.21260487
PHL,FP.CPI.TOTL.ZG,2025,1.658736453
POL,FP.CPI.TOTL.ZG,1960,
POL,FP.CPI.TOTL.ZG,1961,
POL,FP.CPI.TOTL.ZG,1962,
POL,FP.CPI.TOTL.ZG,1963,
POL,FP.CPI.TOTL.ZG,1964,
POL,FP.CPI.TOTL.ZG,1965,
POL,FP.CPI.TOTL.ZG,1966,
POL,FP.CPI.TOTL.ZG,1967,
POL,FP.CPI.TOTL.ZG,1968,
POL,FP.CPI.TOTL.ZG,1969,
POL,FP.CPI.TOTL.ZG,1970,
POL,FP.CPI.TOTL.ZG,1971,1.099999999
POL,FP.CPI.TOTL.ZG,1972,-0.098911967
POL,FP.CPI.TOTL.ZG,1973,2.475247525
POL,FP.CPI.TOTL.ZG,1974,7.053140096
POL,FP.CPI.TOTL.ZG,1975,2.25631769
POL,FP.CPI.TOTL.ZG,1976,4.413062666
POL,FP.CPI.TOTL.ZG,1977,4.902789518
POL,FP.CPI.TOTL.ZG,1978,8.101265823
POL,FP.CPI.TOTL.ZG,1979,7.025761124
POL,FP.CPI.TOTL.ZG,1980,9.682713348
POL,FP.CPI.TOTL.ZG,1981,19.12718204
POL,FP.CPI.TOTL.ZG,1982,103.5587189
POL,FP.CPI.TOTL.ZG,1983,25.53475936
POL,FP.CPI.TOTL.ZG,1984,15.40099943
POL,FP.CPI.TOTL.ZG,1985,11.52126074
POL,FP.CPI.TOTL.ZG,1986,16.54996817
POL,FP.CPI.TOTL.ZG,1987,26.37902785
POL,FP.CPI.TOTL.ZG,1988,58.72082973
POL,FP.CPI.TOTL.ZG,1989,244.550933
POL,FP.CPI.TOTL.ZG,1990,567.8788007
POL,FP.CPI.TOTL.ZG,1991,76.76949921
POL,FP.CPI.TOTL.ZG,1992,46.0985621
POL,FP.CPI.TOTL.ZG,1993,36.96416661
POL,FP.CPI.TOTL.ZG,1994,32.99127661
POL,FP.CPI.TOTL.ZG,1995,27.95138856
POL,FP.CPI.TOTL.ZG,1996,19.79496692
POL,FP.CPI.TOTL.ZG,1997,14.91315861
POL,FP.CPI.TOTL.ZG,1998,11.59785543
POL,FP.CPI.TOTL.ZG,1999,7.154072912
POL,FP.CPI.TOTL.ZG,2000,9.900175388
POL,FP.CPI.TOTL.ZG,2001,5.408335456
POL,FP.CPI.TOTL.ZG,2002,1.90528215
POL,FP.CPI.TOTL.ZG,2003,0.682701376
POL,FP.CPI.TOTL.ZG,2004,3.382646819
POL,FP.CPI.TOTL.ZG,2005,2.183798724
POL,FP.CPI.TOTL.ZG,2006,1.284693944
POL,FP.CPI.TOTL.ZG,2007,2.458743124
POL,FP.CPI.TOTL.ZG,2008,4.164971935
POL,FP.CPI.TOTL.ZG,2009,3.795392425
POL,FP.CPI.TOTL.ZG,2010,2.580693703
POL,FP.CPI.TOTL.ZG,2011,4.239401496
POL,FP.CPI.TOTL.ZG,2012,3.560371517
POL,FP.CPI.TOTL.ZG,2013,0.991982606
POL,FP.CPI.TOTL.ZG,2014,0.053821313
POL,FP.CPI.TOTL.ZG,2015,-0.874125874
POL,FP.CPI.TOTL.ZG,2016,-0.664767331
POL,FP.CPI.TOTL.ZG,2017,2.075935537
POL,FP.CPI.TOTL.ZG,2018,1.812951565
POL,FP.CPI.TOTL.ZG,2019,2.227478809
POL,FP.CPI.TOTL.ZG,2020,3.374469726
POL,FP.CPI.TOTL.ZG,2021,5.055027047
POL,FP.CPI.TOTL.ZG,2022,14.42945076
POL,FP.CPI.TOTL.ZG,2023,11.5289128
POL,FP.CPI.TOTL.ZG,2024,3.790608976
POL,FP.CPI.TOTL.ZG,2025,3.814195315
PRT,FP.CPI.TOTL.ZG,1960,3.046592778
PRT,FP.CPI.TOTL.ZG,1961,1.54899697
PRT,FP.CPI.TOTL.ZG,1962,2.662064179
PRT,FP.CPI.TOTL.ZG,1963,2.021582728
PRT,FP.CPI.TOTL.ZG,1964,3.444898482
PRT,FP.CPI.TOTL.ZG,1965,3.424927777
PRT,FP.CPI.TOTL.ZG,1966,5.039267219
PRT,FP.CPI.TOTL.ZG,1967,5.526476008
PRT,FP.CPI.TOTL.ZG,1968,6.081361711
PRT,FP.CPI.TOTL.ZG,1969,8.782771056
PRT,FP.CPI.TOTL.ZG,1970,6.38014449
PRT,FP.CPI.TOTL.ZG,1971,11.94689837
PRT,FP.CPI.TOTL.ZG,1972,10.66335598
PRT,FP.CPI.TOTL.ZG,1973,12.97460852
PRT,FP.CPI.TOTL.ZG,1974,25.08277786
PRT,FP.CPI.TOTL.ZG,1975,15.27168575
PRT,FP.CPI.TOTL.ZG,1976,21.1419048
PRT,FP.CPI.TOTL.ZG,1977,31.0167491
PRT,FP.CPI.TOTL.ZG,1978,21.03877236
PRT,FP.CPI.TOTL.ZG,1979,21.89922481
PRT,FP.CPI.TOTL.ZG,1980,15.86748038
PRT,FP.CPI.TOTL.ZG,1981,19.04041075
PRT,FP.CPI.TOTL.ZG,1982,21.67928373
PRT,FP.CPI.TOTL.ZG,1983,24.00276238
PRT,FP.CPI.TOTL.ZG,1984,28.38463889
PRT,FP.CPI.TOTL.ZG,1985,19.46141001
PRT,FP.CPI.TOTL.ZG,1986,12.33133349
PRT,FP.CPI.TOTL.ZG,1987,9.634831862
PRT,FP.CPI.TOTL.ZG,1988,10.10163212
PRT,FP.CPI.TOTL.ZG,1989,12.68630365
PRT,FP.CPI.TOTL.ZG,1990,13.63057057
PRT,FP.CPI.TOTL.ZG,1991,11.84948418
PRT,FP.CPI.TOTL.ZG,1992,9.559260332
PRT,FP.CPI.TOTL.ZG,1993,6.783779947
PRT,FP.CPI.TOTL.ZG,1994,5.420440192
PRT,FP.CPI.TOTL.ZG,1995,4.222816141
PRT,FP.CPI.TOTL.ZG,1996,3.068977325
PRT,FP.CPI.TOTL.ZG,1997,2.336862983
PRT,FP.CPI.TOTL.ZG,1998,2.572752259
PRT,FP.CPI.TOTL.ZG,1999,2.340094903
PRT,FP.CPI.TOTL.ZG,2000,2.853030393
PRT,FP.CPI.TOTL.ZG,2001,4.369903306
PRT,FP.CPI.TOTL.ZG,2002,3.600346583
PRT,FP.CPI.TOTL.ZG,2003,3.218990907
PRT,FP.CPI.TOTL.ZG,2004,2.365362041
PRT,FP.CPI.TOTL.ZG,2005,2.277163949
PRT,FP.CPI.TOTL.ZG,2006,3.107665459
PRT,FP.CPI.TOTL.ZG,2007,2.453965281
PRT,FP.CPI.TOTL.ZG,2008,2.588506577
PRT,FP.CPI.TOTL.ZG,2009,-0.835530022
PRT,FP.CPI.TOTL.ZG,2010,1.402572899
PRT,FP.CPI.TOTL.ZG,2011,3.653011004
PRT,FP.CPI.TOTL.ZG,2012,2.773338541
PRT,FP.CPI.TOTL.ZG,2013,0.274416667
PRT,FP.CPI.TOTL.ZG,2014,-0.278153367
PRT,FP.CPI.TOTL.ZG,2015,0.487938624
PRT,FP.CPI.TOTL.ZG,2016,0.607397075
PRT,FP.CPI.TOTL.ZG,2017,1.368614116
PRT,FP.CPI.TOTL.ZG,2018,0.993715683
PRT,FP.CPI.TOTL.ZG,2019,0.33817841
PRT,FP.CPI.TOTL.ZG,2020,-0.01243833
PRT,FP.CPI.TOTL.ZG,2021,1.265657191
PRT,FP.CPI.TOTL.ZG,2022,7.832691242
PRT,FP.CPI.TOTL.ZG,2023,4.311281919
PRT,FP.CPI.TOTL.ZG,2024,2.416131878
PRT,FP.CPI.TOTL.ZG,2025,2.336016203
PRI,FP.CPI.TOTL.ZG,1960,
PRI,FP.CPI.TOTL.ZG,1961,
PRI,FP.CPI.TOTL.ZG,1962,
PRI,FP.CPI.TOTL.ZG,1963,
PRI,FP.CPI.TOTL.ZG,1964,
PRI,FP.CPI.TOTL.ZG,1965,
PRI,FP.CPI.TOTL.ZG,1966,
PRI,FP.CPI.TOTL.ZG,1967,
PRI,FP.CPI.TOTL.ZG,1968,
PRI,FP.CPI.TOTL.ZG,1969,
PRI,FP.CPI.TOTL.ZG,1970,
PRI,FP.CPI.TOTL.ZG,1971,
PRI,FP.CPI.TOTL.ZG,1972,
PRI,FP.CPI.TOTL.ZG,1973,
PRI,FP.CPI.TOTL.ZG,1974,
PRI,FP.CPI.TOTL.ZG,1975,
PRI,FP.CPI.TOTL.ZG,1976,
PRI,FP.CPI.TOTL.ZG,1977,
PRI,FP.CPI.TOTL.ZG,1978,
PRI,FP.CPI.TOTL.ZG,1979,
PRI,FP.CPI.TOTL.ZG,1980,
PRI,FP.CPI.TOTL.ZG,1981,
PRI,FP.CPI.TOTL.ZG,1982,
PRI,FP.CPI.TOTL.ZG,1983,
PRI,FP.CPI.TOTL.ZG,1984,
PRI,FP.CPI.TOTL.ZG,1985,
PRI,FP.CPI.TOTL.ZG,1986,
PRI,FP.CPI.TOTL.ZG,1987,
PRI,FP.CPI.TOTL.ZG,1988,
PRI,FP.CPI.TOTL.ZG,1989,
PRI,FP.CPI.TOTL.ZG,1990,
PRI,FP.CPI.TOTL.ZG,1991,
PRI,FP.CPI.TOTL.ZG,1992,
PRI,FP.CPI.TOTL.ZG,1993,
PRI,FP.CPI.TOTL.ZG,1994,
PRI,FP.CPI.TOTL.ZG,1995,
PRI,FP.CPI.TOTL.ZG,1996,
PRI,FP.CPI.TOTL.ZG,1997,
PRI,FP.CPI.TOTL.ZG,1998,
PRI,FP.CPI.TOTL.ZG,1999,
PRI,FP.CPI.TOTL.ZG,2000,
PRI,FP.CPI.TOTL.ZG,2001,
PRI,FP.CPI.TOTL.ZG,2002,
PRI,FP.CPI.TOTL.ZG,2003,
PRI,FP.CPI.TOTL.ZG,2004,
PRI,FP.CPI.TOTL.ZG,2005,
PRI,FP.CPI.TOTL.ZG,2006,
PRI,FP.CPI.TOTL.ZG,2007,
PRI,FP.CPI.TOTL.ZG,2008,
PRI,FP.CPI.TOTL.ZG,2009,
PRI,FP.CPI.TOTL.ZG,2010,
PRI,FP.CPI.TOTL.ZG,2011,
PRI,FP.CPI.TOTL.ZG,2012,
PRI,FP.CPI.TOTL.ZG,2013,
PRI,FP.CPI.TOTL.ZG,2014,
PRI,FP.CPI.TOTL.ZG,2015,
PRI,FP.CPI.TOTL.ZG,2016,
PRI,FP.CPI.TOTL.ZG,2017,
PRI,FP.CPI.TOTL.ZG,2018,
PRI,FP.CPI.TOTL.ZG,2019,
PRI,FP.CPI.TOTL.ZG,2020,
PRI,FP.CPI.TOTL.ZG,2021,
PRI,FP.CPI.TOTL.ZG,2022,
PRI,FP.CPI.TOTL.ZG,2023,
PRI,FP.CPI.TOTL.ZG,2024,
PRI,FP.CPI.TOTL.ZG,2025,
QAT,FP.CPI.TOTL.ZG,1960,
QAT,FP.CPI.TOTL.ZG,1961,
QAT,FP.CPI.TOTL.ZG,1962,
QAT,FP.CPI.TOTL.ZG,1963,
QAT,FP.CPI.TOTL.ZG,1964,
QAT,FP.CPI.TOTL.ZG,1965,
QAT,FP.CPI.TOTL.ZG,1966,
QAT,FP.CPI.TOTL.ZG,1967,
QAT,FP.CPI.TOTL.ZG,1968,
QAT,FP.CPI.TOTL.ZG,1969,
QAT,FP.CPI.TOTL.ZG,1970,
QAT,FP.CPI.TOTL.ZG,1971,
QAT,FP.CPI.TOTL.ZG,1972,
QAT,FP.CPI.TOTL.ZG,1973,
QAT,FP.CPI.TOTL.ZG,1974,
QAT,FP.CPI.TOTL.ZG,1975,
QAT,FP.CPI.TOTL.ZG,1976,
QAT,FP.CPI.TOTL.ZG,1977,
QAT,FP.CPI.TOTL.ZG,1978,
QAT,FP.CPI.TOTL.ZG,1979,
QAT,FP.CPI.TOTL.ZG,1980,6.799999999
QAT,FP.CPI.TOTL.ZG,1981,8.520599251
QAT,FP.CPI.TOTL.ZG,1982,5.7
QAT,FP.CPI.TOTL.ZG,1983,2.743614001
QAT,FP.CPI.TOTL.ZG,1984,1.104972376
QAT,FP.CPI.TOTL.ZG,1985,1.912568307
QAT,FP.CPI.TOTL.ZG,1986,0.757575758
QAT,FP.CPI.TOTL.ZG,1987,2.68528464
QAT,FP.CPI.TOTL.ZG,1988,4.60251046
QAT,FP.CPI.TOTL.ZG,1989,3.3
QAT,FP.CPI.TOTL.ZG,1990,3.000968054
QAT,FP.CPI.TOTL.ZG,1991,4.417293233
QAT,FP.CPI.TOTL.ZG,1992,3.060306031
QAT,FP.CPI.TOTL.ZG,1993,-0.873362445
QAT,FP.CPI.TOTL.ZG,1994,1.321585903
QAT,FP.CPI.TOTL.ZG,1995,2.956521739
QAT,FP.CPI.TOTL.ZG,1996,4.904534606
QAT,FP.CPI.TOTL.ZG,1997,4.834489819
QAT,FP.CPI.TOTL.ZG,1998,2.951388889
QAT,FP.CPI.TOTL.ZG,1999,2.181703204
QAT,FP.CPI.TOTL.ZG,2000,1.650335224
QAT,FP.CPI.TOTL.ZG,2001,1.471334348
QAT,FP.CPI.TOTL.ZG,2002,0.24
QAT,FP.CPI.TOTL.ZG,2003,2.264565044
QAT,FP.CPI.TOTL.ZG,2004,6.79933665
QAT,FP.CPI.TOTL.ZG,2005,8.814395323
QAT,FP.CPI.TOTL.ZG,2006,11.83580962
QAT,FP.CPI.TOTL.ZG,2007,13.75816258
QAT,FP.CPI.TOTL.ZG,2008,15.05014516
QAT,FP.CPI.TOTL.ZG,2009,-4.863278016
QAT,FP.CPI.TOTL.ZG,2010,-2.425256752
QAT,FP.CPI.TOTL.ZG,2011,1.138366235
QAT,FP.CPI.TOTL.ZG,2012,2.315348534
QAT,FP.CPI.TOTL.ZG,2013,3.221977568
QAT,FP.CPI.TOTL.ZG,2014,3.349720857
QAT,FP.CPI.TOTL.ZG,2015,1.814077239
QAT,FP.CPI.TOTL.ZG,2016,2.676591701
QAT,FP.CPI.TOTL.ZG,2017,0.394878914
QAT,FP.CPI.TOTL.ZG,2018,0.255815383
QAT,FP.CPI.TOTL.ZG,2019,-0.666641125
QAT,FP.CPI.TOTL.ZG,2020,-2.54031503
QAT,FP.CPI.TOTL.ZG,2021,2.304465657
QAT,FP.CPI.TOTL.ZG,2022,4.995275537
QAT,FP.CPI.TOTL.ZG,2023,3.027648992
QAT,FP.CPI.TOTL.ZG,2024,1.267343103
QAT,FP.CPI.TOTL.ZG,2025,
ROU,FP.CPI.TOTL.ZG,1960,
ROU,FP.CPI.TOTL.ZG,1961,
ROU,FP.CPI.TOTL.ZG,1962,
ROU,FP.CPI.TOTL.ZG,1963,
ROU,FP.CPI.TOTL.ZG,1964,
ROU,FP.CPI.TOTL.ZG,1965,
ROU,FP.CPI.TOTL.ZG,1966,
ROU,FP.CPI.TOTL.ZG,1967,
ROU,FP.CPI.TOTL.ZG,1968,
ROU,FP.CPI.TOTL.ZG,1969,
ROU,FP.CPI.TOTL.ZG,1970,
ROU,FP.CPI.TOTL.ZG,1971,
ROU,FP.CPI.TOTL.ZG,1972,
ROU,FP.CPI.TOTL.ZG,1973,
ROU,FP.CPI.TOTL.ZG,1974,
ROU,FP.CPI.TOTL.ZG,1975,
ROU,FP.CPI.TOTL.ZG,1976,
ROU,FP.CPI.TOTL.ZG,1977,
ROU,FP.CPI.TOTL.ZG,1978,
ROU,FP.CPI.TOTL.ZG,1979,
ROU,FP.CPI.TOTL.ZG,1980,
ROU,FP.CPI.TOTL.ZG,1981,
ROU,FP.CPI.TOTL.ZG,1982,
ROU,FP.CPI.TOTL.ZG,1983,
ROU,FP.CPI.TOTL.ZG,1984,
ROU,FP.CPI.TOTL.ZG,1985,
ROU,FP.CPI.TOTL.ZG,1986,
ROU,FP.CPI.TOTL.ZG,1987,
ROU,FP.CPI.TOTL.ZG,1988,
ROU,FP.CPI.TOTL.ZG,1989,
ROU,FP.CPI.TOTL.ZG,1990,
ROU,FP.CPI.TOTL.ZG,1991,230.6224949
ROU,FP.CPI.TOTL.ZG,1992,211.2055876
ROU,FP.CPI.TOTL.ZG,1993,255.1668618
ROU,FP.CPI.TOTL.ZG,1994,136.7593928
ROU,FP.CPI.TOTL.ZG,1995,32.24248473
ROU,FP.CPI.TOTL.ZG,1996,38.82930134
ROU,FP.CPI.TOTL.ZG,1997,154.7634804
ROU,FP.CPI.TOTL.ZG,1998,59.09658275
ROU,FP.CPI.TOTL.ZG,1999,45.80378113
ROU,FP.CPI.TOTL.ZG,2000,45.66659404
ROU,FP.CPI.TOTL.ZG,2001,34.47701235
ROU,FP.CPI.TOTL.ZG,2002,22.53988626
ROU,FP.CPI.TOTL.ZG,2003,15.27348899
ROU,FP.CPI.TOTL.ZG,2004,11.87436359
ROU,FP.CPI.TOTL.ZG,2005,9.014912833
ROU,FP.CPI.TOTL.ZG,2006,6.558514123
ROU,FP.CPI.TOTL.ZG,2007,4.837329283
ROU,FP.CPI.TOTL.ZG,2008,7.850802557
ROU,FP.CPI.TOTL.ZG,2009,5.587420043
ROU,FP.CPI.TOTL.ZG,2010,6.091416686
ROU,FP.CPI.TOTL.ZG,2011,5.789253288
ROU,FP.CPI.TOTL.ZG,2012,3.334922677
ROU,FP.CPI.TOTL.ZG,2013,3.984712355
ROU,FP.CPI.TOTL.ZG,2014,1.068309877
ROU,FP.CPI.TOTL.ZG,2015,-0.594156437
ROU,FP.CPI.TOTL.ZG,2016,-1.544796668
ROU,FP.CPI.TOTL.ZG,2017,1.339021211
ROU,FP.CPI.TOTL.ZG,2018,4.625484431
ROU,FP.CPI.TOTL.ZG,2019,3.827854326
ROU,FP.CPI.TOTL.ZG,2020,2.631073112
ROU,FP.CPI.TOTL.ZG,2021,5.052328761
ROU,FP.CPI.TOTL.ZG,2022,13.79548874
ROU,FP.CPI.TOTL.ZG,2023,10.39718748
ROU,FP.CPI.TOTL.ZG,2024,5.721405744
ROU,FP.CPI.TOTL.ZG,2025,7.189033623
RUS,FP.CPI.TOTL.ZG,1960,
RUS,FP.CPI.TOTL.ZG,1961,
RUS,FP.CPI.TOTL.ZG,1962,
RUS,FP.CPI.TOTL.ZG,1963,
RUS,FP.CPI.TOTL.ZG,1964,
RUS,FP.CPI.TOTL.ZG,1965,
RUS,FP.CPI.TOTL.ZG,1966,
RUS,FP.CPI.TOTL.ZG,1967,
RUS,FP.CPI.TOTL.ZG,1968,
RUS,FP.CPI.TOTL.ZG,1969,
RUS,FP.CPI.TOTL.ZG,1970,
RUS,FP.CPI.TOTL.ZG,1971,
RUS,FP.CPI.TOTL.ZG,1972,
RUS,FP.CPI.TOTL.ZG,1973,
RUS,FP.CPI.TOTL.ZG,1974,
RUS,FP.CPI.TOTL.ZG,1975,
RUS,FP.CPI.TOTL.ZG,1976,
RUS,FP.CPI.TOTL.ZG,1977,
RUS,FP.CPI.TOTL.ZG,1978,
RUS,FP.CPI.TOTL.ZG,1979,
RUS,FP.CPI.TOTL.ZG,1980,
RUS,FP.CPI.TOTL.ZG,1981,
RUS,FP.CPI.TOTL.ZG,1982,
RUS,FP.CPI.TOTL.ZG,1983,
RUS,FP.CPI.TOTL.ZG,1984,
RUS,FP.CPI.TOTL.ZG,1985,
RUS,FP.CPI.TOTL.ZG,1986,
RUS,FP.CPI.TOTL.ZG,1987,
RUS,FP.CPI.TOTL.ZG,1988,
RUS,FP.CPI.TOTL.ZG,1989,
RUS,FP.CPI.TOTL.ZG,1990,
RUS,FP.CPI.TOTL.ZG,1991,
RUS,FP.CPI.TOTL.ZG,1992,
RUS,FP.CPI.TOTL.ZG,1993,874.2457204
RUS,FP.CPI.TOTL.ZG,1994,307.7226356
RUS,FP.CPI.TOTL.ZG,1995,197.4142681
RUS,FP.CPI.TOTL.ZG,1996,47.7520122
RUS,FP.CPI.TOTL.ZG,1997,14.76132927
RUS,FP.CPI.TOTL.ZG,1998,27.68567981
RUS,FP.CPI.TOTL.ZG,1999,85.7464941
RUS,FP.CPI.TOTL.ZG,2000,20.79876066
RUS,FP.CPI.TOTL.ZG,2001,21.47700721
RUS,FP.CPI.TOTL.ZG,2002,15.78873079
RUS,FP.CPI.TOTL.ZG,2003,13.66329302
RUS,FP.CPI.TOTL.ZG,2004,10.88861573
RUS,FP.CPI.TOTL.ZG,2005,12.68530395
RUS,FP.CPI.TOTL.ZG,2006,9.668654548
RUS,FP.CPI.TOTL.ZG,2007,9.007298689
RUS,FP.CPI.TOTL.ZG,2008,14.11076778
RUS,FP.CPI.TOTL.ZG,2009,11.64732958
RUS,FP.CPI.TOTL.ZG,2010,6.849392303
RUS,FP.CPI.TOTL.ZG,2011,8.440464859
RUS,FP.CPI.TOTL.ZG,2012,5.074743008
RUS,FP.CPI.TOTL.ZG,2013,6.754668339
RUS,FP.CPI.TOTL.ZG,2014,7.8201697
RUS,FP.CPI.TOTL.ZG,2015,15.53439599
RUS,FP.CPI.TOTL.ZG,2016,7.042437254
RUS,FP.CPI.TOTL.ZG,2017,3.683330723
RUS,FP.CPI.TOTL.ZG,2018,2.878313826
RUS,FP.CPI.TOTL.ZG,2019,4.472026318
RUS,FP.CPI.TOTL.ZG,2020,3.382197969
RUS,FP.CPI.TOTL.ZG,2021,6.69445892
RUS,FP.CPI.TOTL.ZG,2022,13.74367974
RUS,FP.CPI.TOTL.ZG,2023,5.865719317
RUS,FP.CPI.TOTL.ZG,2024,8.434864105
RUS,FP.CPI.TOTL.ZG,2025,8.719869394
RWA,FP.CPI.TOTL.ZG,1960,
RWA,FP.CPI.TOTL.ZG,1961,
RWA,FP.CPI.TOTL.ZG,1962,
RWA,FP.CPI.TOTL.ZG,1963,
RWA,FP.CPI.TOTL.ZG,1964,
RWA,FP.CPI.TOTL.ZG,1965,
RWA,FP.CPI.TOTL.ZG,1966,
RWA,FP.CPI.TOTL.ZG,1967,1.4529273
RWA,FP.CPI.TOTL.ZG,1968,3.161936973
RWA,FP.CPI.TOTL.ZG,1969,0.484939553
RWA,FP.CPI.TOTL.ZG,1970,0.514885808
RWA,FP.CPI.TOTL.ZG,1971,0.488580074
RWA,FP.CPI.TOTL.ZG,1972,3.092193809
RWA,FP.CPI.TOTL.ZG,1973,9.373674076
RWA,FP.CPI.TOTL.ZG,1974,31.08829937
RWA,FP.CPI.TOTL.ZG,1975,30.22604657
RWA,FP.CPI.TOTL.ZG,1976,7.165861514
RWA,FP.CPI.TOTL.ZG,1977,13.65514651
RWA,FP.CPI.TOTL.ZG,1978,13.2705338
RWA,FP.CPI.TOTL.ZG,1979,15.67332944
RWA,FP.CPI.TOTL.ZG,1980,7.249392993
RWA,FP.CPI.TOTL.ZG,1981,6.450664472
RWA,FP.CPI.TOTL.ZG,1982,12.56513653
RWA,FP.CPI.TOTL.ZG,1983,6.593002143
RWA,FP.CPI.TOTL.ZG,1984,5.369570388
RWA,FP.CPI.TOTL.ZG,1985,1.759330057
RWA,FP.CPI.TOTL.ZG,1986,-1.117066573
RWA,FP.CPI.TOTL.ZG,1987,4.133014908
RWA,FP.CPI.TOTL.ZG,1988,2.978643557
RWA,FP.CPI.TOTL.ZG,1989,1.010278248
RWA,FP.CPI.TOTL.ZG,1990,4.185763726
RWA,FP.CPI.TOTL.ZG,1991,19.63716581
RWA,FP.CPI.TOTL.ZG,1992,9.560411876
RWA,FP.CPI.TOTL.ZG,1993,12.35438876
RWA,FP.CPI.TOTL.ZG,1994,
RWA,FP.CPI.TOTL.ZG,1995,
RWA,FP.CPI.TOTL.ZG,1996,7.411371735
RWA,FP.CPI.TOTL.ZG,1997,12.01542252
RWA,FP.CPI.TOTL.ZG,1998,6.210067095
RWA,FP.CPI.TOTL.ZG,1999,-2.405932097
RWA,FP.CPI.TOTL.ZG,2000,3.899529803
RWA,FP.CPI.TOTL.ZG,2001,3.342855067
RWA,FP.CPI.TOTL.ZG,2002,1.992585425
RWA,FP.CPI.TOTL.ZG,2003,7.44970014
RWA,FP.CPI.TOTL.ZG,2004,12.25071029
RWA,FP.CPI.TOTL.ZG,2005,9.014089181
RWA,FP.CPI.TOTL.ZG,2006,8.882826548
RWA,FP.CPI.TOTL.ZG,2007,9.080722059
RWA,FP.CPI.TOTL.ZG,2008,15.43821387
RWA,FP.CPI.TOTL.ZG,2009,12.94439784
RWA,FP.CPI.TOTL.ZG,2010,-0.246128693
RWA,FP.CPI.TOTL.ZG,2011,3.080170692
RWA,FP.CPI.TOTL.ZG,2012,10.27101823
RWA,FP.CPI.TOTL.ZG,2013,5.92426868
RWA,FP.CPI.TOTL.ZG,2014,2.354490528
RWA,FP.CPI.TOTL.ZG,2015,2.528502842
RWA,FP.CPI.TOTL.ZG,2016,7.17434302
RWA,FP.CPI.TOTL.ZG,2017,8.279536723
RWA,FP.CPI.TOTL.ZG,2018,-0.31121016
RWA,FP.CPI.TOTL.ZG,2019,3.34787655
RWA,FP.CPI.TOTL.ZG,2020,9.850399023
RWA,FP.CPI.TOTL.ZG,2021,-0.391346748
RWA,FP.CPI.TOTL.ZG,2022,17.68920956
RWA,FP.CPI.TOTL.ZG,2023,19.78954675
RWA,FP.CPI.TOTL.ZG,2024,1.770292402
RWA,FP.CPI.TOTL.ZG,2025,5.913000169
WSM,FP.CPI.TOTL.ZG,1960,
WSM,FP.CPI.TOTL.ZG,1961,
WSM,FP.CPI.TOTL.ZG,1962,2.654867257
WSM,FP.CPI.TOTL.ZG,1963,0.689655172
WSM,FP.CPI.TOTL.ZG,1964,5.308219178
WSM,FP.CPI.TOTL.ZG,1965,2.113821138
WSM,FP.CPI.TOTL.ZG,1966,2.866242038
WSM,FP.CPI.TOTL.ZG,1967,-0.515995872
WSM,FP.CPI.TOTL.ZG,1968,1.711618257
WSM,FP.CPI.TOTL.ZG,1969,4.13054564
WSM,FP.CPI.TOTL.ZG,1970,2.742409403
WSM,FP.CPI.TOTL.ZG,1971,4.766444233
WSM,FP.CPI.TOTL.ZG,1972,7.506824386
WSM,FP.CPI.TOTL.ZG,1973,11.764243
WSM,FP.CPI.TOTL.ZG,1974,24.98767866
WSM,FP.CPI.TOTL.ZG,1975,8.787742226
WSM,FP.CPI.TOTL.ZG,1976,4.903686827
WSM,FP.CPI.TOTL.ZG,1977,14.61079027
WSM,FP.CPI.TOTL.ZG,1978,2.058658857
WSM,FP.CPI.TOTL.ZG,1979,11.119551
WSM,FP.CPI.TOTL.ZG,1980,33.0472429
WSM,FP.CPI.TOTL.ZG,1981,20.50662445
WSM,FP.CPI.TOTL.ZG,1982,18.29622459
WSM,FP.CPI.TOTL.ZG,1983,16.46013561
WSM,FP.CPI.TOTL.ZG,1984,11.86006826
WSM,FP.CPI.TOTL.ZG,1985,9.090501189
WSM,FP.CPI.TOTL.ZG,1986,5.733558179
WSM,FP.CPI.TOTL.ZG,1987,4.566849496
WSM,FP.CPI.TOTL.ZG,1988,8.507868011
WSM,FP.CPI.TOTL.ZG,1989,6.462561711
WSM,FP.CPI.TOTL.ZG,1990,15.23846327
WSM,FP.CPI.TOTL.ZG,1991,-1.819197988
WSM,FP.CPI.TOTL.ZG,1992,9.031137929
WSM,FP.CPI.TOTL.ZG,1993,1.715091237
WSM,FP.CPI.TOTL.ZG,1994,12.08038189
WSM,FP.CPI.TOTL.ZG,1995,-2.903528657
WSM,FP.CPI.TOTL.ZG,1996,5.37461972
WSM,FP.CPI.TOTL.ZG,1997,6.861823553
WSM,FP.CPI.TOTL.ZG,1998,2.218834688
WSM,FP.CPI.TOTL.ZG,1999,0.265120133
WSM,FP.CPI.TOTL.ZG,2000,0.96678235
WSM,FP.CPI.TOTL.ZG,2001,3.838284639
WSM,FP.CPI.TOTL.ZG,2002,8.050314465
WSM,FP.CPI.TOTL.ZG,2003,0.115830116
WSM,FP.CPI.TOTL.ZG,2004,16.31315079
WSM,FP.CPI.TOTL.ZG,2005,1.856763926
WSM,FP.CPI.TOTL.ZG,2006,3.700086806
WSM,FP.CPI.TOTL.ZG,2007,5.577063932
WSM,FP.CPI.TOTL.ZG,2008,11.56590684
WSM,FP.CPI.TOTL.ZG,2009,6.324953362
WSM,FP.CPI.TOTL.ZG,2010,0.777007269
WSM,FP.CPI.TOTL.ZG,2011,5.235415915
WSM,FP.CPI.TOTL.ZG,2012,2.049018835
WSM,FP.CPI.TOTL.ZG,2013,0.610085721
WSM,FP.CPI.TOTL.ZG,2014,-0.406816088
WSM,FP.CPI.TOTL.ZG,2015,0.724470135
WSM,FP.CPI.TOTL.ZG,2016,1.304718693
WSM,FP.CPI.TOTL.ZG,2017,1.749896775
WSM,FP.CPI.TOTL.ZG,2018,4.197458887
WSM,FP.CPI.TOTL.ZG,2019,0.98232657
WSM,FP.CPI.TOTL.ZG,2020,-1.568912477
WSM,FP.CPI.TOTL.ZG,2021,3.133204732
WSM,FP.CPI.TOTL.ZG,2022,10.96188223
WSM,FP.CPI.TOTL.ZG,2023,7.921646848
WSM,FP.CPI.TOTL.ZG,2024,2.172455305
WSM,FP.CPI.TOTL.ZG,2025,2.211962076
SMR,FP.CPI.TOTL.ZG,1960,
SMR,FP.CPI.TOTL.ZG,1961,
SMR,FP.CPI.TOTL.ZG,1962,
SMR,FP.CPI.TOTL.ZG,1963,
SMR,FP.CPI.TOTL.ZG,1964,
SMR,FP.CPI.TOTL.ZG,1965,
SMR,FP.CPI.TOTL.ZG,1966,
SMR,FP.CPI.TOTL.ZG,1967,
SMR,FP.CPI.TOTL.ZG,1968,
SMR,FP.CPI.TOTL.ZG,1969,
SMR,FP.CPI.TOTL.ZG,1970,
SMR,FP.CPI.TOTL.ZG,1971,
SMR,FP.CPI.TOTL.ZG,1972,
SMR,FP.CPI.TOTL.ZG,1973,
SMR,FP.CPI.TOTL.ZG,1974,
SMR,FP.CPI.TOTL.ZG,1975,
SMR,FP.CPI.TOTL.ZG,1976,
SMR,FP.CPI.TOTL.ZG,1977,
SMR,FP.CPI.TOTL.ZG,1978,
SMR,FP.CPI.TOTL.ZG,1979,
SMR,FP.CPI.TOTL.ZG,1980,
SMR,FP.CPI.TOTL.ZG,1981,
SMR,FP.CPI.TOTL.ZG,1982,
SMR,FP.CPI.TOTL.ZG,1983,
SMR,FP.CPI.TOTL.ZG,1984,
SMR,FP.CPI.TOTL.ZG,1985,
SMR,FP.CPI.TOTL.ZG,1986,
SMR,FP.CPI.TOTL.ZG,1987,
SMR,FP.CPI.TOTL.ZG,1988,
SMR,FP.CPI.TOTL.ZG,1989,
SMR,FP.CPI.TOTL.ZG,1990,
SMR,FP.CPI.TOTL.ZG,1991,
SMR,FP.CPI.TOTL.ZG,1992,
SMR,FP.CPI.TOTL.ZG,1993,
SMR,FP.CPI.TOTL.ZG,1994,
SMR,FP.CPI.TOTL.ZG,1995,
SMR,FP.CPI.TOTL.ZG,1996,
SMR,FP.CPI.TOTL.ZG,1997,
SMR,FP.CPI.TOTL.ZG,1998,
SMR,FP.CPI.TOTL.ZG,1999,
SMR,FP.CPI.TOTL.ZG,2000,
SMR,FP.CPI.TOTL.ZG,2001,
SMR,FP.CPI.TOTL.ZG,2002,
SMR,FP.CPI.TOTL.ZG,2003,
SMR,FP.CPI.TOTL.ZG,2004,1.430838685
SMR,FP.CPI.TOTL.ZG,2005,1.685488905
SMR,FP.CPI.TOTL.ZG,2006,2.095259356
SMR,FP.CPI.TOTL.ZG,2007,2.498945757
SMR,FP.CPI.TOTL.ZG,2008,4.293202493
SMR,FP.CPI.TOTL.ZG,2009,2.19959237
SMR,FP.CPI.TOTL.ZG,2010,2.585418156
SMR,FP.CPI.TOTL.ZG,2011,2.899795843
SMR,FP.CPI.TOTL.ZG,2012,2.827332242
SMR,FP.CPI.TOTL.ZG,2013,1.604392981
SMR,FP.CPI.TOTL.ZG,2014,1.112963034
SMR,FP.CPI.TOTL.ZG,2015,0.145686073
SMR,FP.CPI.TOTL.ZG,2016,0.64407534
SMR,FP.CPI.TOTL.ZG,2017,1.014133132
SMR,FP.CPI.TOTL.ZG,2018,1.163335223
SMR,FP.CPI.TOTL.ZG,2019,0.472651967
SMR,FP.CPI.TOTL.ZG,2020,-0.133368898
SMR,FP.CPI.TOTL.ZG,2021,1.615514116
SMR,FP.CPI.TOTL.ZG,2022,5.325453213
SMR,FP.CPI.TOTL.ZG,2023,5.931908586
SMR,FP.CPI.TOTL.ZG,2024,1.242165079
SMR,FP.CPI.TOTL.ZG,2025,2.29519525
STP,FP.CPI.TOTL.ZG,1960,
STP,FP.CPI.TOTL.ZG,1961,
STP,FP.CPI.TOTL.ZG,1962,
STP,FP.CPI.TOTL.ZG,1963,
STP,FP.CPI.TOTL.ZG,1964,
STP,FP.CPI.TOTL.ZG,1965,
STP,FP.CPI.TOTL.ZG,1966,
STP,FP.CPI.TOTL.ZG,1967,
STP,FP.CPI.TOTL.ZG,1968,
STP,FP.CPI.TOTL.ZG,1969,
STP,FP.CPI.TOTL.ZG,1970,
STP,FP.CPI.TOTL.ZG,1971,
STP,FP.CPI.TOTL.ZG,1972,
STP,FP.CPI.TOTL.ZG,1973,
STP,FP.CPI.TOTL.ZG,1974,
STP,FP.CPI.TOTL.ZG,1975,
STP,FP.CPI.TOTL.ZG,1976,
STP,FP.CPI.TOTL.ZG,1977,
STP,FP.CPI.TOTL.ZG,1978,
STP,FP.CPI.TOTL.ZG,1979,
STP,FP.CPI.TOTL.ZG,1980,
STP,FP.CPI.TOTL.ZG,1981,
STP,FP.CPI.TOTL.ZG,1982,
STP,FP.CPI.TOTL.ZG,1983,
STP,FP.CPI.TOTL.ZG,1984,
STP,FP.CPI.TOTL.ZG,1985,
STP,FP.CPI.TOTL.ZG,1986,
STP,FP.CPI.TOTL.ZG,1987,
STP,FP.CPI.TOTL.ZG,1988,
STP,FP.CPI.TOTL.ZG,1989,
STP,FP.CPI.TOTL.ZG,1990,
STP,FP.CPI.TOTL.ZG,1991,
STP,FP.CPI.TOTL.ZG,1992,
STP,FP.CPI.TOTL.ZG,1993,
STP,FP.CPI.TOTL.ZG,1994,
STP,FP.CPI.TOTL.ZG,1995,
STP,FP.CPI.TOTL.ZG,1996,
STP,FP.CPI.TOTL.ZG,1997,35.81717824
STP,FP.CPI.TOTL.ZG,1998,50.49313575
STP,FP.CPI.TOTL.ZG,1999,12.72517701
STP,FP.CPI.TOTL.ZG,2000,12.20894563
STP,FP.CPI.TOTL.ZG,2001,9.222037076
STP,FP.CPI.TOTL.ZG,2002,10.12872467
STP,FP.CPI.TOTL.ZG,2003,9.792419749
STP,FP.CPI.TOTL.ZG,2004,13.28588609
STP,FP.CPI.TOTL.ZG,2005,17.15220494
STP,FP.CPI.TOTL.ZG,2006,23.07703735
STP,FP.CPI.TOTL.ZG,2007,18.54851363
STP,FP.CPI.TOTL.ZG,2008,31.99010395
STP,FP.CPI.TOTL.ZG,2009,16.9574758
STP,FP.CPI.TOTL.ZG,2010,13.34005235
STP,FP.CPI.TOTL.ZG,2011,14.32716676
STP,FP.CPI.TOTL.ZG,2012,10.63793534
STP,FP.CPI.TOTL.ZG,2013,8.105832709
STP,FP.CPI.TOTL.ZG,2014,6.99849944
STP,FP.CPI.TOTL.ZG,2015,5.24587835
STP,FP.CPI.TOTL.ZG,2016,5.430519661
STP,FP.CPI.TOTL.ZG,2017,5.690296199
STP,FP.CPI.TOTL.ZG,2018,7.868596289
STP,FP.CPI.TOTL.ZG,2019,7.720245252
STP,FP.CPI.TOTL.ZG,2020,9.819327915
STP,FP.CPI.TOTL.ZG,2021,8.137770384
STP,FP.CPI.TOTL.ZG,2022,18.00563511
STP,FP.CPI.TOTL.ZG,2023,21.25891385
STP,FP.CPI.TOTL.ZG,2024,14.35192736
STP,FP.CPI.TOTL.ZG,2025,11.04743623
SAU,FP.CPI.TOTL.ZG,1960,
SAU,FP.CPI.TOTL.ZG,1961,
SAU,FP.CPI.TOTL.ZG,1962,
SAU,FP.CPI.TOTL.ZG,1963,
SAU,FP.CPI.TOTL.ZG,1964,2.799999999
SAU,FP.CPI.TOTL.ZG,1965,0.389105059
SAU,FP.CPI.TOTL.ZG,1966,1.550387596
SAU,FP.CPI.TOTL.ZG,1967,2.099236642
SAU,FP.CPI.TOTL.ZG,1968,1.588785047
SAU,FP.CPI.TOTL.ZG,1969,3.495860166
SAU,FP.CPI.TOTL.ZG,1970,0.177777778
SAU,FP.CPI.TOTL.ZG,1971,4.475
SAU,FP.CPI.TOTL.ZG,1972,4.331179708
SAU,FP.CPI.TOTL.ZG,1973,16.51376147
SAU,FP.CPI.TOTL.ZG,1974,21.43700787
SAU,FP.CPI.TOTL.ZG,1975,34.57610634
SAU,FP.CPI.TOTL.ZG,1976,31.55866056
SAU,FP.CPI.TOTL.ZG,1977,11.39901117
SAU,FP.CPI.TOTL.ZG,1978,-1.58360185
SAU,FP.CPI.TOTL.ZG,1979,1.081566903
SAU,FP.CPI.TOTL.ZG,1980,4.169266554
SAU,FP.CPI.TOTL.ZG,1981,2.798982188
SAU,FP.CPI.TOTL.ZG,1982,1.021039604
SAU,FP.CPI.TOTL.ZG,1983,0.191424196
SAU,FP.CPI.TOTL.ZG,1984,-1.559037065
SAU,FP.CPI.TOTL.ZG,1985,-3.058768729
SAU,FP.CPI.TOTL.ZG,1986,-3.203331465
SAU,FP.CPI.TOTL.ZG,1987,-1.547116737
SAU,FP.CPI.TOTL.ZG,1988,0.907563025
SAU,FP.CPI.TOTL.ZG,1989,1.032644903
SAU,FP.CPI.TOTL.ZG,1990,2.077151335
SAU,FP.CPI.TOTL.ZG,1991,4.861111111
SAU,FP.CPI.TOTL.ZG,1992,-0.077006006
SAU,FP.CPI.TOTL.ZG,1993,1.055795314
SAU,FP.CPI.TOTL.ZG,1994,0.564325479
SAU,FP.CPI.TOTL.ZG,1995,4.868431031
SAU,FP.CPI.TOTL.ZG,1996,1.222060549
SAU,FP.CPI.TOTL.ZG,1997,0.057150605
SAU,FP.CPI.TOTL.ZG,1998,-0.371266752
SAU,FP.CPI.TOTL.ZG,1999,-1.333754897
SAU,FP.CPI.TOTL.ZG,2000,-1.124998385
SAU,FP.CPI.TOTL.ZG,2001,-1.120948049
SAU,FP.CPI.TOTL.ZG,2002,0.247186492
SAU,FP.CPI.TOTL.ZG,2003,0.612195358
SAU,FP.CPI.TOTL.ZG,2004,0.515507898
SAU,FP.CPI.TOTL.ZG,2005,0.479231672
SAU,FP.CPI.TOTL.ZG,2006,2.209023141
SAU,FP.CPI.TOTL.ZG,2007,4.167823584
SAU,FP.CPI.TOTL.ZG,2008,9.870248168
SAU,FP.CPI.TOTL.ZG,2009,5.057222761
SAU,FP.CPI.TOTL.ZG,2010,5.33941733
SAU,FP.CPI.TOTL.ZG,2011,5.826216374
SAU,FP.CPI.TOTL.ZG,2012,2.866270299
SAU,FP.CPI.TOTL.ZG,2013,3.511042098
SAU,FP.CPI.TOTL.ZG,2014,2.241853488
SAU,FP.CPI.TOTL.ZG,2015,1.222693186
SAU,FP.CPI.TOTL.ZG,2016,2.053470768
SAU,FP.CPI.TOTL.ZG,2017,-0.834845735
SAU,FP.CPI.TOTL.ZG,2018,2.46594309
SAU,FP.CPI.TOTL.ZG,2019,-1.192986445
SAU,FP.CPI.TOTL.ZG,2020,3.37234961
SAU,FP.CPI.TOTL.ZG,2021,3.063289889
SAU,FP.CPI.TOTL.ZG,2022,2.474073719
SAU,FP.CPI.TOTL.ZG,2023,2.327085184
SAU,FP.CPI.TOTL.ZG,2024,1.687921124
SAU,FP.CPI.TOTL.ZG,2025,2.084208536
SEN,FP.CPI.TOTL.ZG,1960,
SEN,FP.CPI.TOTL.ZG,1961,
SEN,FP.CPI.TOTL.ZG,1962,
SEN,FP.CPI.TOTL.ZG,1963,
SEN,FP.CPI.TOTL.ZG,1964,
SEN,FP.CPI.TOTL.ZG,1965,
SEN,FP.CPI.TOTL.ZG,1966,
SEN,FP.CPI.TOTL.ZG,1967,
SEN,FP.CPI.TOTL.ZG,1968,0.058333333
SEN,FP.CPI.TOTL.ZG,1969,4.022653452
SEN,FP.CPI.TOTL.ZG,1970,2.810248199
SEN,FP.CPI.TOTL.ZG,1971,3.878202632
SEN,FP.CPI.TOTL.ZG,1972,6.154884174
SEN,FP.CPI.TOTL.ZG,1973,11.28531073
SEN,FP.CPI.TOTL.ZG,1974,16.60109151
SEN,FP.CPI.TOTL.ZG,1975,31.65342332
SEN,FP.CPI.TOTL.ZG,1976,1.083092187
SEN,FP.CPI.TOTL.ZG,1977,11.34058564
SEN,FP.CPI.TOTL.ZG,1978,3.419651056
SEN,FP.CPI.TOTL.ZG,1979,9.653359853
SEN,FP.CPI.TOTL.ZG,1980,8.729027661
SEN,FP.CPI.TOTL.ZG,1981,5.91319372
SEN,FP.CPI.TOTL.ZG,1982,17.37638522
SEN,FP.CPI.TOTL.ZG,1983,11.61698457
SEN,FP.CPI.TOTL.ZG,1984,11.78402748
SEN,FP.CPI.TOTL.ZG,1985,13.00005762
SEN,FP.CPI.TOTL.ZG,1986,6.184778545
SEN,FP.CPI.TOTL.ZG,1987,-4.140723786
SEN,FP.CPI.TOTL.ZG,1988,-1.826682251
SEN,FP.CPI.TOTL.ZG,1989,0.447309341
SEN,FP.CPI.TOTL.ZG,1990,0.32509863
SEN,FP.CPI.TOTL.ZG,1991,-1.753556902
SEN,FP.CPI.TOTL.ZG,1992,-0.109942967
SEN,FP.CPI.TOTL.ZG,1993,-0.586434615
SEN,FP.CPI.TOTL.ZG,1994,32.29366686
SEN,FP.CPI.TOTL.ZG,1995,7.864007846
SEN,FP.CPI.TOTL.ZG,1996,2.754306635
SEN,FP.CPI.TOTL.ZG,1997,1.753164781
SEN,FP.CPI.TOTL.ZG,1998,1.156780704
SEN,FP.CPI.TOTL.ZG,1999,0.827250608
SEN,FP.CPI.TOTL.ZG,2000,0.731981982
SEN,FP.CPI.TOTL.ZG,2001,2.974500839
SEN,FP.CPI.TOTL.ZG,2002,2.337301875
SEN,FP.CPI.TOTL.ZG,2003,-0.051997024
SEN,FP.CPI.TOTL.ZG,2004,0.514781781
SEN,FP.CPI.TOTL.ZG,2005,1.711333259
SEN,FP.CPI.TOTL.ZG,2006,2.112285839
SEN,FP.CPI.TOTL.ZG,2007,5.853304285
SEN,FP.CPI.TOTL.ZG,2008,7.347202366
SEN,FP.CPI.TOTL.ZG,2009,-2.248021479
SEN,FP.CPI.TOTL.ZG,2010,1.228681197
SEN,FP.CPI.TOTL.ZG,2011,3.403228298
SEN,FP.CPI.TOTL.ZG,2012,1.418228712
SEN,FP.CPI.TOTL.ZG,2013,0.710245487
SEN,FP.CPI.TOTL.ZG,2014,-1.090255074
SEN,FP.CPI.TOTL.ZG,2015,0.135211934
SEN,FP.CPI.TOTL.ZG,2016,0.837284943
SEN,FP.CPI.TOTL.ZG,2017,1.318153148
SEN,FP.CPI.TOTL.ZG,2018,0.460985642
SEN,FP.CPI.TOTL.ZG,2019,1.760111512
SEN,FP.CPI.TOTL.ZG,2020,2.543146857
SEN,FP.CPI.TOTL.ZG,2021,2.180322781
SEN,FP.CPI.TOTL.ZG,2022,9.696818991
SEN,FP.CPI.TOTL.ZG,2023,5.939477988
SEN,FP.CPI.TOTL.ZG,2024,0.804503299
SEN,FP.CPI.TOTL.ZG,2025,1.459007198
SRB,FP.CPI.TOTL.ZG,1960,
SRB,FP.CPI.TOTL.ZG,1961,
SRB,FP.CPI.TOTL.ZG,1962,
SRB,FP.CPI.TOTL.ZG,1963,
SRB,FP.CPI.TOTL.ZG,1964,
SRB,FP.CPI.TOTL.ZG,1965,
SRB,FP.CPI.TOTL.ZG,1966,
SRB,FP.CPI.TOTL.ZG,1967,
SRB,FP.CPI.TOTL.ZG,1968,
SRB,FP.CPI.TOTL.ZG,1969,
SRB,FP.CPI.TOTL.ZG,1970,
SRB,FP.CPI.TOTL.ZG,1971,
SRB,FP.CPI.TOTL.ZG,1972,
SRB,FP.CPI.TOTL.ZG,1973,
SRB,FP.CPI.TOTL.ZG,1974,
SRB,FP.CPI.TOTL.ZG,1975,
SRB,FP.CPI.TOTL.ZG,1976,
SRB,FP.CPI.TOTL.ZG,1977,
SRB,FP.CPI.TOTL.ZG,1978,
SRB,FP.CPI.TOTL.ZG,1979,
SRB,FP.CPI.TOTL.ZG,1980,
SRB,FP.CPI.TOTL.ZG,1981,
SRB,FP.CPI.TOTL.ZG,1982,
SRB,FP.CPI.TOTL.ZG,1983,
SRB,FP.CPI.TOTL.ZG,1984,
SRB,FP.CPI.TOTL.ZG,1985,
SRB,FP.CPI.TOTL.ZG,1986,
SRB,FP.CPI.TOTL.ZG,1987,
SRB,FP.CPI.TOTL.ZG,1988,
SRB,FP.CPI.TOTL.ZG,1989,
SRB,FP.CPI.TOTL.ZG,1990,
SRB,FP.CPI.TOTL.ZG,1991,
SRB,FP.CPI.TOTL.ZG,1992,
SRB,FP.CPI.TOTL.ZG,1993,
SRB,FP.CPI.TOTL.ZG,1994,
SRB,FP.CPI.TOTL.ZG,1995,82.66051519
SRB,FP.CPI.TOTL.ZG,1996,95.60092612
SRB,FP.CPI.TOTL.ZG,1997,23.30786614
SRB,FP.CPI.TOTL.ZG,1998,30.1596998
SRB,FP.CPI.TOTL.ZG,1999,42.45390546
SRB,FP.CPI.TOTL.ZG,2000,71.12062879
SRB,FP.CPI.TOTL.ZG,2001,95.00522581
SRB,FP.CPI.TOTL.ZG,2002,19.49083216
SRB,FP.CPI.TOTL.ZG,2003,9.876178897
SRB,FP.CPI.TOTL.ZG,2004,11.02636272
SRB,FP.CPI.TOTL.ZG,2005,16.11998065
SRB,FP.CPI.TOTL.ZG,2006,11.724023
SRB,FP.CPI.TOTL.ZG,2007,6.391706444
SRB,FP.CPI.TOTL.ZG,2008,12.41098678
SRB,FP.CPI.TOTL.ZG,2009,8.116950922
SRB,FP.CPI.TOTL.ZG,2010,6.142553602
SRB,FP.CPI.TOTL.ZG,2011,11.13739763
SRB,FP.CPI.TOTL.ZG,2012,7.330385896
SRB,FP.CPI.TOTL.ZG,2013,7.694263629
SRB,FP.CPI.TOTL.ZG,2014,2.082447939
SRB,FP.CPI.TOTL.ZG,2015,1.39235822
SRB,FP.CPI.TOTL.ZG,2016,1.122313974
SRB,FP.CPI.TOTL.ZG,2017,3.131062486
SRB,FP.CPI.TOTL.ZG,2018,1.959840763
SRB,FP.CPI.TOTL.ZG,2019,1.849229845
SRB,FP.CPI.TOTL.ZG,2020,1.575532901
SRB,FP.CPI.TOTL.ZG,2021,4.085102853
SRB,FP.CPI.TOTL.ZG,2022,11.98151173
SRB,FP.CPI.TOTL.ZG,2023,12.37190436
SRB,FP.CPI.TOTL.ZG,2024,4.670529749
SRB,FP.CPI.TOTL.ZG,2025,3.890367861
SYC,FP.CPI.TOTL.ZG,1960,
SYC,FP.CPI.TOTL.ZG,1961,
SYC,FP.CPI.TOTL.ZG,1962,
SYC,FP.CPI.TOTL.ZG,1963,
SYC,FP.CPI.TOTL.ZG,1964,
SYC,FP.CPI.TOTL.ZG,1965,
SYC,FP.CPI.TOTL.ZG,1966,
SYC,FP.CPI.TOTL.ZG,1967,
SYC,FP.CPI.TOTL.ZG,1968,
SYC,FP.CPI.TOTL.ZG,1969,
SYC,FP.CPI.TOTL.ZG,1970,
SYC,FP.CPI.TOTL.ZG,1971,14.59929287
SYC,FP.CPI.TOTL.ZG,1972,20.94099499
SYC,FP.CPI.TOTL.ZG,1973,18.23979592
SYC,FP.CPI.TOTL.ZG,1974,24.42466739
SYC,FP.CPI.TOTL.ZG,1975,18.61137201
SYC,FP.CPI.TOTL.ZG,1976,14.86873363
SYC,FP.CPI.TOTL.ZG,1977,14.95916852
SYC,FP.CPI.TOTL.ZG,1978,11.78325123
SYC,FP.CPI.TOTL.ZG,1979,12.48016922
SYC,FP.CPI.TOTL.ZG,1980,13.57154051
SYC,FP.CPI.TOTL.ZG,1981,10.5767904
SYC,FP.CPI.TOTL.ZG,1982,-0.912646675
SYC,FP.CPI.TOTL.ZG,1983,6.052631579
SYC,FP.CPI.TOTL.ZG,1984,4.094292804
SYC,FP.CPI.TOTL.ZG,1985,0.834326579
SYC,FP.CPI.TOTL.ZG,1986,0.236406619
SYC,FP.CPI.TOTL.ZG,1987,2.594339623
SYC,FP.CPI.TOTL.ZG,1988,1.83908046
SYC,FP.CPI.TOTL.ZG,1989,1.58013544
SYC,FP.CPI.TOTL.ZG,1990,3.888888889
SYC,FP.CPI.TOTL.ZG,1991,1.986754967
SYC,FP.CPI.TOTL.ZG,1992,3.246753247
SYC,FP.CPI.TOTL.ZG,1993,1.383647799
SYC,FP.CPI.TOTL.ZG,1994,1.736972705
SYC,FP.CPI.TOTL.ZG,1995,-0.243902439
SYC,FP.CPI.TOTL.ZG,1996,-1.100244499
SYC,FP.CPI.TOTL.ZG,1997,0.618046972
SYC,FP.CPI.TOTL.ZG,1998,2.57985258
SYC,FP.CPI.TOTL.ZG,1999,6.347305389
SYC,FP.CPI.TOTL.ZG,2000,6.268768769
SYC,FP.CPI.TOTL.ZG,2001,5.969622042
SYC,FP.CPI.TOTL.ZG,2002,0.175
SYC,FP.CPI.TOTL.ZG,2003,3.302553864
SYC,FP.CPI.TOTL.ZG,2004,3.857303914
SYC,FP.CPI.TOTL.ZG,2005,0.907187718
SYC,FP.CPI.TOTL.ZG,2006,-0.353465499
SYC,FP.CPI.TOTL.ZG,2007,5.320600273
SYC,FP.CPI.TOTL.ZG,2008,36.96475829
SYC,FP.CPI.TOTL.ZG,2009,31.75444077
SYC,FP.CPI.TOTL.ZG,2010,-2.404638751
SYC,FP.CPI.TOTL.ZG,2011,2.559267722
SYC,FP.CPI.TOTL.ZG,2012,7.110370623
SYC,FP.CPI.TOTL.ZG,2013,4.338938483
SYC,FP.CPI.TOTL.ZG,2014,1.385834546
SYC,FP.CPI.TOTL.ZG,2015,4.041944107
SYC,FP.CPI.TOTL.ZG,2016,-1.015481917
SYC,FP.CPI.TOTL.ZG,2017,2.856795756
SYC,FP.CPI.TOTL.ZG,2018,3.702918391
SYC,FP.CPI.TOTL.ZG,2019,1.807094008
SYC,FP.CPI.TOTL.ZG,2020,1.20266464
SYC,FP.CPI.TOTL.ZG,2021,9.76909937
SYC,FP.CPI.TOTL.ZG,2022,2.626036329
SYC,FP.CPI.TOTL.ZG,2023,-1.035300884
SYC,FP.CPI.TOTL.ZG,2024,0.311726051
SYC,FP.CPI.TOTL.ZG,2025,0.297589655
SLE,FP.CPI.TOTL.ZG,1960,
SLE,FP.CPI.TOTL.ZG,1961,
SLE,FP.CPI.TOTL.ZG,1962,
SLE,FP.CPI.TOTL.ZG,1963,
SLE,FP.CPI.TOTL.ZG,1964,
SLE,FP.CPI.TOTL.ZG,1965,
SLE,FP.CPI.TOTL.ZG,1966,
SLE,FP.CPI.TOTL.ZG,1967,
SLE,FP.CPI.TOTL.ZG,1968,
SLE,FP.CPI.TOTL.ZG,1969,
SLE,FP.CPI.TOTL.ZG,1970,
SLE,FP.CPI.TOTL.ZG,1971,
SLE,FP.CPI.TOTL.ZG,1972,
SLE,FP.CPI.TOTL.ZG,1973,
SLE,FP.CPI.TOTL.ZG,1974,
SLE,FP.CPI.TOTL.ZG,1975,
SLE,FP.CPI.TOTL.ZG,1976,
SLE,FP.CPI.TOTL.ZG,1977,
SLE,FP.CPI.TOTL.ZG,1978,
SLE,FP.CPI.TOTL.ZG,1979,
SLE,FP.CPI.TOTL.ZG,1980,
SLE,FP.CPI.TOTL.ZG,1981,
SLE,FP.CPI.TOTL.ZG,1982,
SLE,FP.CPI.TOTL.ZG,1983,
SLE,FP.CPI.TOTL.ZG,1984,
SLE,FP.CPI.TOTL.ZG,1985,
SLE,FP.CPI.TOTL.ZG,1986,
SLE,FP.CPI.TOTL.ZG,1987,
SLE,FP.CPI.TOTL.ZG,1988,
SLE,FP.CPI.TOTL.ZG,1989,
SLE,FP.CPI.TOTL.ZG,1990,
SLE,FP.CPI.TOTL.ZG,1991,
SLE,FP.CPI.TOTL.ZG,1992,
SLE,FP.CPI.TOTL.ZG,1993,
SLE,FP.CPI.TOTL.ZG,1994,
SLE,FP.CPI.TOTL.ZG,1995,
SLE,FP.CPI.TOTL.ZG,1996,
SLE,FP.CPI.TOTL.ZG,1997,
SLE,FP.CPI.TOTL.ZG,1998,
SLE,FP.CPI.TOTL.ZG,1999,
SLE,FP.CPI.TOTL.ZG,2000,
SLE,FP.CPI.TOTL.ZG,2001,
SLE,FP.CPI.TOTL.ZG,2002,
SLE,FP.CPI.TOTL.ZG,2003,
SLE,FP.CPI.TOTL.ZG,2004,
SLE,FP.CPI.TOTL.ZG,2005,
SLE,FP.CPI.TOTL.ZG,2006,
SLE,FP.CPI.TOTL.ZG,2007,11.64997445
SLE,FP.CPI.TOTL.ZG,2008,8.211124323
SLE,FP.CPI.TOTL.ZG,2009,7.469018985
SLE,FP.CPI.TOTL.ZG,2010,7.185662757
SLE,FP.CPI.TOTL.ZG,2011,6.79138292
SLE,FP.CPI.TOTL.ZG,2012,6.587762394
SLE,FP.CPI.TOTL.ZG,2013,5.52412878
SLE,FP.CPI.TOTL.ZG,2014,4.639311714
SLE,FP.CPI.TOTL.ZG,2015,6.689435625
SLE,FP.CPI.TOTL.ZG,2016,10.88606094
SLE,FP.CPI.TOTL.ZG,2017,18.2215094
SLE,FP.CPI.TOTL.ZG,2018,16.02954477
SLE,FP.CPI.TOTL.ZG,2019,14.80499909
SLE,FP.CPI.TOTL.ZG,2020,13.44687111
SLE,FP.CPI.TOTL.ZG,2021,11.87395888
SLE,FP.CPI.TOTL.ZG,2022,27.20828838
SLE,FP.CPI.TOTL.ZG,2023,47.64287333
SLE,FP.CPI.TOTL.ZG,2024,28.63375
SLE,FP.CPI.TOTL.ZG,2025,7.487501666
SGP,FP.CPI.TOTL.ZG,1960,
SGP,FP.CPI.TOTL.ZG,1961,0.4
SGP,FP.CPI.TOTL.ZG,1962,0.41958042
SGP,FP.CPI.TOTL.ZG,1963,2.205199629
SGP,FP.CPI.TOTL.ZG,1964,1.726095844
SGP,FP.CPI.TOTL.ZG,1965,0.178611297
SGP,FP.CPI.TOTL.ZG,1966,2.005794517
SGP,FP.CPI.TOTL.ZG,1967,3.342800961
SGP,FP.CPI.TOTL.ZG,1968,0.655391121
SGP,FP.CPI.TOTL.ZG,1969,-0.27305188
SGP,FP.CPI.TOTL.ZG,1970,0.463352991
SGP,FP.CPI.TOTL.ZG,1971,1.761006289
SGP,FP.CPI.TOTL.ZG,1972,2.080758138
SGP,FP.CPI.TOTL.ZG,1973,19.63673058
SGP,FP.CPI.TOTL.ZG,1974,22.36842105
SGP,FP.CPI.TOTL.ZG,1975,2.536531569
SGP,FP.CPI.TOTL.ZG,1976,-1.841892982
SGP,FP.CPI.TOTL.ZG,1977,3.163950144
SGP,FP.CPI.TOTL.ZG,1978,4.872543813
SGP,FP.CPI.TOTL.ZG,1979,4.076465375
SGP,FP.CPI.TOTL.ZG,1980,8.526943194
SGP,FP.CPI.TOTL.ZG,1981,8.182021968
SGP,FP.CPI.TOTL.ZG,1982,3.91628678
SGP,FP.CPI.TOTL.ZG,1983,1.196410768
SGP,FP.CPI.TOTL.ZG,1984,2.600985222
SGP,FP.CPI.TOTL.ZG,1985,0.480122911
SGP,FP.CPI.TOTL.ZG,1986,-1.385703364
SGP,FP.CPI.TOTL.ZG,1987,0.523306522
SGP,FP.CPI.TOTL.ZG,1988,1.523185192
SGP,FP.CPI.TOTL.ZG,1989,2.345456272
SGP,FP.CPI.TOTL.ZG,1990,3.460753387
SGP,FP.CPI.TOTL.ZG,1991,3.425701731
SGP,FP.CPI.TOTL.ZG,1992,2.263071187
SGP,FP.CPI.TOTL.ZG,1993,2.289299644
SGP,FP.CPI.TOTL.ZG,1994,3.100132626
SGP,FP.CPI.TOTL.ZG,1995,1.720533848
SGP,FP.CPI.TOTL.ZG,1996,1.383180525
SGP,FP.CPI.TOTL.ZG,1997,2.003586185
SGP,FP.CPI.TOTL.ZG,1998,-0.267502293
SGP,FP.CPI.TOTL.ZG,1999,0.016709834
SGP,FP.CPI.TOTL.ZG,2000,1.361623924
SGP,FP.CPI.TOTL.ZG,2001,0.997197956
SGP,FP.CPI.TOTL.ZG,2002,-0.391676867
SGP,FP.CPI.TOTL.ZG,2003,0.5079053
SGP,FP.CPI.TOTL.ZG,2004,1.662727199
SGP,FP.CPI.TOTL.ZG,2005,0.425106277
SGP,FP.CPI.TOTL.ZG,2006,0.965657519
SGP,FP.CPI.TOTL.ZG,2007,2.109801667
SGP,FP.CPI.TOTL.ZG,2008,6.635440584
SGP,FP.CPI.TOTL.ZG,2009,0.58914202
SGP,FP.CPI.TOTL.ZG,2010,2.828845276
SGP,FP.CPI.TOTL.ZG,2011,5.251156246
SGP,FP.CPI.TOTL.ZG,2012,4.580844794
SGP,FP.CPI.TOTL.ZG,2013,2.364397937
SGP,FP.CPI.TOTL.ZG,2014,1.033169559
SGP,FP.CPI.TOTL.ZG,2015,-0.521975612
SGP,FP.CPI.TOTL.ZG,2016,-0.52980976
SGP,FP.CPI.TOTL.ZG,2017,0.576763191
SGP,FP.CPI.TOTL.ZG,2018,0.438784215
SGP,FP.CPI.TOTL.ZG,2019,0.567829988
SGP,FP.CPI.TOTL.ZG,2020,-0.172111866
SGP,FP.CPI.TOTL.ZG,2021,2.316103158
SGP,FP.CPI.TOTL.ZG,2022,6.130954189
SGP,FP.CPI.TOTL.ZG,2023,4.833723628
SGP,FP.CPI.TOTL.ZG,2024,2.389511236
SGP,FP.CPI.TOTL.ZG,2025,0.902998495
SXM,FP.CPI.TOTL.ZG,1960,
SXM,FP.CPI.TOTL.ZG,1961,
SXM,FP.CPI.TOTL.ZG,1962,
SXM,FP.CPI.TOTL.ZG,1963,
SXM,FP.CPI.TOTL.ZG,1964,
SXM,FP.CPI.TOTL.ZG,1965,
SXM,FP.CPI.TOTL.ZG,1966,
SXM,FP.CPI.TOTL.ZG,1967,
SXM,FP.CPI.TOTL.ZG,1968,
SXM,FP.CPI.TOTL.ZG,1969,
SXM,FP.CPI.TOTL.ZG,1970,
SXM,FP.CPI.TOTL.ZG,1971,
SXM,FP.CPI.TOTL.ZG,1972,
SXM,FP.CPI.TOTL.ZG,1973,
SXM,FP.CPI.TOTL.ZG,1974,
SXM,FP.CPI.TOTL.ZG,1975,
SXM,FP.CPI.TOTL.ZG,1976,
SXM,FP.CPI.TOTL.ZG,1977,
SXM,FP.CPI.TOTL.ZG,1978,
SXM,FP.CPI.TOTL.ZG,1979,
SXM,FP.CPI.TOTL.ZG,1980,
SXM,FP.CPI.TOTL.ZG,1981,
SXM,FP.CPI.TOTL.ZG,1982,
SXM,FP.CPI.TOTL.ZG,1983,
SXM,FP.CPI.TOTL.ZG,1984,
SXM,FP.CPI.TOTL.ZG,1985,
SXM,FP.CPI.TOTL.ZG,1986,
SXM,FP.CPI.TOTL.ZG,1987,
SXM,FP.CPI.TOTL.ZG,1988,
SXM,FP.CPI.TOTL.ZG,1989,
SXM,FP.CPI.TOTL.ZG,1990,
SXM,FP.CPI.TOTL.ZG,1991,
SXM,FP.CPI.TOTL.ZG,1992,
SXM,FP.CPI.TOTL.ZG,1993,
SXM,FP.CPI.TOTL.ZG,1994,
SXM,FP.CPI.TOTL.ZG,1995,
SXM,FP.CPI.TOTL.ZG,1996,
SXM,FP.CPI.TOTL.ZG,1997,
SXM,FP.CPI.TOTL.ZG,1998,
SXM,FP.CPI.TOTL.ZG,1999,
SXM,FP.CPI.TOTL.ZG,2000,
SXM,FP.CPI.TOTL.ZG,2001,
SXM,FP.CPI.TOTL.ZG,2002,
SXM,FP.CPI.TOTL.ZG,2003,
SXM,FP.CPI.TOTL.ZG,2004,
SXM,FP.CPI.TOTL.ZG,2005,
SXM,FP.CPI.TOTL.ZG,2006,0.300601202
SXM,FP.CPI.TOTL.ZG,2007,4.432457542
SXM,FP.CPI.TOTL.ZG,2008,-0.41792902
SXM,FP.CPI.TOTL.ZG,2009,5.957636888
SXM,FP.CPI.TOTL.ZG,2010,1.338576217
SXM,FP.CPI.TOTL.ZG,2011,4.584754357
SXM,FP.CPI.TOTL.ZG,2012,4.015184211
SXM,FP.CPI.TOTL.ZG,2013,2.528647885
SXM,FP.CPI.TOTL.ZG,2014,1.886754663
SXM,FP.CPI.TOTL.ZG,2015,0.330027165
SXM,FP.CPI.TOTL.ZG,2016,0.111682656
SXM,FP.CPI.TOTL.ZG,2017,2.19201011
SXM,FP.CPI.TOTL.ZG,2018,
SXM,FP.CPI.TOTL.ZG,2019,
SXM,FP.CPI.TOTL.ZG,2020,
SXM,FP.CPI.TOTL.ZG,2021,
SXM,FP.CPI.TOTL.ZG,2022,
SXM,FP.CPI.TOTL.ZG,2023,
SXM,FP.CPI.TOTL.ZG,2024,
SXM,FP.CPI.TOTL.ZG,2025,
SVK,FP.CPI.TOTL.ZG,1960,
SVK,FP.CPI.TOTL.ZG,1961,
SVK,FP.CPI.TOTL.ZG,1962,
SVK,FP.CPI.TOTL.ZG,1963,
SVK,FP.CPI.TOTL.ZG,1964,
SVK,FP.CPI.TOTL.ZG,1965,
SVK,FP.CPI.TOTL.ZG,1966,
SVK,FP.CPI.TOTL.ZG,1967,
SVK,FP.CPI.TOTL.ZG,1968,
SVK,FP.CPI.TOTL.ZG,1969,
SVK,FP.CPI.TOTL.ZG,1970,
SVK,FP.CPI.TOTL.ZG,1971,
SVK,FP.CPI.TOTL.ZG,1972,
SVK,FP.CPI.TOTL.ZG,1973,
SVK,FP.CPI.TOTL.ZG,1974,
SVK,FP.CPI.TOTL.ZG,1975,
SVK,FP.CPI.TOTL.ZG,1976,
SVK,FP.CPI.TOTL.ZG,1977,
SVK,FP.CPI.TOTL.ZG,1978,
SVK,FP.CPI.TOTL.ZG,1979,
SVK,FP.CPI.TOTL.ZG,1980,
SVK,FP.CPI.TOTL.ZG,1981,
SVK,FP.CPI.TOTL.ZG,1982,
SVK,FP.CPI.TOTL.ZG,1983,
SVK,FP.CPI.TOTL.ZG,1984,
SVK,FP.CPI.TOTL.ZG,1985,
SVK,FP.CPI.TOTL.ZG,1986,
SVK,FP.CPI.TOTL.ZG,1987,
SVK,FP.CPI.TOTL.ZG,1988,
SVK,FP.CPI.TOTL.ZG,1989,
SVK,FP.CPI.TOTL.ZG,1990,
SVK,FP.CPI.TOTL.ZG,1991,
SVK,FP.CPI.TOTL.ZG,1992,9.893505198
SVK,FP.CPI.TOTL.ZG,1993,23.28702766
SVK,FP.CPI.TOTL.ZG,1994,13.41552034
SVK,FP.CPI.TOTL.ZG,1995,9.841095798
SVK,FP.CPI.TOTL.ZG,1996,5.775827862
SVK,FP.CPI.TOTL.ZG,1997,6.141989996
SVK,FP.CPI.TOTL.ZG,1998,6.665651232
SVK,FP.CPI.TOTL.ZG,1999,10.57044161
SVK,FP.CPI.TOTL.ZG,2000,12.0357806
SVK,FP.CPI.TOTL.ZG,2001,7.329620191
SVK,FP.CPI.TOTL.ZG,2002,3.12714223
SVK,FP.CPI.TOTL.ZG,2003,8.554143054
SVK,FP.CPI.TOTL.ZG,2004,7.548500882
SVK,FP.CPI.TOTL.ZG,2005,2.709084946
SVK,FP.CPI.TOTL.ZG,2006,4.483331204
SVK,FP.CPI.TOTL.ZG,2007,2.756723716
SVK,FP.CPI.TOTL.ZG,2008,4.598179763
SVK,FP.CPI.TOTL.ZG,2009,1.615104641
SVK,FP.CPI.TOTL.ZG,2010,0.957018133
SVK,FP.CPI.TOTL.ZG,2011,3.919285991
SVK,FP.CPI.TOTL.ZG,2012,3.606102635
SVK,FP.CPI.TOTL.ZG,2013,1.40047369
SVK,FP.CPI.TOTL.ZG,2014,-0.07616533
SVK,FP.CPI.TOTL.ZG,2015,-0.325219777
SVK,FP.CPI.TOTL.ZG,2016,-0.520010196
SVK,FP.CPI.TOTL.ZG,2017,1.311945882
SVK,FP.CPI.TOTL.ZG,2018,2.514037129
SVK,FP.CPI.TOTL.ZG,2019,2.664561334
SVK,FP.CPI.TOTL.ZG,2020,1.936941267
SVK,FP.CPI.TOTL.ZG,2021,3.149606299
SVK,FP.CPI.TOTL.ZG,2022,12.77414636
SVK,FP.CPI.TOTL.ZG,2023,10.53194766
SVK,FP.CPI.TOTL.ZG,2024,2.757609094
SVK,FP.CPI.TOTL.ZG,2025,4.000428235
SVN,FP.CPI.TOTL.ZG,1960,
SVN,FP.CPI.TOTL.ZG,1961,
SVN,FP.CPI.TOTL.ZG,1962,
SVN,FP.CPI.TOTL.ZG,1963,
SVN,FP.CPI.TOTL.ZG,1964,
SVN,FP.CPI.TOTL.ZG,1965,
SVN,FP.CPI.TOTL.ZG,1966,
SVN,FP.CPI.TOTL.ZG,1967,
SVN,FP.CPI.TOTL.ZG,1968,
SVN,FP.CPI.TOTL.ZG,1969,
SVN,FP.CPI.TOTL.ZG,1970,
SVN,FP.CPI.TOTL.ZG,1971,
SVN,FP.CPI.TOTL.ZG,1972,
SVN,FP.CPI.TOTL.ZG,1973,
SVN,FP.CPI.TOTL.ZG,1974,
SVN,FP.CPI.TOTL.ZG,1975,
SVN,FP.CPI.TOTL.ZG,1976,
SVN,FP.CPI.TOTL.ZG,1977,
SVN,FP.CPI.TOTL.ZG,1978,
SVN,FP.CPI.TOTL.ZG,1979,
SVN,FP.CPI.TOTL.ZG,1980,
SVN,FP.CPI.TOTL.ZG,1981,42.62295273
SVN,FP.CPI.TOTL.ZG,1982,30.1125436
SVN,FP.CPI.TOTL.ZG,1983,40.21349184
SVN,FP.CPI.TOTL.ZG,1984,53.67196691
SVN,FP.CPI.TOTL.ZG,1985,79.40638115
SVN,FP.CPI.TOTL.ZG,1986,95.88650521
SVN,FP.CPI.TOTL.ZG,1987,132.072721
SVN,FP.CPI.TOTL.ZG,1988,198.7537129
SVN,FP.CPI.TOTL.ZG,1989,1281.443494
SVN,FP.CPI.TOTL.ZG,1990,552.0835289
SVN,FP.CPI.TOTL.ZG,1991,114.8329356
SVN,FP.CPI.TOTL.ZG,1992,209.9337312
SVN,FP.CPI.TOTL.ZG,1993,31.76213063
SVN,FP.CPI.TOTL.ZG,1994,20.99181805
SVN,FP.CPI.TOTL.ZG,1995,13.46372962
SVN,FP.CPI.TOTL.ZG,1996,9.864450615
SVN,FP.CPI.TOTL.ZG,1997,8.359679907
SVN,FP.CPI.TOTL.ZG,1998,7.891166829
SVN,FP.CPI.TOTL.ZG,1999,6.155587545
SVN,FP.CPI.TOTL.ZG,2000,8.911744187
SVN,FP.CPI.TOTL.ZG,2001,8.379665875
SVN,FP.CPI.TOTL.ZG,2002,7.480777707
SVN,FP.CPI.TOTL.ZG,2003,5.544164218
SVN,FP.CPI.TOTL.ZG,2004,3.592975942
SVN,FP.CPI.TOTL.ZG,2005,2.451501323
SVN,FP.CPI.TOTL.ZG,2006,2.457924442
SVN,FP.CPI.TOTL.ZG,2007,3.657495633
SVN,FP.CPI.TOTL.ZG,2008,5.647423806
SVN,FP.CPI.TOTL.ZG,2009,0.839262247
SVN,FP.CPI.TOTL.ZG,2010,1.801170221
SVN,FP.CPI.TOTL.ZG,2011,1.802851719
SVN,FP.CPI.TOTL.ZG,2012,2.59741386
SVN,FP.CPI.TOTL.ZG,2013,1.769200859
SVN,FP.CPI.TOTL.ZG,2014,0.199343827
SVN,FP.CPI.TOTL.ZG,2015,-0.525552286
SVN,FP.CPI.TOTL.ZG,2016,-0.054999542
SVN,FP.CPI.TOTL.ZG,2017,1.429107433
SVN,FP.CPI.TOTL.ZG,2018,1.73860862
SVN,FP.CPI.TOTL.ZG,2019,1.630522608
SVN,FP.CPI.TOTL.ZG,2020,-0.054856816
SVN,FP.CPI.TOTL.ZG,2021,1.917065061
SVN,FP.CPI.TOTL.ZG,2022,8.833698867
SVN,FP.CPI.TOTL.ZG,2023,7.446877174
SVN,FP.CPI.TOTL.ZG,2024,1.965626564
SVN,FP.CPI.TOTL.ZG,2025,2.372848072
SLB,FP.CPI.TOTL.ZG,1960,
SLB,FP.CPI.TOTL.ZG,1961,
SLB,FP.CPI.TOTL.ZG,1962,
SLB,FP.CPI.TOTL.ZG,1963,
SLB,FP.CPI.TOTL.ZG,1964,
SLB,FP.CPI.TOTL.ZG,1965,
SLB,FP.CPI.TOTL.ZG,1966,
SLB,FP.CPI.TOTL.ZG,1967,
SLB,FP.CPI.TOTL.ZG,1968,
SLB,FP.CPI.TOTL.ZG,1969,
SLB,FP.CPI.TOTL.ZG,1970,
SLB,FP.CPI.TOTL.ZG,1971,
SLB,FP.CPI.TOTL.ZG,1972,6.87754613
SLB,FP.CPI.TOTL.ZG,1973,3.228699551
SLB,FP.CPI.TOTL.ZG,1974,18.85317116
SLB,FP.CPI.TOTL.ZG,1975,10.06944444
SLB,FP.CPI.TOTL.ZG,1976,4.255319149
SLB,FP.CPI.TOTL.ZG,1977,8.616780045
SLB,FP.CPI.TOTL.ZG,1978,6.263048017
SLB,FP.CPI.TOTL.ZG,1979,8.055009823
SLB,FP.CPI.TOTL.ZG,1980,13.09090909
SLB,FP.CPI.TOTL.ZG,1981,16.39871383
SLB,FP.CPI.TOTL.ZG,1982,12.98342541
SLB,FP.CPI.TOTL.ZG,1983,6.234718826
SLB,FP.CPI.TOTL.ZG,1984,11.04718067
SLB,FP.CPI.TOTL.ZG,1985,9.568221071
SLB,FP.CPI.TOTL.ZG,1986,13.57187894
SLB,FP.CPI.TOTL.ZG,1987,10.99236641
SLB,FP.CPI.TOTL.ZG,1988,16.73752657
SLB,FP.CPI.TOTL.ZG,1989,14.93224787
SLB,FP.CPI.TOTL.ZG,1990,8.737592618
SLB,FP.CPI.TOTL.ZG,1991,15.05013078
SLB,FP.CPI.TOTL.ZG,1992,10.75116037
SLB,FP.CPI.TOTL.ZG,1993,9.168662333
SLB,FP.CPI.TOTL.ZG,1994,13.25603259
SLB,FP.CPI.TOTL.ZG,1995,9.629219701
SLB,FP.CPI.TOTL.ZG,1996,11.77435639
SLB,FP.CPI.TOTL.ZG,1997,8.084001355
SLB,FP.CPI.TOTL.ZG,1998,12.39950381
SLB,FP.CPI.TOTL.ZG,1999,8.020368393
SLB,FP.CPI.TOTL.ZG,2000,7.88956187
SLB,FP.CPI.TOTL.ZG,2001,6.925837321
SLB,FP.CPI.TOTL.ZG,2002,10.92963419
SLB,FP.CPI.TOTL.ZG,2003,8.269463493
SLB,FP.CPI.TOTL.ZG,2004,6.985842027
SLB,FP.CPI.TOTL.ZG,2005,7.330663416
SLB,FP.CPI.TOTL.ZG,2006,11.21998702
SLB,FP.CPI.TOTL.ZG,2007,7.666020135
SLB,FP.CPI.TOTL.ZG,2008,17.3200652
SLB,FP.CPI.TOTL.ZG,2009,7.092717169
SLB,FP.CPI.TOTL.ZG,2010,1.051481633
SLB,FP.CPI.TOTL.ZG,2011,7.34270706
SLB,FP.CPI.TOTL.ZG,2012,5.912006025
SLB,FP.CPI.TOTL.ZG,2013,5.391363886
SLB,FP.CPI.TOTL.ZG,2014,5.165902379
SLB,FP.CPI.TOTL.ZG,2015,-0.574469286
SLB,FP.CPI.TOTL.ZG,2016,0.512485626
SLB,FP.CPI.TOTL.ZG,2017,0.48868676
SLB,FP.CPI.TOTL.ZG,2018,3.46147485
SLB,FP.CPI.TOTL.ZG,2019,1.63485544
SLB,FP.CPI.TOTL.ZG,2020,2.963549921
SLB,FP.CPI.TOTL.ZG,2021,-0.115437894
SLB,FP.CPI.TOTL.ZG,2022,5.518129286
SLB,FP.CPI.TOTL.ZG,2023,5.88585897
SLB,FP.CPI.TOTL.ZG,2024,4.321839484
SLB,FP.CPI.TOTL.ZG,2025,3.364621893
SOM,FP.CPI.TOTL.ZG,1960,
SOM,FP.CPI.TOTL.ZG,1961,
SOM,FP.CPI.TOTL.ZG,1962,
SOM,FP.CPI.TOTL.ZG,1963,
SOM,FP.CPI.TOTL.ZG,1964,
SOM,FP.CPI.TOTL.ZG,1965,
SOM,FP.CPI.TOTL.ZG,1966,
SOM,FP.CPI.TOTL.ZG,1967,
SOM,FP.CPI.TOTL.ZG,1968,
SOM,FP.CPI.TOTL.ZG,1969,
SOM,FP.CPI.TOTL.ZG,1970,
SOM,FP.CPI.TOTL.ZG,1971,
SOM,FP.CPI.TOTL.ZG,1972,
SOM,FP.CPI.TOTL.ZG,1973,
SOM,FP.CPI.TOTL.ZG,1974,
SOM,FP.CPI.TOTL.ZG,1975,
SOM,FP.CPI.TOTL.ZG,1976,
SOM,FP.CPI.TOTL.ZG,1977,
SOM,FP.CPI.TOTL.ZG,1978,
SOM,FP.CPI.TOTL.ZG,1979,
SOM,FP.CPI.TOTL.ZG,1980,
SOM,FP.CPI.TOTL.ZG,1981,
SOM,FP.CPI.TOTL.ZG,1982,
SOM,FP.CPI.TOTL.ZG,1983,
SOM,FP.CPI.TOTL.ZG,1984,
SOM,FP.CPI.TOTL.ZG,1985,
SOM,FP.CPI.TOTL.ZG,1986,
SOM,FP.CPI.TOTL.ZG,1987,
SOM,FP.CPI.TOTL.ZG,1988,
SOM,FP.CPI.TOTL.ZG,1989,
SOM,FP.CPI.TOTL.ZG,1990,
SOM,FP.CPI.TOTL.ZG,1991,
SOM,FP.CPI.TOTL.ZG,1992,
SOM,FP.CPI.TOTL.ZG,1993,
SOM,FP.CPI.TOTL.ZG,1994,
SOM,FP.CPI.TOTL.ZG,1995,
SOM,FP.CPI.TOTL.ZG,1996,
SOM,FP.CPI.TOTL.ZG,1997,
SOM,FP.CPI.TOTL.ZG,1998,
SOM,FP.CPI.TOTL.ZG,1999,
SOM,FP.CPI.TOTL.ZG,2000,
SOM,FP.CPI.TOTL.ZG,2001,
SOM,FP.CPI.TOTL.ZG,2002,
SOM,FP.CPI.TOTL.ZG,2003,
SOM,FP.CPI.TOTL.ZG,2004,
SOM,FP.CPI.TOTL.ZG,2005,
SOM,FP.CPI.TOTL.ZG,2006,
SOM,FP.CPI.TOTL.ZG,2007,
SOM,FP.CPI.TOTL.ZG,2008,
SOM,FP.CPI.TOTL.ZG,2009,
SOM,FP.CPI.TOTL.ZG,2010,
SOM,FP.CPI.TOTL.ZG,2011,
SOM,FP.CPI.TOTL.ZG,2012,
SOM,FP.CPI.TOTL.ZG,2013,
SOM,FP.CPI.TOTL.ZG,2014,
SOM,FP.CPI.TOTL.ZG,2015,
SOM,FP.CPI.TOTL.ZG,2016,
SOM,FP.CPI.TOTL.ZG,2017,
SOM,FP.CPI.TOTL.ZG,2018,
SOM,FP.CPI.TOTL.ZG,2019,
SOM,FP.CPI.TOTL.ZG,2020,
SOM,FP.CPI.TOTL.ZG,2021,
SOM,FP.CPI.TOTL.ZG,2022,
SOM,FP.CPI.TOTL.ZG,2023,
SOM,FP.CPI.TOTL.ZG,2024,
SOM,FP.CPI.TOTL.ZG,2025,
ZAF,FP.CPI.TOTL.ZG,1960,1.288876927
ZAF,FP.CPI.TOTL.ZG,1961,2.1023506
ZAF,FP.CPI.TOTL.ZG,1962,1.2462752
ZAF,FP.CPI.TOTL.ZG,1963,1.337970645
ZAF,FP.CPI.TOTL.ZG,1964,2.534988542
ZAF,FP.CPI.TOTL.ZG,1965,4.069018533
ZAF,FP.CPI.TOTL.ZG,1966,3.489237154
ZAF,FP.CPI.TOTL.ZG,1967,3.538965802
ZAF,FP.CPI.TOTL.ZG,1968,1.986133621
ZAF,FP.CPI.TOTL.ZG,1969,3.238217216
ZAF,FP.CPI.TOTL.ZG,1970,4.991924554
ZAF,FP.CPI.TOTL.ZG,1971,5.957420852
ZAF,FP.CPI.TOTL.ZG,1972,6.425676389
ZAF,FP.CPI.TOTL.ZG,1973,9.43398377
ZAF,FP.CPI.TOTL.ZG,1974,11.72413152
ZAF,FP.CPI.TOTL.ZG,1975,13.42592485
ZAF,FP.CPI.TOTL.ZG,1976,11.02041059
ZAF,FP.CPI.TOTL.ZG,1977,11.15195783
ZAF,FP.CPI.TOTL.ZG,1978,11.13560888
ZAF,FP.CPI.TOTL.ZG,1979,13.29366246
ZAF,FP.CPI.TOTL.ZG,1980,13.66024047
ZAF,FP.CPI.TOTL.ZG,1981,15.25423377
ZAF,FP.CPI.TOTL.ZG,1982,14.63904059
ZAF,FP.CPI.TOTL.ZG,1983,12.3032053
ZAF,FP.CPI.TOTL.ZG,1984,11.52648143
ZAF,FP.CPI.TOTL.ZG,1985,16.29422524
ZAF,FP.CPI.TOTL.ZG,1986,18.65492304
ZAF,FP.CPI.TOTL.ZG,1987,16.16059485
ZAF,FP.CPI.TOTL.ZG,1988,12.77955308
ZAF,FP.CPI.TOTL.ZG,1989,14.7308754
ZAF,FP.CPI.TOTL.ZG,1990,14.32099189
ZAF,FP.CPI.TOTL.ZG,1991,15.33477857
ZAF,FP.CPI.TOTL.ZG,1992,13.87470375
ZAF,FP.CPI.TOTL.ZG,1993,9.717427298
ZAF,FP.CPI.TOTL.ZG,1994,8.938563724
ZAF,FP.CPI.TOTL.ZG,1995,8.680424214
ZAF,FP.CPI.TOTL.ZG,1996,7.354119721
ZAF,FP.CPI.TOTL.ZG,1997,8.597776113
ZAF,FP.CPI.TOTL.ZG,1998,6.88054521
ZAF,FP.CPI.TOTL.ZG,1999,5.181489051
ZAF,FP.CPI.TOTL.ZG,2000,5.338959136
ZAF,FP.CPI.TOTL.ZG,2001,5.70189483
ZAF,FP.CPI.TOTL.ZG,2002,9.494713781
ZAF,FP.CPI.TOTL.ZG,2003,5.679424141
ZAF,FP.CPI.TOTL.ZG,2004,-0.692039438
ZAF,FP.CPI.TOTL.ZG,2005,2.062853082
ZAF,FP.CPI.TOTL.ZG,2006,3.243907654
ZAF,FP.CPI.TOTL.ZG,2007,6.177812148
ZAF,FP.CPI.TOTL.ZG,2008,9.90998456
ZAF,FP.CPI.TOTL.ZG,2009,7.238095238
ZAF,FP.CPI.TOTL.ZG,2010,4.06749556
ZAF,FP.CPI.TOTL.ZG,2011,5.000853388
ZAF,FP.CPI.TOTL.ZG,2012,5.737971391
ZAF,FP.CPI.TOTL.ZG,2013,5.780169101
ZAF,FP.CPI.TOTL.ZG,2014,6.132829531
ZAF,FP.CPI.TOTL.ZG,2015,4.518690949
ZAF,FP.CPI.TOTL.ZG,2016,6.602908424
ZAF,FP.CPI.TOTL.ZG,2017,5.186186555
ZAF,FP.CPI.TOTL.ZG,2018,4.509872649
ZAF,FP.CPI.TOTL.ZG,2019,4.102850755
ZAF,FP.CPI.TOTL.ZG,2020,3.232388316
ZAF,FP.CPI.TOTL.ZG,2021,4.618745449
ZAF,FP.CPI.TOTL.ZG,2022,7.039872725
ZAF,FP.CPI.TOTL.ZG,2023,6.075243846
ZAF,FP.CPI.TOTL.ZG,2024,4.361152465
ZAF,FP.CPI.TOTL.ZG,2025,3.205504741
SSD,FP.CPI.TOTL.ZG,1960,
SSD,FP.CPI.TOTL.ZG,1961,
SSD,FP.CPI.TOTL.ZG,1962,
SSD,FP.CPI.TOTL.ZG,1963,
SSD,FP.CPI.TOTL.ZG,1964,
SSD,FP.CPI.TOTL.ZG,1965,
SSD,FP.CPI.TOTL.ZG,1966,
SSD,FP.CPI.TOTL.ZG,1967,
SSD,FP.CPI.TOTL.ZG,1968,
SSD,FP.CPI.TOTL.ZG,1969,
SSD,FP.CPI.TOTL.ZG,1970,
SSD,FP.CPI.TOTL.ZG,1971,
SSD,FP.CPI.TOTL.ZG,1972,
SSD,FP.CPI.TOTL.ZG,1973,
SSD,FP.CPI.TOTL.ZG,1974,
SSD,FP.CPI.TOTL.ZG,1975,
SSD,FP.CPI.TOTL.ZG,1976,
SSD,FP.CPI.TOTL.ZG,1977,
SSD,FP.CPI.TOTL.ZG,1978,
SSD,FP.CPI.TOTL.ZG,1979,
SSD,FP.CPI.TOTL.ZG,1980,
SSD,FP.CPI.TOTL.ZG,1981,
SSD,FP.CPI.TOTL.ZG,1982,
SSD,FP.CPI.TOTL.ZG,1983,
SSD,FP.CPI.TOTL.ZG,1984,
SSD,FP.CPI.TOTL.ZG,1985,
SSD,FP.CPI.TOTL.ZG,1986,
SSD,FP.CPI.TOTL.ZG,1987,
SSD,FP.CPI.TOTL.ZG,1988,
SSD,FP.CPI.TOTL.ZG,1989,
SSD,FP.CPI.TOTL.ZG,1990,
SSD,FP.CPI.TOTL.ZG,1991,
SSD,FP.CPI.TOTL.ZG,1992,
SSD,FP.CPI.TOTL.ZG,1993,
SSD,FP.CPI.TOTL.ZG,1994,
SSD,FP.CPI.TOTL.ZG,1995,
SSD,FP.CPI.TOTL.ZG,1996,
SSD,FP.CPI.TOTL.ZG,1997,
SSD,FP.CPI.TOTL.ZG,1998,
SSD,FP.CPI.TOTL.ZG,1999,
SSD,FP.CPI.TOTL.ZG,2000,
SSD,FP.CPI.TOTL.ZG,2001,
SSD,FP.CPI.TOTL.ZG,2002,
SSD,FP.CPI.TOTL.ZG,2003,
SSD,FP.CPI.TOTL.ZG,2004,
SSD,FP.CPI.TOTL.ZG,2005,
SSD,FP.CPI.TOTL.ZG,2006,
SSD,FP.CPI.TOTL.ZG,2007,
SSD,FP.CPI.TOTL.ZG,2008,
SSD,FP.CPI.TOTL.ZG,2009,5.006273615
SSD,FP.CPI.TOTL.ZG,2010,1.169621803
SSD,FP.CPI.TOTL.ZG,2011,46.85217572
SSD,FP.CPI.TOTL.ZG,2012,45.52589784
SSD,FP.CPI.TOTL.ZG,2013,-0.058090978
SSD,FP.CPI.TOTL.ZG,2014,1.674299063
SSD,FP.CPI.TOTL.ZG,2015,52.76633042
SSD,FP.CPI.TOTL.ZG,2016,379.9995856
SSD,FP.CPI.TOTL.ZG,2017,187.8516303
SSD,FP.CPI.TOTL.ZG,2018,83.50152949
SSD,FP.CPI.TOTL.ZG,2019,87.24136415
SSD,FP.CPI.TOTL.ZG,2020,29.67584355
SSD,FP.CPI.TOTL.ZG,2021,10.51671583
SSD,FP.CPI.TOTL.ZG,2022,-6.687320942
SSD,FP.CPI.TOTL.ZG,2023,2.382804348
SSD,FP.CPI.TOTL.ZG,2024,91.44082208
SSD,FP.CPI.TOTL.ZG,2025,
ESP,FP.CPI.TOTL.ZG,1960,1.177771084
ESP,FP.CPI.TOTL.ZG,1961,0.809252874
ESP,FP.CPI.TOTL.ZG,1962,5.706477193
ESP,FP.CPI.TOTL.ZG,1963,8.743697684
ESP,FP.CPI.TOTL.ZG,1964,6.97924674
ESP,FP.CPI.TOTL.ZG,1965,13.21413784
ESP,FP.CPI.TOTL.ZG,1966,6.240367083
ESP,FP.CPI.TOTL.ZG,1967,6.391631088
ESP,FP.CPI.TOTL.ZG,1968,4.954366117
ESP,FP.CPI.TOTL.ZG,1969,2.160347136
ESP,FP.CPI.TOTL.ZG,1970,5.731144843
ESP,FP.CPI.TOTL.ZG,1971,8.236887149
ESP,FP.CPI.TOTL.ZG,1972,8.272287549
ESP,FP.CPI.TOTL.ZG,1973,11.41670761
ESP,FP.CPI.TOTL.ZG,1974,15.6803734
ESP,FP.CPI.TOTL.ZG,1975,16.95328593
ESP,FP.CPI.TOTL.ZG,1976,17.62488005
ESP,FP.CPI.TOTL.ZG,1977,24.53806329
ESP,FP.CPI.TOTL.ZG,1978,19.7736705
ESP,FP.CPI.TOTL.ZG,1979,15.6602356
ESP,FP.CPI.TOTL.ZG,1980,15.5619021
ESP,FP.CPI.TOTL.ZG,1981,14.54934572
ESP,FP.CPI.TOTL.ZG,1982,14.41500205
ESP,FP.CPI.TOTL.ZG,1983,12.17407274
ESP,FP.CPI.TOTL.ZG,1984,11.28027656
ESP,FP.CPI.TOTL.ZG,1985,8.814455067
ESP,FP.CPI.TOTL.ZG,1986,8.794939323
ESP,FP.CPI.TOTL.ZG,1987,5.248018635
ESP,FP.CPI.TOTL.ZG,1988,4.837270665
ESP,FP.CPI.TOTL.ZG,1989,6.79143584
ESP,FP.CPI.TOTL.ZG,1990,6.721819522
ESP,FP.CPI.TOTL.ZG,1991,5.934213443
ESP,FP.CPI.TOTL.ZG,1992,5.924531262
ESP,FP.CPI.TOTL.ZG,1993,4.569071737
ESP,FP.CPI.TOTL.ZG,1994,4.71841374
ESP,FP.CPI.TOTL.ZG,1995,4.673803376
ESP,FP.CPI.TOTL.ZG,1996,3.558845593
ESP,FP.CPI.TOTL.ZG,1997,1.971073956
ESP,FP.CPI.TOTL.ZG,1998,1.834329999
ESP,FP.CPI.TOTL.ZG,1999,2.31034814
ESP,FP.CPI.TOTL.ZG,2000,3.433515634
ESP,FP.CPI.TOTL.ZG,2001,3.589834133
ESP,FP.CPI.TOTL.ZG,2002,3.065656859
ESP,FP.CPI.TOTL.ZG,2003,3.038888394
ESP,FP.CPI.TOTL.ZG,2004,3.039248811
ESP,FP.CPI.TOTL.ZG,2005,3.368814098
ESP,FP.CPI.TOTL.ZG,2006,3.515575768
ESP,FP.CPI.TOTL.ZG,2007,2.786797458
ESP,FP.CPI.TOTL.ZG,2008,4.07534336
ESP,FP.CPI.TOTL.ZG,2009,-0.287813084
ESP,FP.CPI.TOTL.ZG,2010,1.799864577
ESP,FP.CPI.TOTL.ZG,2011,3.196101888
ESP,FP.CPI.TOTL.ZG,2012,2.446127824
ESP,FP.CPI.TOTL.ZG,2013,1.408581092
ESP,FP.CPI.TOTL.ZG,2014,-0.151114838
ESP,FP.CPI.TOTL.ZG,2015,-0.50036571
ESP,FP.CPI.TOTL.ZG,2016,-0.202598
ESP,FP.CPI.TOTL.ZG,2017,1.956076334
ESP,FP.CPI.TOTL.ZG,2018,1.674981369
ESP,FP.CPI.TOTL.ZG,2019,0.699518994
ESP,FP.CPI.TOTL.ZG,2020,-0.322753017
ESP,FP.CPI.TOTL.ZG,2021,3.09313512
ESP,FP.CPI.TOTL.ZG,2022,8.390576341
ESP,FP.CPI.TOTL.ZG,2023,3.532361335
ESP,FP.CPI.TOTL.ZG,2024,2.747147887
ESP,FP.CPI.TOTL.ZG,2025,2.699932858
LKA,FP.CPI.TOTL.ZG,1960,-1.544676806
LKA,FP.CPI.TOTL.ZG,1961,1.13444364
LKA,FP.CPI.TOTL.ZG,1962,1.503579953
LKA,FP.CPI.TOTL.ZG,1963,2.2729054
LKA,FP.CPI.TOTL.ZG,1964,3.195647176
LKA,FP.CPI.TOTL.ZG,1965,0.222783306
LKA,FP.CPI.TOTL.ZG,1966,-0.15560166
LKA,FP.CPI.TOTL.ZG,1967,2.189239332
LKA,FP.CPI.TOTL.ZG,1968,5.860566449
LKA,FP.CPI.TOTL.ZG,1969,7.456952734
LKA,FP.CPI.TOTL.ZG,1970,5.866956078
LKA,FP.CPI.TOTL.ZG,1971,2.665380209
LKA,FP.CPI.TOTL.ZG,1972,6.34948605
LKA,FP.CPI.TOTL.ZG,1973,9.626643102
LKA,FP.CPI.TOTL.ZG,1974,12.3028868
LKA,FP.CPI.TOTL.ZG,1975,6.625992553
LKA,FP.CPI.TOTL.ZG,1976,1.329518681
LKA,FP.CPI.TOTL.ZG,1977,1.224879588
LKA,FP.CPI.TOTL.ZG,1978,12.14159728
LKA,FP.CPI.TOTL.ZG,1979,10.73192143
LKA,FP.CPI.TOTL.ZG,1980,26.1454101
LKA,FP.CPI.TOTL.ZG,1981,17.9689955
LKA,FP.CPI.TOTL.ZG,1982,10.82574917
LKA,FP.CPI.TOTL.ZG,1983,13.96438801
LKA,FP.CPI.TOTL.ZG,1984,16.63825375
LKA,FP.CPI.TOTL.ZG,1985,1.481180122
LKA,FP.CPI.TOTL.ZG,1986,7.976361936
LKA,FP.CPI.TOTL.ZG,1987,7.717165606
LKA,FP.CPI.TOTL.ZG,1988,13.9915489
LKA,FP.CPI.TOTL.ZG,1989,11.56753609
LKA,FP.CPI.TOTL.ZG,1990,21.49525205
LKA,FP.CPI.TOTL.ZG,1991,12.18563072
LKA,FP.CPI.TOTL.ZG,1992,11.38343705
LKA,FP.CPI.TOTL.ZG,1993,11.74673702
LKA,FP.CPI.TOTL.ZG,1994,8.448712487
LKA,FP.CPI.TOTL.ZG,1995,7.674848734
LKA,FP.CPI.TOTL.ZG,1996,15.93583104
LKA,FP.CPI.TOTL.ZG,1997,9.573696264
LKA,FP.CPI.TOTL.ZG,1998,9.364243007
LKA,FP.CPI.TOTL.ZG,1999,4.69170563
LKA,FP.CPI.TOTL.ZG,2000,6.17627591
LKA,FP.CPI.TOTL.ZG,2001,14.1584558
LKA,FP.CPI.TOTL.ZG,2002,9.55103167
LKA,FP.CPI.TOTL.ZG,2003,6.314637871
LKA,FP.CPI.TOTL.ZG,2004,7.57592583
LKA,FP.CPI.TOTL.ZG,2005,11.6396861
LKA,FP.CPI.TOTL.ZG,2006,10.02018361
LKA,FP.CPI.TOTL.ZG,2007,15.84211149
LKA,FP.CPI.TOTL.ZG,2008,22.56449553
LKA,FP.CPI.TOTL.ZG,2009,3.464963221
LKA,FP.CPI.TOTL.ZG,2010,6.217648893
LKA,FP.CPI.TOTL.ZG,2011,6.716768436
LKA,FP.CPI.TOTL.ZG,2012,7.542913732
LKA,FP.CPI.TOTL.ZG,2013,6.908450348
LKA,FP.CPI.TOTL.ZG,2014,3.179002282
LKA,FP.CPI.TOTL.ZG,2015,3.768367831
LKA,FP.CPI.TOTL.ZG,2016,3.958888466
LKA,FP.CPI.TOTL.ZG,2017,7.704137679
LKA,FP.CPI.TOTL.ZG,2018,2.135037737
LKA,FP.CPI.TOTL.ZG,2019,3.528393582
LKA,FP.CPI.TOTL.ZG,2020,6.153945084
LKA,FP.CPI.TOTL.ZG,2021,7.014780712
LKA,FP.CPI.TOTL.ZG,2022,49.72110211
LKA,FP.CPI.TOTL.ZG,2023,16.54117423
LKA,FP.CPI.TOTL.ZG,2024,-0.429360049
LKA,FP.CPI.TOTL.ZG,2025,-4.76386037
KNA,FP.CPI.TOTL.ZG,1960,
KNA,FP.CPI.TOTL.ZG,1961,
KNA,FP.CPI.TOTL.ZG,1962,
KNA,FP.CPI.TOTL.ZG,1963,
KNA,FP.CPI.TOTL.ZG,1964,
KNA,FP.CPI.TOTL.ZG,1965,
KNA,FP.CPI.TOTL.ZG,1966,
KNA,FP.CPI.TOTL.ZG,1967,
KNA,FP.CPI.TOTL.ZG,1968,
KNA,FP.CPI.TOTL.ZG,1969,
KNA,FP.CPI.TOTL.ZG,1970,
KNA,FP.CPI.TOTL.ZG,1971,
KNA,FP.CPI.TOTL.ZG,1972,
KNA,FP.CPI.TOTL.ZG,1973,
KNA,FP.CPI.TOTL.ZG,1974,
KNA,FP.CPI.TOTL.ZG,1975,
KNA,FP.CPI.TOTL.ZG,1976,
KNA,FP.CPI.TOTL.ZG,1977,
KNA,FP.CPI.TOTL.ZG,1978,
KNA,FP.CPI.TOTL.ZG,1979,
KNA,FP.CPI.TOTL.ZG,1980,17.7366548
KNA,FP.CPI.TOTL.ZG,1981,10.4763632
KNA,FP.CPI.TOTL.ZG,1982,5.927222982
KNA,FP.CPI.TOTL.ZG,1983,2.29153537
KNA,FP.CPI.TOTL.ZG,1984,2.714904705
KNA,FP.CPI.TOTL.ZG,1985,2.6195463
KNA,FP.CPI.TOTL.ZG,1986,-0.006685534
KNA,FP.CPI.TOTL.ZG,1987,0.963012649
KNA,FP.CPI.TOTL.ZG,1988,0.232525034
KNA,FP.CPI.TOTL.ZG,1989,5.169964956
KNA,FP.CPI.TOTL.ZG,1990,4.010984078
KNA,FP.CPI.TOTL.ZG,1991,4.323739444
KNA,FP.CPI.TOTL.ZG,1992,2.858446725
KNA,FP.CPI.TOTL.ZG,1993,1.794861464
KNA,FP.CPI.TOTL.ZG,1994,1.442269588
KNA,FP.CPI.TOTL.ZG,1995,2.956800251
KNA,FP.CPI.TOTL.ZG,1996,2.086573852
KNA,FP.CPI.TOTL.ZG,1997,8.905183391
KNA,FP.CPI.TOTL.ZG,1998,3.44635866
KNA,FP.CPI.TOTL.ZG,1999,3.363036304
KNA,FP.CPI.TOTL.ZG,2000,2.148855327
KNA,FP.CPI.TOTL.ZG,2001,2.303447483
KNA,FP.CPI.TOTL.ZG,2002,2.041091026
KNA,FP.CPI.TOTL.ZG,2003,2.235436644
KNA,FP.CPI.TOTL.ZG,2004,2.314554622
KNA,FP.CPI.TOTL.ZG,2005,3.37781904
KNA,FP.CPI.TOTL.ZG,2006,8.487485758
KNA,FP.CPI.TOTL.ZG,2007,4.480886086
KNA,FP.CPI.TOTL.ZG,2008,5.300296751
KNA,FP.CPI.TOTL.ZG,2009,2.05793709
KNA,FP.CPI.TOTL.ZG,2010,0.85087865
KNA,FP.CPI.TOTL.ZG,2011,5.835165196
KNA,FP.CPI.TOTL.ZG,2012,0.816089282
KNA,FP.CPI.TOTL.ZG,2013,1.10698554
KNA,FP.CPI.TOTL.ZG,2014,0.247865392
KNA,FP.CPI.TOTL.ZG,2015,-2.30187563
KNA,FP.CPI.TOTL.ZG,2016,-0.687037123
KNA,FP.CPI.TOTL.ZG,2017,0.694916712
KNA,FP.CPI.TOTL.ZG,2018,-1.037122141
KNA,FP.CPI.TOTL.ZG,2019,-0.329562064
KNA,FP.CPI.TOTL.ZG,2020,-1.167245018
KNA,FP.CPI.TOTL.ZG,2021,1.19568887
KNA,FP.CPI.TOTL.ZG,2022,2.668175331
KNA,FP.CPI.TOTL.ZG,2023,3.557112308
KNA,FP.CPI.TOTL.ZG,2024,
KNA,FP.CPI.TOTL.ZG,2025,
LCA,FP.CPI.TOTL.ZG,1960,
LCA,FP.CPI.TOTL.ZG,1961,
LCA,FP.CPI.TOTL.ZG,1962,
LCA,FP.CPI.TOTL.ZG,1963,
LCA,FP.CPI.TOTL.ZG,1964,
LCA,FP.CPI.TOTL.ZG,1965,
LCA,FP.CPI.TOTL.ZG,1966,2.479008397
LCA,FP.CPI.TOTL.ZG,1967,3.207179087
LCA,FP.CPI.TOTL.ZG,1968,3.969454105
LCA,FP.CPI.TOTL.ZG,1969,2.2543815
LCA,FP.CPI.TOTL.ZG,1970,13.39876253
LCA,FP.CPI.TOTL.ZG,1971,8.391345249
LCA,FP.CPI.TOTL.ZG,1972,7.880576289
LCA,FP.CPI.TOTL.ZG,1973,13.4406007
LCA,FP.CPI.TOTL.ZG,1974,34.22060423
LCA,FP.CPI.TOTL.ZG,1975,17.7427877
LCA,FP.CPI.TOTL.ZG,1976,9.669119847
LCA,FP.CPI.TOTL.ZG,1977,8.8657319
LCA,FP.CPI.TOTL.ZG,1978,10.87751829
LCA,FP.CPI.TOTL.ZG,1979,9.390042713
LCA,FP.CPI.TOTL.ZG,1980,19.47772911
LCA,FP.CPI.TOTL.ZG,1981,15.12484438
LCA,FP.CPI.TOTL.ZG,1982,4.614067499
LCA,FP.CPI.TOTL.ZG,1983,1.473058535
LCA,FP.CPI.TOTL.ZG,1984,1.205484104
LCA,FP.CPI.TOTL.ZG,1985,1.423198982
LCA,FP.CPI.TOTL.ZG,1986,2.190258254
LCA,FP.CPI.TOTL.ZG,1987,7.021753039
LCA,FP.CPI.TOTL.ZG,1988,0.829472426
LCA,FP.CPI.TOTL.ZG,1989,4.372637664
LCA,FP.CPI.TOTL.ZG,1990,4.267556629
LCA,FP.CPI.TOTL.ZG,1991,6.149550531
LCA,FP.CPI.TOTL.ZG,1992,5.138897799
LCA,FP.CPI.TOTL.ZG,1993,0.848181596
LCA,FP.CPI.TOTL.ZG,1994,2.815916652
LCA,FP.CPI.TOTL.ZG,1995,5.629659215
LCA,FP.CPI.TOTL.ZG,1996,0.92484261
LCA,FP.CPI.TOTL.ZG,1997,-0.005520287
LCA,FP.CPI.TOTL.ZG,1998,3.201943417
LCA,FP.CPI.TOTL.ZG,1999,3.503797841
LCA,FP.CPI.TOTL.ZG,2000,3.710786087
LCA,FP.CPI.TOTL.ZG,2001,5.30722081
LCA,FP.CPI.TOTL.ZG,2002,-0.255536627
LCA,FP.CPI.TOTL.ZG,2003,1.034253724
LCA,FP.CPI.TOTL.ZG,2004,1.460368144
LCA,FP.CPI.TOTL.ZG,2005,3.898273708
LCA,FP.CPI.TOTL.ZG,2006,2.395620825
LCA,FP.CPI.TOTL.ZG,2007,2.823103737
LCA,FP.CPI.TOTL.ZG,2008,5.549547694
LCA,FP.CPI.TOTL.ZG,2009,-0.156936087
LCA,FP.CPI.TOTL.ZG,2010,3.250344092
LCA,FP.CPI.TOTL.ZG,2011,2.769407941
LCA,FP.CPI.TOTL.ZG,2012,4.177635871
LCA,FP.CPI.TOTL.ZG,2013,1.46856511
LCA,FP.CPI.TOTL.ZG,2014,3.516955514
LCA,FP.CPI.TOTL.ZG,2015,-0.983600953
LCA,FP.CPI.TOTL.ZG,2016,-3.078217657
LCA,FP.CPI.TOTL.ZG,2017,0.104262079
LCA,FP.CPI.TOTL.ZG,2018,1.935618932
LCA,FP.CPI.TOTL.ZG,2019,0.539087559
LCA,FP.CPI.TOTL.ZG,2020,-1.755808335
LCA,FP.CPI.TOTL.ZG,2021,2.410703122
LCA,FP.CPI.TOTL.ZG,2022,9.652685643
LCA,FP.CPI.TOTL.ZG,2023,3.819145462
LCA,FP.CPI.TOTL.ZG,2024,-0.674240853
LCA,FP.CPI.TOTL.ZG,2025,2.027095121
MAF,FP.CPI.TOTL.ZG,1960,
MAF,FP.CPI.TOTL.ZG,1961,
MAF,FP.CPI.TOTL.ZG,1962,
MAF,FP.CPI.TOTL.ZG,1963,
MAF,FP.CPI.TOTL.ZG,1964,
MAF,FP.CPI.TOTL.ZG,1965,
MAF,FP.CPI.TOTL.ZG,1966,
MAF,FP.CPI.TOTL.ZG,1967,
MAF,FP.CPI.TOTL.ZG,1968,
MAF,FP.CPI.TOTL.ZG,1969,
MAF,FP.CPI.TOTL.ZG,1970,
MAF,FP.CPI.TOTL.ZG,1971,
MAF,FP.CPI.TOTL.ZG,1972,
MAF,FP.CPI.TOTL.ZG,1973,
MAF,FP.CPI.TOTL.ZG,1974,
MAF,FP.CPI.TOTL.ZG,1975,
MAF,FP.CPI.TOTL.ZG,1976,
MAF,FP.CPI.TOTL.ZG,1977,
MAF,FP.CPI.TOTL.ZG,1978,
MAF,FP.CPI.TOTL.ZG,1979,
MAF,FP.CPI.TOTL.ZG,1980,
MAF,FP.CPI.TOTL.ZG,1981,
MAF,FP.CPI.TOTL.ZG,1982,
MAF,FP.CPI.TOTL.ZG,1983,
MAF,FP.CPI.TOTL.ZG,1984,
MAF,FP.CPI.TOTL.ZG,1985,
MAF,FP.CPI.TOTL.ZG,1986,
MAF,FP.CPI.TOTL.ZG,1987,
MAF,FP.CPI.TOTL.ZG,1988,
MAF,FP.CPI.TOTL.ZG,1989,
MAF,FP.CPI.TOTL.ZG,1990,
MAF,FP.CPI.TOTL.ZG,1991,
MAF,FP.CPI.TOTL.ZG,1992,
MAF,FP.CPI.TOTL.ZG,1993,
MAF,FP.CPI.TOTL.ZG,1994,
MAF,FP.CPI.TOTL.ZG,1995,
MAF,FP.CPI.TOTL.ZG,1996,
MAF,FP.CPI.TOTL.ZG,1997,
MAF,FP.CPI.TOTL.ZG,1998,
MAF,FP.CPI.TOTL.ZG,1999,
MAF,FP.CPI.TOTL.ZG,2000,
MAF,FP.CPI.TOTL.ZG,2001,
MAF,FP.CPI.TOTL.ZG,2002,
MAF,FP.CPI.TOTL.ZG,2003,
MAF,FP.CPI.TOTL.ZG,2004,
MAF,FP.CPI.TOTL.ZG,2005,
MAF,FP.CPI.TOTL.ZG,2006,
MAF,FP.CPI.TOTL.ZG,2007,
MAF,FP.CPI.TOTL.ZG,2008,
MAF,FP.CPI.TOTL.ZG,2009,
MAF,FP.CPI.TOTL.ZG,2010,
MAF,FP.CPI.TOTL.ZG,2011,
MAF,FP.CPI.TOTL.ZG,2012,
MAF,FP.CPI.TOTL.ZG,2013,
MAF,FP.CPI.TOTL.ZG,2014,
MAF,FP.CPI.TOTL.ZG,2015,
MAF,FP.CPI.TOTL.ZG,2016,
MAF,FP.CPI.TOTL.ZG,2017,
MAF,FP.CPI.TOTL.ZG,2018,
MAF,FP.CPI.TOTL.ZG,2019,
MAF,FP.CPI.TOTL.ZG,2020,
MAF,FP.CPI.TOTL.ZG,2021,
MAF,FP.CPI.TOTL.ZG,2022,
MAF,FP.CPI.TOTL.ZG,2023,
MAF,FP.CPI.TOTL.ZG,2024,
MAF,FP.CPI.TOTL.ZG,2025,
VCT,FP.CPI.TOTL.ZG,1960,
VCT,FP.CPI.TOTL.ZG,1961,
VCT,FP.CPI.TOTL.ZG,1962,
VCT,FP.CPI.TOTL.ZG,1963,
VCT,FP.CPI.TOTL.ZG,1964,
VCT,FP.CPI.TOTL.ZG,1965,
VCT,FP.CPI.TOTL.ZG,1966,
VCT,FP.CPI.TOTL.ZG,1967,
VCT,FP.CPI.TOTL.ZG,1968,
VCT,FP.CPI.TOTL.ZG,1969,
VCT,FP.CPI.TOTL.ZG,1970,
VCT,FP.CPI.TOTL.ZG,1971,
VCT,FP.CPI.TOTL.ZG,1972,
VCT,FP.CPI.TOTL.ZG,1973,
VCT,FP.CPI.TOTL.ZG,1974,
VCT,FP.CPI.TOTL.ZG,1975,6.797706797
VCT,FP.CPI.TOTL.ZG,1976,11.28898262
VCT,FP.CPI.TOTL.ZG,1977,10.1869132
VCT,FP.CPI.TOTL.ZG,1978,8.429528103
VCT,FP.CPI.TOTL.ZG,1979,15.60847832
VCT,FP.CPI.TOTL.ZG,1980,17.207475
VCT,FP.CPI.TOTL.ZG,1981,12.73565665
VCT,FP.CPI.TOTL.ZG,1982,7.228256622
VCT,FP.CPI.TOTL.ZG,1983,5.45838799
VCT,FP.CPI.TOTL.ZG,1984,2.701955636
VCT,FP.CPI.TOTL.ZG,1985,2.139685103
VCT,FP.CPI.TOTL.ZG,1986,1.027667984
VCT,FP.CPI.TOTL.ZG,1987,3.305946792
VCT,FP.CPI.TOTL.ZG,1988,0.227229691
VCT,FP.CPI.TOTL.ZG,1989,2.833931608
VCT,FP.CPI.TOTL.ZG,1990,7.606099577
VCT,FP.CPI.TOTL.ZG,1991,5.49200387
VCT,FP.CPI.TOTL.ZG,1992,3.463530427
VCT,FP.CPI.TOTL.ZG,1993,4.291375534
VCT,FP.CPI.TOTL.ZG,1994,1.008949553
VCT,FP.CPI.TOTL.ZG,1995,1.738372899
VCT,FP.CPI.TOTL.ZG,1996,4.407901138
VCT,FP.CPI.TOTL.ZG,1997,0.44361603
VCT,FP.CPI.TOTL.ZG,1998,2.142406473
VCT,FP.CPI.TOTL.ZG,1999,1.013550444
VCT,FP.CPI.TOTL.ZG,2000,0.167679637
VCT,FP.CPI.TOTL.ZG,2001,0.900858486
VCT,FP.CPI.TOTL.ZG,2002,1.85550399
VCT,FP.CPI.TOTL.ZG,2003,0.205981709
VCT,FP.CPI.TOTL.ZG,2004,2.960039467
VCT,FP.CPI.TOTL.ZG,2005,3.733429165
VCT,FP.CPI.TOTL.ZG,2006,2.740675161
VCT,FP.CPI.TOTL.ZG,2007,7.236147016
VCT,FP.CPI.TOTL.ZG,2008,10.06624182
VCT,FP.CPI.TOTL.ZG,2009,0.421539126
VCT,FP.CPI.TOTL.ZG,2010,0.747109026
VCT,FP.CPI.TOTL.ZG,2011,3.186031116
VCT,FP.CPI.TOTL.ZG,2012,2.598444141
VCT,FP.CPI.TOTL.ZG,2013,0.805127804
VCT,FP.CPI.TOTL.ZG,2014,0.193858561
VCT,FP.CPI.TOTL.ZG,2015,-1.73361195
VCT,FP.CPI.TOTL.ZG,2016,-0.149641648
VCT,FP.CPI.TOTL.ZG,2017,2.153336488
VCT,FP.CPI.TOTL.ZG,2018,2.324144854
VCT,FP.CPI.TOTL.ZG,2019,0.913069725
VCT,FP.CPI.TOTL.ZG,2020,-0.628131309
VCT,FP.CPI.TOTL.ZG,2021,1.572729325
VCT,FP.CPI.TOTL.ZG,2022,5.660097792
VCT,FP.CPI.TOTL.ZG,2023,4.564577198
VCT,FP.CPI.TOTL.ZG,2024,3.627707369
VCT,FP.CPI.TOTL.ZG,2025,0.815322894
SDN,FP.CPI.TOTL.ZG,1960,0.092240286
SDN,FP.CPI.TOTL.ZG,1961,8.760511462
SDN,FP.CPI.TOTL.ZG,1962,1.662871366
SDN,FP.CPI.TOTL.ZG,1963,4.688232536
SDN,FP.CPI.TOTL.ZG,1964,3.950838434
SDN,FP.CPI.TOTL.ZG,1965,-2.446029391
SDN,FP.CPI.TOTL.ZG,1966,1.712463199
SDN,FP.CPI.TOTL.ZG,1967,11.01355589
SDN,FP.CPI.TOTL.ZG,1968,-10.03389536
SDN,FP.CPI.TOTL.ZG,1969,12.60686857
SDN,FP.CPI.TOTL.ZG,1970,4.02779565
SDN,FP.CPI.TOTL.ZG,1971,1.303669009
SDN,FP.CPI.TOTL.ZG,1972,13.55475071
SDN,FP.CPI.TOTL.ZG,1973,15.28908795
SDN,FP.CPI.TOTL.ZG,1974,26.1581023
SDN,FP.CPI.TOTL.ZG,1975,23.96304764
SDN,FP.CPI.TOTL.ZG,1976,1.674884264
SDN,FP.CPI.TOTL.ZG,1977,17.07633079
SDN,FP.CPI.TOTL.ZG,1978,19.2304044
SDN,FP.CPI.TOTL.ZG,1979,31.13845501
SDN,FP.CPI.TOTL.ZG,1980,25.35236901
SDN,FP.CPI.TOTL.ZG,1981,24.57572433
SDN,FP.CPI.TOTL.ZG,1982,25.71287975
SDN,FP.CPI.TOTL.ZG,1983,30.58777478
SDN,FP.CPI.TOTL.ZG,1984,34.14634146
SDN,FP.CPI.TOTL.ZG,1985,45.40750323
SDN,FP.CPI.TOTL.ZG,1986,24.45349013
SDN,FP.CPI.TOTL.ZG,1987,20.55723775
SDN,FP.CPI.TOTL.ZG,1988,64.7005631
SDN,FP.CPI.TOTL.ZG,1989,66.72032193
SDN,FP.CPI.TOTL.ZG,1990,65.158098
SDN,FP.CPI.TOTL.ZG,1991,123.5781269
SDN,FP.CPI.TOTL.ZG,1992,117.6244689
SDN,FP.CPI.TOTL.ZG,1993,101.3804238
SDN,FP.CPI.TOTL.ZG,1994,115.3981443
SDN,FP.CPI.TOTL.ZG,1995,68.37519295
SDN,FP.CPI.TOTL.ZG,1996,132.8237774
SDN,FP.CPI.TOTL.ZG,1997,47.16853696
SDN,FP.CPI.TOTL.ZG,1998,24.62187855
SDN,FP.CPI.TOTL.ZG,1999,17.16644542
SDN,FP.CPI.TOTL.ZG,2000,7.121258972
SDN,FP.CPI.TOTL.ZG,2001,1.935295721
SDN,FP.CPI.TOTL.ZG,2002,22.22472415
SDN,FP.CPI.TOTL.ZG,2003,6.489432087
SDN,FP.CPI.TOTL.ZG,2004,9.657546286
SDN,FP.CPI.TOTL.ZG,2005,8.505850759
SDN,FP.CPI.TOTL.ZG,2006,7.199129901
SDN,FP.CPI.TOTL.ZG,2007,14.75427708
SDN,FP.CPI.TOTL.ZG,2008,14.29712245
SDN,FP.CPI.TOTL.ZG,2009,11.25675871
SDN,FP.CPI.TOTL.ZG,2010,12.97766639
SDN,FP.CPI.TOTL.ZG,2011,18.09661712
SDN,FP.CPI.TOTL.ZG,2012,35.55905741
SDN,FP.CPI.TOTL.ZG,2013,36.52234491
SDN,FP.CPI.TOTL.ZG,2014,36.90664279
SDN,FP.CPI.TOTL.ZG,2015,16.90957061
SDN,FP.CPI.TOTL.ZG,2016,17.75025383
SDN,FP.CPI.TOTL.ZG,2017,32.3516261
SDN,FP.CPI.TOTL.ZG,2018,63.29250735
SDN,FP.CPI.TOTL.ZG,2019,50.9940515
SDN,FP.CPI.TOTL.ZG,2020,163.2577824
SDN,FP.CPI.TOTL.ZG,2021,359.0930408
SDN,FP.CPI.TOTL.ZG,2022,138.8084602
SDN,FP.CPI.TOTL.ZG,2023,
SDN,FP.CPI.TOTL.ZG,2024,
SDN,FP.CPI.TOTL.ZG,2025,
SUR,FP.CPI.TOTL.ZG,1960,2.857142857
SUR,FP.CPI.TOTL.ZG,1961,1.709401709
SUR,FP.CPI.TOTL.ZG,1962,2.100840336
SUR,FP.CPI.TOTL.ZG,1963,2.057613169
SUR,FP.CPI.TOTL.ZG,1964,4.233870968
SUR,FP.CPI.TOTL.ZG,1965,1.934235977
SUR,FP.CPI.TOTL.ZG,1966,4.743833017
SUR,FP.CPI.TOTL.ZG,1967,10.6884058
SUR,FP.CPI.TOTL.ZG,1968,0.163666121
SUR,FP.CPI.TOTL.ZG,1969,11.2745098
SUR,FP.CPI.TOTL.ZG,1970,2.588042588
SUR,FP.CPI.TOTL.ZG,1971,0.215551653
SUR,FP.CPI.TOTL.ZG,1972,3.234286625
SUR,FP.CPI.TOTL.ZG,1973,12.94081333
SUR,FP.CPI.TOTL.ZG,1974,16.87619568
SUR,FP.CPI.TOTL.ZG,1975,8.447328423
SUR,FP.CPI.TOTL.ZG,1976,10.06953803
SUR,FP.CPI.TOTL.ZG,1977,9.731132769
SUR,FP.CPI.TOTL.ZG,1978,8.823529412
SUR,FP.CPI.TOTL.ZG,1979,14.84230817
SUR,FP.CPI.TOTL.ZG,1980,14.10970645
SUR,FP.CPI.TOTL.ZG,1981,8.793969849
SUR,FP.CPI.TOTL.ZG,1982,7.276408618
SUR,FP.CPI.TOTL.ZG,1983,4.411808075
SUR,FP.CPI.TOTL.ZG,1984,3.688744528
SUR,FP.CPI.TOTL.ZG,1985,10.86595298
SUR,FP.CPI.TOTL.ZG,1986,18.68796069
SUR,FP.CPI.TOTL.ZG,1987,53.39295326
SUR,FP.CPI.TOTL.ZG,1988,7.313287808
SUR,FP.CPI.TOTL.ZG,1989,0.769646742
SUR,FP.CPI.TOTL.ZG,1990,21.73994434
SUR,FP.CPI.TOTL.ZG,1991,25.96746251
SUR,FP.CPI.TOTL.ZG,1992,43.66617839
SUR,FP.CPI.TOTL.ZG,1993,143.5115585
SUR,FP.CPI.TOTL.ZG,1994,368.4780687
SUR,FP.CPI.TOTL.ZG,1995,235.5588151
SUR,FP.CPI.TOTL.ZG,1996,-0.701887251
SUR,FP.CPI.TOTL.ZG,1997,7.145111609
SUR,FP.CPI.TOTL.ZG,1998,18.9753692
SUR,FP.CPI.TOTL.ZG,1999,98.77309141
SUR,FP.CPI.TOTL.ZG,2000,59.40168655
SUR,FP.CPI.TOTL.ZG,2001,38.58628789
SUR,FP.CPI.TOTL.ZG,2002,15.52739892
SUR,FP.CPI.TOTL.ZG,2003,23.00223218
SUR,FP.CPI.TOTL.ZG,2004,9.98632512
SUR,FP.CPI.TOTL.ZG,2005,9.898004896
SUR,FP.CPI.TOTL.ZG,2006,11.28130433
SUR,FP.CPI.TOTL.ZG,2007,6.426279345
SUR,FP.CPI.TOTL.ZG,2008,14.66714274
SUR,FP.CPI.TOTL.ZG,2009,-0.133636647
SUR,FP.CPI.TOTL.ZG,2010,6.941082216
SUR,FP.CPI.TOTL.ZG,2011,17.71177964
SUR,FP.CPI.TOTL.ZG,2012,5.006863194
SUR,FP.CPI.TOTL.ZG,2013,1.923436041
SUR,FP.CPI.TOTL.ZG,2014,3.383412727
SUR,FP.CPI.TOTL.ZG,2015,6.893903592
SUR,FP.CPI.TOTL.ZG,2016,55.41238798
SUR,FP.CPI.TOTL.ZG,2017,21.99694302
SUR,FP.CPI.TOTL.ZG,2018,
SUR,FP.CPI.TOTL.ZG,2019,
SUR,FP.CPI.TOTL.ZG,2020,34.88978431
SUR,FP.CPI.TOTL.ZG,2021,59.11966263
SUR,FP.CPI.TOTL.ZG,2022,52.44602728
SUR,FP.CPI.TOTL.ZG,2023,51.58731596
SUR,FP.CPI.TOTL.ZG,2024,16.22961591
SUR,FP.CPI.TOTL.ZG,2025,9.205468188
SWE,FP.CPI.TOTL.ZG,1960,4.141779151
SWE,FP.CPI.TOTL.ZG,1961,2.15797311
SWE,FP.CPI.TOTL.ZG,1962,4.766197219
SWE,FP.CPI.TOTL.ZG,1963,2.871740345
SWE,FP.CPI.TOTL.ZG,1964,3.387662311
SWE,FP.CPI.TOTL.ZG,1965,5.012771296
SWE,FP.CPI.TOTL.ZG,1966,6.404808253
SWE,FP.CPI.TOTL.ZG,1967,4.28931923
SWE,FP.CPI.TOTL.ZG,1968,1.943125825
SWE,FP.CPI.TOTL.ZG,1969,2.691994586
SWE,FP.CPI.TOTL.ZG,1970,7.016358851
SWE,FP.CPI.TOTL.ZG,1971,7.395541138
SWE,FP.CPI.TOTL.ZG,1972,6.007389699
SWE,FP.CPI.TOTL.ZG,1973,6.717997398
SWE,FP.CPI.TOTL.ZG,1974,9.911725301
SWE,FP.CPI.TOTL.ZG,1975,9.779873988
SWE,FP.CPI.TOTL.ZG,1976,10.24922465
SWE,FP.CPI.TOTL.ZG,1977,11.44180511
SWE,FP.CPI.TOTL.ZG,1978,9.995265417
SWE,FP.CPI.TOTL.ZG,1979,7.20978617
SWE,FP.CPI.TOTL.ZG,1980,13.70632236
SWE,FP.CPI.TOTL.ZG,1981,12.10393853
SWE,FP.CPI.TOTL.ZG,1982,8.58918509
SWE,FP.CPI.TOTL.ZG,1983,8.873021524
SWE,FP.CPI.TOTL.ZG,1984,8.04424239
SWE,FP.CPI.TOTL.ZG,1985,7.372574581
SWE,FP.CPI.TOTL.ZG,1986,4.235910111
SWE,FP.CPI.TOTL.ZG,1987,4.188571518
SWE,FP.CPI.TOTL.ZG,1988,5.824898684
SWE,FP.CPI.TOTL.ZG,1989,6.443275874
SWE,FP.CPI.TOTL.ZG,1990,10.36655339
SWE,FP.CPI.TOTL.ZG,1991,9.444627329
SWE,FP.CPI.TOTL.ZG,1992,2.374367251
SWE,FP.CPI.TOTL.ZG,1993,4.728173046
SWE,FP.CPI.TOTL.ZG,1994,2.158138007
SWE,FP.CPI.TOTL.ZG,1995,2.455148578
SWE,FP.CPI.TOTL.ZG,1996,0.533131979
SWE,FP.CPI.TOTL.ZG,1997,0.658410256
SWE,FP.CPI.TOTL.ZG,1998,-0.267132668
SWE,FP.CPI.TOTL.ZG,1999,0.462175756
SWE,FP.CPI.TOTL.ZG,2000,0.899143734
SWE,FP.CPI.TOTL.ZG,2001,2.405958341
SWE,FP.CPI.TOTL.ZG,2002,2.158482136
SWE,FP.CPI.TOTL.ZG,2003,1.925655349
SWE,FP.CPI.TOTL.ZG,2004,0.373659829
SWE,FP.CPI.TOTL.ZG,2005,0.453170853
SWE,FP.CPI.TOTL.ZG,2006,1.360214686
SWE,FP.CPI.TOTL.ZG,2007,2.212168834
SWE,FP.CPI.TOTL.ZG,2008,3.437049106
SWE,FP.CPI.TOTL.ZG,2009,-0.494460544
SWE,FP.CPI.TOTL.ZG,2010,1.157988027
SWE,FP.CPI.TOTL.ZG,2011,2.961150738
SWE,FP.CPI.TOTL.ZG,2012,0.888377507
SWE,FP.CPI.TOTL.ZG,2013,-0.04429297
SWE,FP.CPI.TOTL.ZG,2014,-0.179638494
SWE,FP.CPI.TOTL.ZG,2015,-0.046784745
SWE,FP.CPI.TOTL.ZG,2016,0.984269245
SWE,FP.CPI.TOTL.ZG,2017,1.794499047
SWE,FP.CPI.TOTL.ZG,2018,1.953535301
SWE,FP.CPI.TOTL.ZG,2019,1.784150974
SWE,FP.CPI.TOTL.ZG,2020,0.497367319
SWE,FP.CPI.TOTL.ZG,2021,2.163197364
SWE,FP.CPI.TOTL.ZG,2022,8.369290989
SWE,FP.CPI.TOTL.ZG,2023,8.548624897
SWE,FP.CPI.TOTL.ZG,2024,2.835816582
SWE,FP.CPI.TOTL.ZG,2025,0.679869285
CHE,FP.CPI.TOTL.ZG,1960,1.438794703
CHE,FP.CPI.TOTL.ZG,1961,1.845397874
CHE,FP.CPI.TOTL.ZG,1962,4.315992878
CHE,FP.CPI.TOTL.ZG,1963,3.44021288
CHE,FP.CPI.TOTL.ZG,1964,3.080556871
CHE,FP.CPI.TOTL.ZG,1965,3.414478608
CHE,FP.CPI.TOTL.ZG,1966,4.775979596
CHE,FP.CPI.TOTL.ZG,1967,4.005196216
CHE,FP.CPI.TOTL.ZG,1968,2.39582227
CHE,FP.CPI.TOTL.ZG,1969,2.48903599
CHE,FP.CPI.TOTL.ZG,1970,3.615986786
CHE,FP.CPI.TOTL.ZG,1971,6.573221119
CHE,FP.CPI.TOTL.ZG,1972,6.660007042
CHE,FP.CPI.TOTL.ZG,1973,8.75467033
CHE,FP.CPI.TOTL.ZG,1974,9.767414319
CHE,FP.CPI.TOTL.ZG,1975,6.696595225
CHE,FP.CPI.TOTL.ZG,1976,1.715476323
CHE,FP.CPI.TOTL.ZG,1977,1.295999163
CHE,FP.CPI.TOTL.ZG,1978,1.028792895
CHE,FP.CPI.TOTL.ZG,1979,3.647640106
CHE,FP.CPI.TOTL.ZG,1980,4.022500848
CHE,FP.CPI.TOTL.ZG,1981,6.49030964
CHE,FP.CPI.TOTL.ZG,1982,5.655101824
CHE,FP.CPI.TOTL.ZG,1983,2.949794435
CHE,FP.CPI.TOTL.ZG,1984,2.931456691
CHE,FP.CPI.TOTL.ZG,1985,3.435399353
CHE,FP.CPI.TOTL.ZG,1986,0.750309839
CHE,FP.CPI.TOTL.ZG,1987,1.44032188
CHE,FP.CPI.TOTL.ZG,1988,1.872468597
CHE,FP.CPI.TOTL.ZG,1989,3.155269797
CHE,FP.CPI.TOTL.ZG,1990,5.403959092
CHE,FP.CPI.TOTL.ZG,1991,5.859596635
CHE,FP.CPI.TOTL.ZG,1992,4.037030208
CHE,FP.CPI.TOTL.ZG,1993,3.292621803
CHE,FP.CPI.TOTL.ZG,1994,0.852116995
CHE,FP.CPI.TOTL.ZG,1995,1.799827769
CHE,FP.CPI.TOTL.ZG,1996,0.811634065
CHE,FP.CPI.TOTL.ZG,1997,0.520225423
CHE,FP.CPI.TOTL.ZG,1998,0.017938438
CHE,FP.CPI.TOTL.ZG,1999,0.806444381
CHE,FP.CPI.TOTL.ZG,2000,1.558529197
CHE,FP.CPI.TOTL.ZG,2001,0.98902033
CHE,FP.CPI.TOTL.ZG,2002,0.642711507
CHE,FP.CPI.TOTL.ZG,2003,0.638272931
CHE,FP.CPI.TOTL.ZG,2004,0.802908731
CHE,FP.CPI.TOTL.ZG,2005,1.171954203
CHE,FP.CPI.TOTL.ZG,2006,1.059509283
CHE,FP.CPI.TOTL.ZG,2007,0.732350603
CHE,FP.CPI.TOTL.ZG,2008,2.426041171
CHE,FP.CPI.TOTL.ZG,2009,-0.480481936
CHE,FP.CPI.TOTL.ZG,2010,0.688238707
CHE,FP.CPI.TOTL.ZG,2011,0.231349208
CHE,FP.CPI.TOTL.ZG,2012,-0.692552018
CHE,FP.CPI.TOTL.ZG,2013,-0.217323155
CHE,FP.CPI.TOTL.ZG,2014,-0.013202539
CHE,FP.CPI.TOTL.ZG,2015,-1.143908672
CHE,FP.CPI.TOTL.ZG,2016,-0.434618664
CHE,FP.CPI.TOTL.ZG,2017,0.53378784
CHE,FP.CPI.TOTL.ZG,2018,0.936335464
CHE,FP.CPI.TOTL.ZG,2019,0.36288618
CHE,FP.CPI.TOTL.ZG,2020,-0.725874933
CHE,FP.CPI.TOTL.ZG,2021,0.581814168
CHE,FP.CPI.TOTL.ZG,2022,2.835027986
CHE,FP.CPI.TOTL.ZG,2023,2.13540088
CHE,FP.CPI.TOTL.ZG,2024,1.06234042
CHE,FP.CPI.TOTL.ZG,2025,0.154376978
SYR,FP.CPI.TOTL.ZG,1960,5.118909513
SYR,FP.CPI.TOTL.ZG,1961,1.958890882
SYR,FP.CPI.TOTL.ZG,1962,-3.846153846
SYR,FP.CPI.TOTL.ZG,1963,1.916666667
SYR,FP.CPI.TOTL.ZG,1964,5.396565822
SYR,FP.CPI.TOTL.ZG,1965,-3.87897595
SYR,FP.CPI.TOTL.ZG,1966,3.793381759
SYR,FP.CPI.TOTL.ZG,1967,6.454121306
SYR,FP.CPI.TOTL.ZG,1968,2.848794741
SYR,FP.CPI.TOTL.ZG,1969,-1.988636364
SYR,FP.CPI.TOTL.ZG,1970,4.637681159
SYR,FP.CPI.TOTL.ZG,1971,5.609418283
SYR,FP.CPI.TOTL.ZG,1972,2.098360656
SYR,FP.CPI.TOTL.ZG,1973,20.35966602
SYR,FP.CPI.TOTL.ZG,1974,15.52828175
SYR,FP.CPI.TOTL.ZG,1975,11.46496815
SYR,FP.CPI.TOTL.ZG,1976,11.42857143
SYR,FP.CPI.TOTL.ZG,1977,11.96581197
SYR,FP.CPI.TOTL.ZG,1978,4.809160305
SYR,FP.CPI.TOTL.ZG,1979,4.552075747
SYR,FP.CPI.TOTL.ZG,1980,19.2964124
SYR,FP.CPI.TOTL.ZG,1981,18.39416058
SYR,FP.CPI.TOTL.ZG,1982,14.30332922
SYR,FP.CPI.TOTL.ZG,1983,6.127292341
SYR,FP.CPI.TOTL.ZG,1984,9.229518195
SYR,FP.CPI.TOTL.ZG,1985,17.25293132
SYR,FP.CPI.TOTL.ZG,1986,36.06349206
SYR,FP.CPI.TOTL.ZG,1987,59.48436771
SYR,FP.CPI.TOTL.ZG,1988,34.56221198
SYR,FP.CPI.TOTL.ZG,1989,11.39921722
SYR,FP.CPI.TOTL.ZG,1990,19.39686722
SYR,FP.CPI.TOTL.ZG,1991,9
SYR,FP.CPI.TOTL.ZG,1992,11.00917431
SYR,FP.CPI.TOTL.ZG,1993,13.2231405
SYR,FP.CPI.TOTL.ZG,1994,15.32846715
SYR,FP.CPI.TOTL.ZG,1995,7.979957806
SYR,FP.CPI.TOTL.ZG,1996,8.249890099
SYR,FP.CPI.TOTL.ZG,1997,1.886111362
SYR,FP.CPI.TOTL.ZG,1998,-0.797165633
SYR,FP.CPI.TOTL.ZG,1999,-3.703703704
SYR,FP.CPI.TOTL.ZG,2000,-3.846153846
SYR,FP.CPI.TOTL.ZG,2001,3
SYR,FP.CPI.TOTL.ZG,2002,-0.130505282
SYR,FP.CPI.TOTL.ZG,2003,5.796829449
SYR,FP.CPI.TOTL.ZG,2004,4.433141367
SYR,FP.CPI.TOTL.ZG,2005,7.240349393
SYR,FP.CPI.TOTL.ZG,2006,10.02411054
SYR,FP.CPI.TOTL.ZG,2007,3.907709504
SYR,FP.CPI.TOTL.ZG,2008,15.74532522
SYR,FP.CPI.TOTL.ZG,2009,2.920897118
SYR,FP.CPI.TOTL.ZG,2010,4.397413832
SYR,FP.CPI.TOTL.ZG,2011,4.753163889
SYR,FP.CPI.TOTL.ZG,2012,36.70229534
SYR,FP.CPI.TOTL.ZG,2013,40.03183783
SYR,FP.CPI.TOTL.ZG,2014,10.92711418
SYR,FP.CPI.TOTL.ZG,2015,38.46114296
SYR,FP.CPI.TOTL.ZG,2016,47.70516153
SYR,FP.CPI.TOTL.ZG,2017,18.07526963
SYR,FP.CPI.TOTL.ZG,2018,0.940983844
SYR,FP.CPI.TOTL.ZG,2019,13.41756532
SYR,FP.CPI.TOTL.ZG,2020,
SYR,FP.CPI.TOTL.ZG,2021,
SYR,FP.CPI.TOTL.ZG,2022,
SYR,FP.CPI.TOTL.ZG,2023,
SYR,FP.CPI.TOTL.ZG,2024,
SYR,FP.CPI.TOTL.ZG,2025,
TJK,FP.CPI.TOTL.ZG,1960,
TJK,FP.CPI.TOTL.ZG,1961,
TJK,FP.CPI.TOTL.ZG,1962,
TJK,FP.CPI.TOTL.ZG,1963,
TJK,FP.CPI.TOTL.ZG,1964,
TJK,FP.CPI.TOTL.ZG,1965,
TJK,FP.CPI.TOTL.ZG,1966,
TJK,FP.CPI.TOTL.ZG,1967,
TJK,FP.CPI.TOTL.ZG,1968,
TJK,FP.CPI.TOTL.ZG,1969,
TJK,FP.CPI.TOTL.ZG,1970,
TJK,FP.CPI.TOTL.ZG,1971,
TJK,FP.CPI.TOTL.ZG,1972,
TJK,FP.CPI.TOTL.ZG,1973,
TJK,FP.CPI.TOTL.ZG,1974,
TJK,FP.CPI.TOTL.ZG,1975,
TJK,FP.CPI.TOTL.ZG,1976,
TJK,FP.CPI.TOTL.ZG,1977,
TJK,FP.CPI.TOTL.ZG,1978,
TJK,FP.CPI.TOTL.ZG,1979,
TJK,FP.CPI.TOTL.ZG,1980,
TJK,FP.CPI.TOTL.ZG,1981,
TJK,FP.CPI.TOTL.ZG,1982,
TJK,FP.CPI.TOTL.ZG,1983,
TJK,FP.CPI.TOTL.ZG,1984,
TJK,FP.CPI.TOTL.ZG,1985,
TJK,FP.CPI.TOTL.ZG,1986,
TJK,FP.CPI.TOTL.ZG,1987,
TJK,FP.CPI.TOTL.ZG,1988,
TJK,FP.CPI.TOTL.ZG,1989,
TJK,FP.CPI.TOTL.ZG,1990,
TJK,FP.CPI.TOTL.ZG,1991,
TJK,FP.CPI.TOTL.ZG,1992,
TJK,FP.CPI.TOTL.ZG,1993,
TJK,FP.CPI.TOTL.ZG,1994,
TJK,FP.CPI.TOTL.ZG,1995,
TJK,FP.CPI.TOTL.ZG,1996,
TJK,FP.CPI.TOTL.ZG,1997,
TJK,FP.CPI.TOTL.ZG,1998,
TJK,FP.CPI.TOTL.ZG,1999,
TJK,FP.CPI.TOTL.ZG,2000,
TJK,FP.CPI.TOTL.ZG,2001,38.59188945
TJK,FP.CPI.TOTL.ZG,2002,12.24998478
TJK,FP.CPI.TOTL.ZG,2003,16.3034912
TJK,FP.CPI.TOTL.ZG,2004,7.141965087
TJK,FP.CPI.TOTL.ZG,2005,7.091932441
TJK,FP.CPI.TOTL.ZG,2006,10.01086519
TJK,FP.CPI.TOTL.ZG,2007,13.14912471
TJK,FP.CPI.TOTL.ZG,2008,20.47052191
TJK,FP.CPI.TOTL.ZG,2009,6.448234811
TJK,FP.CPI.TOTL.ZG,2010,6.445314408
TJK,FP.CPI.TOTL.ZG,2011,12.43154904
TJK,FP.CPI.TOTL.ZG,2012,5.83116601
TJK,FP.CPI.TOTL.ZG,2013,5.009646453
TJK,FP.CPI.TOTL.ZG,2014,6.104427651
TJK,FP.CPI.TOTL.ZG,2015,5.714559496
TJK,FP.CPI.TOTL.ZG,2016,6.004580823
TJK,FP.CPI.TOTL.ZG,2017,
TJK,FP.CPI.TOTL.ZG,2018,
TJK,FP.CPI.TOTL.ZG,2019,
TJK,FP.CPI.TOTL.ZG,2020,
TJK,FP.CPI.TOTL.ZG,2021,
TJK,FP.CPI.TOTL.ZG,2022,
TJK,FP.CPI.TOTL.ZG,2023,
TJK,FP.CPI.TOTL.ZG,2024,
TJK,FP.CPI.TOTL.ZG,2025,
TZA,FP.CPI.TOTL.ZG,1960,
TZA,FP.CPI.TOTL.ZG,1961,
TZA,FP.CPI.TOTL.ZG,1962,
TZA,FP.CPI.TOTL.ZG,1963,
TZA,FP.CPI.TOTL.ZG,1964,
TZA,FP.CPI.TOTL.ZG,1965,
TZA,FP.CPI.TOTL.ZG,1966,9.777015439
TZA,FP.CPI.TOTL.ZG,1967,12.1875
TZA,FP.CPI.TOTL.ZG,1968,15.5988858
TZA,FP.CPI.TOTL.ZG,1969,16.41566265
TZA,FP.CPI.TOTL.ZG,1970,3.492884864
TZA,FP.CPI.TOTL.ZG,1971,4.775
TZA,FP.CPI.TOTL.ZG,1972,7.63540921
TZA,FP.CPI.TOTL.ZG,1973,10.3968078
TZA,FP.CPI.TOTL.ZG,1974,19.59839357
TZA,FP.CPI.TOTL.ZG,1975,26.05775688
TZA,FP.CPI.TOTL.ZG,1976,6.859350027
TZA,FP.CPI.TOTL.ZG,1977,11.6041381
TZA,FP.CPI.TOTL.ZG,1978,6.575
TZA,FP.CPI.TOTL.ZG,1979,12.94862773
TZA,FP.CPI.TOTL.ZG,1980,30.1973001
TZA,FP.CPI.TOTL.ZG,1981,25.65002393
TZA,FP.CPI.TOTL.ZG,1982,28.93233465
TZA,FP.CPI.TOTL.ZG,1983,27.05592753
TZA,FP.CPI.TOTL.ZG,1984,36.14594151
TZA,FP.CPI.TOTL.ZG,1985,33.28210383
TZA,FP.CPI.TOTL.ZG,1986,32.43220158
TZA,FP.CPI.TOTL.ZG,1987,29.94936954
TZA,FP.CPI.TOTL.ZG,1988,31.18671828
TZA,FP.CPI.TOTL.ZG,1989,25.84983826
TZA,FP.CPI.TOTL.ZG,1990,35.82677165
TZA,FP.CPI.TOTL.ZG,1991,28.69565217
TZA,FP.CPI.TOTL.ZG,1992,21.84684685
TZA,FP.CPI.TOTL.ZG,1993,25.27726433
TZA,FP.CPI.TOTL.ZG,1994,34.08336407
TZA,FP.CPI.TOTL.ZG,1995,27.42778542
TZA,FP.CPI.TOTL.ZG,1996,20.97725964
TZA,FP.CPI.TOTL.ZG,1997,16.09065493
TZA,FP.CPI.TOTL.ZG,1998,12.79975405
TZA,FP.CPI.TOTL.ZG,1999,7.890433361
TZA,FP.CPI.TOTL.ZG,2000,5.923961096
TZA,FP.CPI.TOTL.ZG,2001,5.147468002
TZA,FP.CPI.TOTL.ZG,2002,5.317833661
TZA,FP.CPI.TOTL.ZG,2003,5.303566215
TZA,FP.CPI.TOTL.ZG,2004,4.735801439
TZA,FP.CPI.TOTL.ZG,2005,5.034570093
TZA,FP.CPI.TOTL.ZG,2006,7.250972621
TZA,FP.CPI.TOTL.ZG,2007,7.02551437
TZA,FP.CPI.TOTL.ZG,2008,10.27839376
TZA,FP.CPI.TOTL.ZG,2009,12.14222787
TZA,FP.CPI.TOTL.ZG,2010,6.200155956
TZA,FP.CPI.TOTL.ZG,2011,12.69096947
TZA,FP.CPI.TOTL.ZG,2012,16.00109385
TZA,FP.CPI.TOTL.ZG,2013,7.870723646
TZA,FP.CPI.TOTL.ZG,2014,6.13161433
TZA,FP.CPI.TOTL.ZG,2015,5.58816953
TZA,FP.CPI.TOTL.ZG,2016,5.174766293
TZA,FP.CPI.TOTL.ZG,2017,5.318716052
TZA,FP.CPI.TOTL.ZG,2018,3.494458489
TZA,FP.CPI.TOTL.ZG,2019,3.46428058
TZA,FP.CPI.TOTL.ZG,2020,3.290290628
TZA,FP.CPI.TOTL.ZG,2021,3.690919588
TZA,FP.CPI.TOTL.ZG,2022,4.350272043
TZA,FP.CPI.TOTL.ZG,2023,3.799232914
TZA,FP.CPI.TOTL.ZG,2024,3.056946763
TZA,FP.CPI.TOTL.ZG,2025,3.326973613
THA,FP.CPI.TOTL.ZG,1960,-0.765864333
THA,FP.CPI.TOTL.ZG,1961,7.386990077
THA,FP.CPI.TOTL.ZG,1962,3.696098563
THA,FP.CPI.TOTL.ZG,1963,
THA,FP.CPI.TOTL.ZG,1964,-0.792079208
THA,FP.CPI.TOTL.ZG,1965,0.166333998
THA,FP.CPI.TOTL.ZG,1966,4.035204251
THA,FP.CPI.TOTL.ZG,1967,4.309656824
THA,FP.CPI.TOTL.ZG,1968,1.790359602
THA,FP.CPI.TOTL.ZG,1969,2.45039086
THA,FP.CPI.TOTL.ZG,1970,-0.088041086
THA,FP.CPI.TOTL.ZG,1971,0.484652665
THA,FP.CPI.TOTL.ZG,1972,4.837766735
THA,FP.CPI.TOTL.ZG,1973,15.5095497
THA,FP.CPI.TOTL.ZG,1974,24.31355983
THA,FP.CPI.TOTL.ZG,1975,5.330097087
THA,FP.CPI.TOTL.ZG,1976,4.149305555
THA,FP.CPI.TOTL.ZG,1977,7.601266878
THA,FP.CPI.TOTL.ZG,1978,7.924089853
THA,FP.CPI.TOTL.ZG,1979,9.897365966
THA,FP.CPI.TOTL.ZG,1980,19.70350052
THA,FP.CPI.TOTL.ZG,1981,12.66299307
THA,FP.CPI.TOTL.ZG,1982,5.259079903
THA,FP.CPI.TOTL.ZG,1983,3.726536621
THA,FP.CPI.TOTL.ZG,1984,0.86489843
THA,FP.CPI.TOTL.ZG,1985,2.431731234
THA,FP.CPI.TOTL.ZG,1986,1.841675968
THA,FP.CPI.TOTL.ZG,1987,2.466461128
THA,FP.CPI.TOTL.ZG,1988,3.862730747
THA,FP.CPI.TOTL.ZG,1989,5.35546508
THA,FP.CPI.TOTL.ZG,1990,5.863994744
THA,FP.CPI.TOTL.ZG,1991,5.709852599
THA,FP.CPI.TOTL.ZG,1992,4.139145751
THA,FP.CPI.TOTL.ZG,1993,3.312191684
THA,FP.CPI.TOTL.ZG,1994,5.047748977
THA,FP.CPI.TOTL.ZG,1995,5.818181818
THA,FP.CPI.TOTL.ZG,1996,5.805105547
THA,FP.CPI.TOTL.ZG,1997,5.625797471
THA,FP.CPI.TOTL.ZG,1998,7.99472875
THA,FP.CPI.TOTL.ZG,1999,0.284726459
THA,FP.CPI.TOTL.ZG,2000,1.591969175
THA,FP.CPI.TOTL.ZG,2001,1.626908873
THA,FP.CPI.TOTL.ZG,2002,0.697308977
THA,FP.CPI.TOTL.ZG,2003,1.804349946
THA,FP.CPI.TOTL.ZG,2004,2.759149262
THA,FP.CPI.TOTL.ZG,2005,4.540369196
THA,FP.CPI.TOTL.ZG,2006,4.63747436
THA,FP.CPI.TOTL.ZG,2007,2.241540953
THA,FP.CPI.TOTL.ZG,2008,5.468489496
THA,FP.CPI.TOTL.ZG,2009,-0.845716092
THA,FP.CPI.TOTL.ZG,2010,3.247588424
THA,FP.CPI.TOTL.ZG,2011,3.811916946
THA,FP.CPI.TOTL.ZG,2012,3.009486104
THA,FP.CPI.TOTL.ZG,2013,2.186177044
THA,FP.CPI.TOTL.ZG,2014,1.894556525
THA,FP.CPI.TOTL.ZG,2015,-0.898143411
THA,FP.CPI.TOTL.ZG,2016,0.186235191
THA,FP.CPI.TOTL.ZG,2017,0.66441514
THA,FP.CPI.TOTL.ZG,2018,1.066834874
THA,FP.CPI.TOTL.ZG,2019,0.705524802
THA,FP.CPI.TOTL.ZG,2020,-0.846087519
THA,FP.CPI.TOTL.ZG,2021,1.231045165
THA,FP.CPI.TOTL.ZG,2022,6.075899528
THA,FP.CPI.TOTL.ZG,2023,1.229089866
THA,FP.CPI.TOTL.ZG,2024,0.398333333
THA,FP.CPI.TOTL.ZG,2025,-0.133634356
TLS,FP.CPI.TOTL.ZG,1960,
TLS,FP.CPI.TOTL.ZG,1961,
TLS,FP.CPI.TOTL.ZG,1962,
TLS,FP.CPI.TOTL.ZG,1963,
TLS,FP.CPI.TOTL.ZG,1964,
TLS,FP.CPI.TOTL.ZG,1965,
TLS,FP.CPI.TOTL.ZG,1966,
TLS,FP.CPI.TOTL.ZG,1967,
TLS,FP.CPI.TOTL.ZG,1968,
TLS,FP.CPI.TOTL.ZG,1969,
TLS,FP.CPI.TOTL.ZG,1970,
TLS,FP.CPI.TOTL.ZG,1971,
TLS,FP.CPI.TOTL.ZG,1972,
TLS,FP.CPI.TOTL.ZG,1973,
TLS,FP.CPI.TOTL.ZG,1974,
TLS,FP.CPI.TOTL.ZG,1975,
TLS,FP.CPI.TOTL.ZG,1976,
TLS,FP.CPI.TOTL.ZG,1977,
TLS,FP.CPI.TOTL.ZG,1978,
TLS,FP.CPI.TOTL.ZG,1979,
TLS,FP.CPI.TOTL.ZG,1980,
TLS,FP.CPI.TOTL.ZG,1981,
TLS,FP.CPI.TOTL.ZG,1982,
TLS,FP.CPI.TOTL.ZG,1983,
TLS,FP.CPI.TOTL.ZG,1984,
TLS,FP.CPI.TOTL.ZG,1985,
TLS,FP.CPI.TOTL.ZG,1986,
TLS,FP.CPI.TOTL.ZG,1987,
TLS,FP.CPI.TOTL.ZG,1988,
TLS,FP.CPI.TOTL.ZG,1989,
TLS,FP.CPI.TOTL.ZG,1990,
TLS,FP.CPI.TOTL.ZG,1991,
TLS,FP.CPI.TOTL.ZG,1992,
TLS,FP.CPI.TOTL.ZG,1993,
TLS,FP.CPI.TOTL.ZG,1994,
TLS,FP.CPI.TOTL.ZG,1995,
TLS,FP.CPI.TOTL.ZG,1996,
TLS,FP.CPI.TOTL.ZG,1997,
TLS,FP.CPI.TOTL.ZG,1998,
TLS,FP.CPI.TOTL.ZG,1999,
TLS,FP.CPI.TOTL.ZG,2000,
TLS,FP.CPI.TOTL.ZG,2001,
TLS,FP.CPI.TOTL.ZG,2002,
TLS,FP.CPI.TOTL.ZG,2003,7.165158914
TLS,FP.CPI.TOTL.ZG,2004,3.23751394
TLS,FP.CPI.TOTL.ZG,2005,1.111674004
TLS,FP.CPI.TOTL.ZG,2006,3.936162599
TLS,FP.CPI.TOTL.ZG,2007,10.30090202
TLS,FP.CPI.TOTL.ZG,2008,9.064236219
TLS,FP.CPI.TOTL.ZG,2009,0.669681186
TLS,FP.CPI.TOTL.ZG,2010,6.765976802
TLS,FP.CPI.TOTL.ZG,2011,13.49984024
TLS,FP.CPI.TOTL.ZG,2012,11.80030967
TLS,FP.CPI.TOTL.ZG,2013,11.08490851
TLS,FP.CPI.TOTL.ZG,2014,0.726275016
TLS,FP.CPI.TOTL.ZG,2015,0.552796026
TLS,FP.CPI.TOTL.ZG,2016,-1.338538762
TLS,FP.CPI.TOTL.ZG,2017,0.557215537
TLS,FP.CPI.TOTL.ZG,2018,2.63647201
TLS,FP.CPI.TOTL.ZG,2019,0.95881274
TLS,FP.CPI.TOTL.ZG,2020,0.495499215
TLS,FP.CPI.TOTL.ZG,2021,3.697920947
TLS,FP.CPI.TOTL.ZG,2022,7.005309454
TLS,FP.CPI.TOTL.ZG,2023,8.420351033
TLS,FP.CPI.TOTL.ZG,2024,2.06284153
TLS,FP.CPI.TOTL.ZG,2025,0.428322848
TGO,FP.CPI.TOTL.ZG,1960,
TGO,FP.CPI.TOTL.ZG,1961,
TGO,FP.CPI.TOTL.ZG,1962,
TGO,FP.CPI.TOTL.ZG,1963,
TGO,FP.CPI.TOTL.ZG,1964,
TGO,FP.CPI.TOTL.ZG,1965,
TGO,FP.CPI.TOTL.ZG,1966,
TGO,FP.CPI.TOTL.ZG,1967,-2.318840581
TGO,FP.CPI.TOTL.ZG,1968,0.296735906
TGO,FP.CPI.TOTL.ZG,1969,6.015779093
TGO,FP.CPI.TOTL.ZG,1970,4.480620155
TGO,FP.CPI.TOTL.ZG,1971,6.492061136
TGO,FP.CPI.TOTL.ZG,1972,7.726607678
TGO,FP.CPI.TOTL.ZG,1973,3.615314966
TGO,FP.CPI.TOTL.ZG,1974,12.83193169
TGO,FP.CPI.TOTL.ZG,1975,18.0121995
TGO,FP.CPI.TOTL.ZG,1976,11.64073081
TGO,FP.CPI.TOTL.ZG,1977,22.45701341
TGO,FP.CPI.TOTL.ZG,1978,0.442773094
TGO,FP.CPI.TOTL.ZG,1979,7.539251208
TGO,FP.CPI.TOTL.ZG,1980,12.30685721
TGO,FP.CPI.TOTL.ZG,1981,19.71650236
TGO,FP.CPI.TOTL.ZG,1982,11.12967333
TGO,FP.CPI.TOTL.ZG,1983,9.35546508
TGO,FP.CPI.TOTL.ZG,1984,-3.52662871
TGO,FP.CPI.TOTL.ZG,1985,-1.814414382
TGO,FP.CPI.TOTL.ZG,1986,4.124615264
TGO,FP.CPI.TOTL.ZG,1987,0.05400885
TGO,FP.CPI.TOTL.ZG,1988,-0.15091098
TGO,FP.CPI.TOTL.ZG,1989,-0.839403117
TGO,FP.CPI.TOTL.ZG,1990,1.015341505
TGO,FP.CPI.TOTL.ZG,1991,0.387081798
TGO,FP.CPI.TOTL.ZG,1992,1.393786637
TGO,FP.CPI.TOTL.ZG,1993,-1.006881689
TGO,FP.CPI.TOTL.ZG,1994,39.16276738
TGO,FP.CPI.TOTL.ZG,1995,16.43350345
TGO,FP.CPI.TOTL.ZG,1996,4.6875
TGO,FP.CPI.TOTL.ZG,1997,8.250825083
TGO,FP.CPI.TOTL.ZG,1998,0.975338381
TGO,FP.CPI.TOTL.ZG,1999,-0.053213625
TGO,FP.CPI.TOTL.ZG,2000,1.862605955
TGO,FP.CPI.TOTL.ZG,2001,3.919591337
TGO,FP.CPI.TOTL.ZG,2002,3.059818575
TGO,FP.CPI.TOTL.ZG,2003,-0.930000884
TGO,FP.CPI.TOTL.ZG,2004,0.393078681
TGO,FP.CPI.TOTL.ZG,2005,6.78292893
TGO,FP.CPI.TOTL.ZG,2006,2.228977794
TGO,FP.CPI.TOTL.ZG,2007,0.945673272
TGO,FP.CPI.TOTL.ZG,2008,8.694828144
TGO,FP.CPI.TOTL.ZG,2009,3.71360592
TGO,FP.CPI.TOTL.ZG,2010,1.445945174
TGO,FP.CPI.TOTL.ZG,2011,3.563514729
TGO,FP.CPI.TOTL.ZG,2012,2.577181741
TGO,FP.CPI.TOTL.ZG,2013,1.825394759
TGO,FP.CPI.TOTL.ZG,2014,0.190875076
TGO,FP.CPI.TOTL.ZG,2015,2.585003908
TGO,FP.CPI.TOTL.ZG,2016,1.285448471
TGO,FP.CPI.TOTL.ZG,2017,-0.981889869
TGO,FP.CPI.TOTL.ZG,2018,0.927755426
TGO,FP.CPI.TOTL.ZG,2019,0.67465277
TGO,FP.CPI.TOTL.ZG,2020,1.699284633
TGO,FP.CPI.TOTL.ZG,2021,4.186215065
TGO,FP.CPI.TOTL.ZG,2022,7.967573616
TGO,FP.CPI.TOTL.ZG,2023,5.489285681
TGO,FP.CPI.TOTL.ZG,2024,2.862620741
TGO,FP.CPI.TOTL.ZG,2025,0.433183451
TON,FP.CPI.TOTL.ZG,1960,
TON,FP.CPI.TOTL.ZG,1961,
TON,FP.CPI.TOTL.ZG,1962,
TON,FP.CPI.TOTL.ZG,1963,
TON,FP.CPI.TOTL.ZG,1964,
TON,FP.CPI.TOTL.ZG,1965,
TON,FP.CPI.TOTL.ZG,1966,
TON,FP.CPI.TOTL.ZG,1967,
TON,FP.CPI.TOTL.ZG,1968,
TON,FP.CPI.TOTL.ZG,1969,
TON,FP.CPI.TOTL.ZG,1970,
TON,FP.CPI.TOTL.ZG,1971,
TON,FP.CPI.TOTL.ZG,1972,
TON,FP.CPI.TOTL.ZG,1973,
TON,FP.CPI.TOTL.ZG,1974,
TON,FP.CPI.TOTL.ZG,1975,
TON,FP.CPI.TOTL.ZG,1976,7.109575835
TON,FP.CPI.TOTL.ZG,1977,17.53793845
TON,FP.CPI.TOTL.ZG,1978,9.584379121
TON,FP.CPI.TOTL.ZG,1979,5.460015528
TON,FP.CPI.TOTL.ZG,1980,22.39338892
TON,FP.CPI.TOTL.ZG,1981,14.89924812
TON,FP.CPI.TOTL.ZG,1982,10.83787038
TON,FP.CPI.TOTL.ZG,1983,9.813553118
TON,FP.CPI.TOTL.ZG,1984,0.106451613
TON,FP.CPI.TOTL.ZG,1985,16.765
TON,FP.CPI.TOTL.ZG,1986,21.67387488
TON,FP.CPI.TOTL.ZG,1987,4.685987788
TON,FP.CPI.TOTL.ZG,1988,9.924023398
TON,FP.CPI.TOTL.ZG,1989,4.073643648
TON,FP.CPI.TOTL.ZG,1990,9.709863846
TON,FP.CPI.TOTL.ZG,1991,10.5954494
TON,FP.CPI.TOTL.ZG,1992,7.936980122
TON,FP.CPI.TOTL.ZG,1993,0.96090446
TON,FP.CPI.TOTL.ZG,1994,1.012952067
TON,FP.CPI.TOTL.ZG,1995,1.460006304
TON,FP.CPI.TOTL.ZG,1996,2.99528024
TON,FP.CPI.TOTL.ZG,1997,2.124731324
TON,FP.CPI.TOTL.ZG,1998,3.274445543
TON,FP.CPI.TOTL.ZG,1999,4.464354677
TON,FP.CPI.TOTL.ZG,2000,6.327635514
TON,FP.CPI.TOTL.ZG,2001,8.290283189
TON,FP.CPI.TOTL.ZG,2002,10.35906079
TON,FP.CPI.TOTL.ZG,2003,11.63862196
TON,FP.CPI.TOTL.ZG,2004,10.97340537
TON,FP.CPI.TOTL.ZG,2005,8.665692211
TON,FP.CPI.TOTL.ZG,2006,6.149116065
TON,FP.CPI.TOTL.ZG,2007,5.842248749
TON,FP.CPI.TOTL.ZG,2008,10.44698751
TON,FP.CPI.TOTL.ZG,2009,1.426859721
TON,FP.CPI.TOTL.ZG,2010,3.534912392
TON,FP.CPI.TOTL.ZG,2011,6.27075303
TON,FP.CPI.TOTL.ZG,2012,1.147538537
TON,FP.CPI.TOTL.ZG,2013,0.775629322
TON,FP.CPI.TOTL.ZG,2014,2.510876333
TON,FP.CPI.TOTL.ZG,2015,-1.05399832
TON,FP.CPI.TOTL.ZG,2016,2.578155152
TON,FP.CPI.TOTL.ZG,2017,7.517062836
TON,FP.CPI.TOTL.ZG,2018,5.03209692
TON,FP.CPI.TOTL.ZG,2019,1.179543348
TON,FP.CPI.TOTL.ZG,2020,-0.349737697
TON,FP.CPI.TOTL.ZG,2021,5.640511406
TON,FP.CPI.TOTL.ZG,2022,10.97136529
TON,FP.CPI.TOTL.ZG,2023,6.351129803
TON,FP.CPI.TOTL.ZG,2024,3.181889242
TON,FP.CPI.TOTL.ZG,2025,5.592766421
TTO,FP.CPI.TOTL.ZG,1960,2.08
TTO,FP.CPI.TOTL.ZG,1961,1.522757698
TTO,FP.CPI.TOTL.ZG,1962,2.983352563
TTO,FP.CPI.TOTL.ZG,1963,3.761203585
TTO,FP.CPI.TOTL.ZG,1964,0.863797624
TTO,FP.CPI.TOTL.ZG,1965,1.781617984
TTO,FP.CPI.TOTL.ZG,1966,4.09435805
TTO,FP.CPI.TOTL.ZG,1967,2.13625866
TTO,FP.CPI.TOTL.ZG,1968,8.232052007
TTO,FP.CPI.TOTL.ZG,1969,2.435202716
TTO,FP.CPI.TOTL.ZG,1970,2.523900574
TTO,FP.CPI.TOTL.ZG,1971,3.531020763
TTO,FP.CPI.TOTL.ZG,1972,9.301068813
TTO,FP.CPI.TOTL.ZG,1973,14.81074548
TTO,FP.CPI.TOTL.ZG,1974,22.02497727
TTO,FP.CPI.TOTL.ZG,1975,16.97906047
TTO,FP.CPI.TOTL.ZG,1976,10.69246436
TTO,FP.CPI.TOTL.ZG,1977,11.74486354
TTO,FP.CPI.TOTL.ZG,1978,10.25658617
TTO,FP.CPI.TOTL.ZG,1979,14.72217037
TTO,FP.CPI.TOTL.ZG,1980,17.47030428
TTO,FP.CPI.TOTL.ZG,1981,14.3318866
TTO,FP.CPI.TOTL.ZG,1982,11.63476294
TTO,FP.CPI.TOTL.ZG,1983,15.175
TTO,FP.CPI.TOTL.ZG,1984,13.33478041
TTO,FP.CPI.TOTL.ZG,1985,7.622574055
TTO,FP.CPI.TOTL.ZG,1986,7.693676593
TTO,FP.CPI.TOTL.ZG,1987,10.75185899
TTO,FP.CPI.TOTL.ZG,1988,7.758492067
TTO,FP.CPI.TOTL.ZG,1989,11.43213181
TTO,FP.CPI.TOTL.ZG,1990,11.06442577
TTO,FP.CPI.TOTL.ZG,1991,3.783102144
TTO,FP.CPI.TOTL.ZG,1992,6.439854192
TTO,FP.CPI.TOTL.ZG,1993,10.83523592
TTO,FP.CPI.TOTL.ZG,1994,8.814694018
TTO,FP.CPI.TOTL.ZG,1995,5.182205395
TTO,FP.CPI.TOTL.ZG,1996,3.404574428
TTO,FP.CPI.TOTL.ZG,1997,3.626078758
TTO,FP.CPI.TOTL.ZG,1998,5.612709077
TTO,FP.CPI.TOTL.ZG,1999,3.439135909
TTO,FP.CPI.TOTL.ZG,2000,3.555413197
TTO,FP.CPI.TOTL.ZG,2001,5.536653263
TTO,FP.CPI.TOTL.ZG,2002,4.150058617
TTO,FP.CPI.TOTL.ZG,2003,3.811106244
TTO,FP.CPI.TOTL.ZG,2004,3.72154939
TTO,FP.CPI.TOTL.ZG,2005,6.874534596
TTO,FP.CPI.TOTL.ZG,2006,8.329603515
TTO,FP.CPI.TOTL.ZG,2007,7.894388348
TTO,FP.CPI.TOTL.ZG,2008,12.03034455
TTO,FP.CPI.TOTL.ZG,2009,6.978087253
TTO,FP.CPI.TOTL.ZG,2010,10.54920032
TTO,FP.CPI.TOTL.ZG,2011,5.107132893
TTO,FP.CPI.TOTL.ZG,2012,9.260281371
TTO,FP.CPI.TOTL.ZG,2013,5.199817405
TTO,FP.CPI.TOTL.ZG,2014,5.684418146
TTO,FP.CPI.TOTL.ZG,2015,4.661215981
TTO,FP.CPI.TOTL.ZG,2016,3.070667425
TTO,FP.CPI.TOTL.ZG,2017,1.880384402
TTO,FP.CPI.TOTL.ZG,2018,1.018569302
TTO,FP.CPI.TOTL.ZG,2019,1.00054293
TTO,FP.CPI.TOTL.ZG,2020,0.598986331
TTO,FP.CPI.TOTL.ZG,2021,2.059227469
TTO,FP.CPI.TOTL.ZG,2022,5.828386385
TTO,FP.CPI.TOTL.ZG,2023,4.629302424
TTO,FP.CPI.TOTL.ZG,2024,0.526884626
TTO,FP.CPI.TOTL.ZG,2025,0.994489988
TUN,FP.CPI.TOTL.ZG,1960,
TUN,FP.CPI.TOTL.ZG,1961,
TUN,FP.CPI.TOTL.ZG,1962,
TUN,FP.CPI.TOTL.ZG,1963,
TUN,FP.CPI.TOTL.ZG,1964,
TUN,FP.CPI.TOTL.ZG,1965,
TUN,FP.CPI.TOTL.ZG,1966,
TUN,FP.CPI.TOTL.ZG,1967,
TUN,FP.CPI.TOTL.ZG,1968,
TUN,FP.CPI.TOTL.ZG,1969,
TUN,FP.CPI.TOTL.ZG,1970,
TUN,FP.CPI.TOTL.ZG,1971,
TUN,FP.CPI.TOTL.ZG,1972,
TUN,FP.CPI.TOTL.ZG,1973,
TUN,FP.CPI.TOTL.ZG,1974,
TUN,FP.CPI.TOTL.ZG,1975,
TUN,FP.CPI.TOTL.ZG,1976,
TUN,FP.CPI.TOTL.ZG,1977,
TUN,FP.CPI.TOTL.ZG,1978,
TUN,FP.CPI.TOTL.ZG,1979,
TUN,FP.CPI.TOTL.ZG,1980,
TUN,FP.CPI.TOTL.ZG,1981,
TUN,FP.CPI.TOTL.ZG,1982,
TUN,FP.CPI.TOTL.ZG,1983,
TUN,FP.CPI.TOTL.ZG,1984,8.9
TUN,FP.CPI.TOTL.ZG,1985,7.2543618
TUN,FP.CPI.TOTL.ZG,1986,6.164383562
TUN,FP.CPI.TOTL.ZG,1987,8.225806452
TUN,FP.CPI.TOTL.ZG,1988,7.196969697
TUN,FP.CPI.TOTL.ZG,1989,7.74088604
TUN,FP.CPI.TOTL.ZG,1990,6.545293073
TUN,FP.CPI.TOTL.ZG,1991,8.193715095
TUN,FP.CPI.TOTL.ZG,1992,5.824345146
TUN,FP.CPI.TOTL.ZG,1993,3.974956319
TUN,FP.CPI.TOTL.ZG,1994,4.73323064
TUN,FP.CPI.TOTL.ZG,1995,6.244150287
TUN,FP.CPI.TOTL.ZG,1996,3.725144727
TUN,FP.CPI.TOTL.ZG,1997,3.652026207
TUN,FP.CPI.TOTL.ZG,1998,3.125365797
TUN,FP.CPI.TOTL.ZG,1999,2.690124858
TUN,FP.CPI.TOTL.ZG,2000,2.962307947
TUN,FP.CPI.TOTL.ZG,2001,1.983333333
TUN,FP.CPI.TOTL.ZG,2002,2.721032849
TUN,FP.CPI.TOTL.ZG,2003,2.712592475
TUN,FP.CPI.TOTL.ZG,2004,3.63228005
TUN,FP.CPI.TOTL.ZG,2005,2.017786414
TUN,FP.CPI.TOTL.ZG,2006,3.225253374
TUN,FP.CPI.TOTL.ZG,2007,2.966944325
TUN,FP.CPI.TOTL.ZG,2008,4.345028076
TUN,FP.CPI.TOTL.ZG,2009,3.664903306
TUN,FP.CPI.TOTL.ZG,2010,3.338979636
TUN,FP.CPI.TOTL.ZG,2011,3.24002842
TUN,FP.CPI.TOTL.ZG,2012,4.611844322
TUN,FP.CPI.TOTL.ZG,2013,5.316235313
TUN,FP.CPI.TOTL.ZG,2014,4.625550995
TUN,FP.CPI.TOTL.ZG,2015,4.437371273
TUN,FP.CPI.TOTL.ZG,2016,3.629399374
TUN,FP.CPI.TOTL.ZG,2017,5.308848396
TUN,FP.CPI.TOTL.ZG,2018,7.30759176
TUN,FP.CPI.TOTL.ZG,2019,6.720075329
TUN,FP.CPI.TOTL.ZG,2020,5.634151159
TUN,FP.CPI.TOTL.ZG,2021,5.706350208
TUN,FP.CPI.TOTL.ZG,2022,8.306461244
TUN,FP.CPI.TOTL.ZG,2023,9.328995975
TUN,FP.CPI.TOTL.ZG,2024,7.206616572
TUN,FP.CPI.TOTL.ZG,2025,5.151001976
TUR,FP.CPI.TOTL.ZG,1960,5.664739884
TUR,FP.CPI.TOTL.ZG,1961,3.172856997
TUR,FP.CPI.TOTL.ZG,1962,3.888320251
TUR,FP.CPI.TOTL.ZG,1963,6.362706928
TUR,FP.CPI.TOTL.ZG,1964,1.119637815
TUR,FP.CPI.TOTL.ZG,1965,4.555533684
TUR,FP.CPI.TOTL.ZG,1966,8.471996215
TUR,FP.CPI.TOTL.ZG,1967,13.97489295
TUR,FP.CPI.TOTL.ZG,1968,6.046239662
TUR,FP.CPI.TOTL.ZG,1969,4.924193945
TUR,FP.CPI.TOTL.ZG,1970,7.923952083
TUR,FP.CPI.TOTL.ZG,1971,19.01140868
TUR,FP.CPI.TOTL.ZG,1972,15.41645572
TUR,FP.CPI.TOTL.ZG,1973,13.93816524
TUR,FP.CPI.TOTL.ZG,1974,23.89816158
TUR,FP.CPI.TOTL.ZG,1975,21.22735524
TUR,FP.CPI.TOTL.ZG,1976,17.45568939
TUR,FP.CPI.TOTL.ZG,1977,25.98533787
TUR,FP.CPI.TOTL.ZG,1978,61.89704444
TUR,FP.CPI.TOTL.ZG,1979,63.54310825
TUR,FP.CPI.TOTL.ZG,1980,94.26085988
TUR,FP.CPI.TOTL.ZG,1981,37.61478258
TUR,FP.CPI.TOTL.ZG,1982,29.1375145
TUR,FP.CPI.TOTL.ZG,1983,31.39027102
TUR,FP.CPI.TOTL.ZG,1984,48.39232313
TUR,FP.CPI.TOTL.ZG,1985,44.96173015
TUR,FP.CPI.TOTL.ZG,1986,34.61007597
TUR,FP.CPI.TOTL.ZG,1987,38.85584348
TUR,FP.CPI.TOTL.ZG,1988,68.80964338
TUR,FP.CPI.TOTL.ZG,1989,63.27255249
TUR,FP.CPI.TOTL.ZG,1990,60.30386913
TUR,FP.CPI.TOTL.ZG,1991,65.97856799
TUR,FP.CPI.TOTL.ZG,1992,70.07610387
TUR,FP.CPI.TOTL.ZG,1993,66.09384298
TUR,FP.CPI.TOTL.ZG,1994,105.2149865
TUR,FP.CPI.TOTL.ZG,1995,89.11331722
TUR,FP.CPI.TOTL.ZG,1996,80.41215114
TUR,FP.CPI.TOTL.ZG,1997,85.66936165
TUR,FP.CPI.TOTL.ZG,1998,84.64134348
TUR,FP.CPI.TOTL.ZG,1999,64.86748764
TUR,FP.CPI.TOTL.ZG,2000,54.91537058
TUR,FP.CPI.TOTL.ZG,2001,54.40018876
TUR,FP.CPI.TOTL.ZG,2002,44.96412095
TUR,FP.CPI.TOTL.ZG,2003,21.60243845
TUR,FP.CPI.TOTL.ZG,2004,8.598261681
TUR,FP.CPI.TOTL.ZG,2005,8.179160368
TUR,FP.CPI.TOTL.ZG,2006,9.597242123
TUR,FP.CPI.TOTL.ZG,2007,8.75618091
TUR,FP.CPI.TOTL.ZG,2008,10.44412838
TUR,FP.CPI.TOTL.ZG,2009,6.250976631
TUR,FP.CPI.TOTL.ZG,2010,8.566444206
TUR,FP.CPI.TOTL.ZG,2011,6.471879671
TUR,FP.CPI.TOTL.ZG,2012,8.891569965
TUR,FP.CPI.TOTL.ZG,2013,7.493090305
TUR,FP.CPI.TOTL.ZG,2014,8.854572714
TUR,FP.CPI.TOTL.ZG,2015,7.670853648
TUR,FP.CPI.TOTL.ZG,2016,7.775134153
TUR,FP.CPI.TOTL.ZG,2017,11.14431108
TUR,FP.CPI.TOTL.ZG,2018,16.3324639
TUR,FP.CPI.TOTL.ZG,2019,15.17682157
TUR,FP.CPI.TOTL.ZG,2020,12.27895745
TUR,FP.CPI.TOTL.ZG,2021,19.59649269
TUR,FP.CPI.TOTL.ZG,2022,72.30883599
TUR,FP.CPI.TOTL.ZG,2023,53.85940876
TUR,FP.CPI.TOTL.ZG,2024,58.50645073
TUR,FP.CPI.TOTL.ZG,2025,34.88116298
TKM,FP.CPI.TOTL.ZG,1960,
TKM,FP.CPI.TOTL.ZG,1961,
TKM,FP.CPI.TOTL.ZG,1962,
TKM,FP.CPI.TOTL.ZG,1963,
TKM,FP.CPI.TOTL.ZG,1964,
TKM,FP.CPI.TOTL.ZG,1965,
TKM,FP.CPI.TOTL.ZG,1966,
TKM,FP.CPI.TOTL.ZG,1967,
TKM,FP.CPI.TOTL.ZG,1968,
TKM,FP.CPI.TOTL.ZG,1969,
TKM,FP.CPI.TOTL.ZG,1970,
TKM,FP.CPI.TOTL.ZG,1971,
TKM,FP.CPI.TOTL.ZG,1972,
TKM,FP.CPI.TOTL.ZG,1973,
TKM,FP.CPI.TOTL.ZG,1974,
TKM,FP.CPI.TOTL.ZG,1975,
TKM,FP.CPI.TOTL.ZG,1976,
TKM,FP.CPI.TOTL.ZG,1977,
TKM,FP.CPI.TOTL.ZG,1978,
TKM,FP.CPI.TOTL.ZG,1979,
TKM,FP.CPI.TOTL.ZG,1980,
TKM,FP.CPI.TOTL.ZG,1981,
TKM,FP.CPI.TOTL.ZG,1982,
TKM,FP.CPI.TOTL.ZG,1983,
TKM,FP.CPI.TOTL.ZG,1984,
TKM,FP.CPI.TOTL.ZG,1985,
TKM,FP.CPI.TOTL.ZG,1986,
TKM,FP.CPI.TOTL.ZG,1987,
TKM,FP.CPI.TOTL.ZG,1988,
TKM,FP.CPI.TOTL.ZG,1989,
TKM,FP.CPI.TOTL.ZG,1990,
TKM,FP.CPI.TOTL.ZG,1991,
TKM,FP.CPI.TOTL.ZG,1992,
TKM,FP.CPI.TOTL.ZG,1993,
TKM,FP.CPI.TOTL.ZG,1994,
TKM,FP.CPI.TOTL.ZG,1995,
TKM,FP.CPI.TOTL.ZG,1996,
TKM,FP.CPI.TOTL.ZG,1997,
TKM,FP.CPI.TOTL.ZG,1998,
TKM,FP.CPI.TOTL.ZG,1999,
TKM,FP.CPI.TOTL.ZG,2000,
TKM,FP.CPI.TOTL.ZG,2001,
TKM,FP.CPI.TOTL.ZG,2002,
TKM,FP.CPI.TOTL.ZG,2003,
TKM,FP.CPI.TOTL.ZG,2004,
TKM,FP.CPI.TOTL.ZG,2005,
TKM,FP.CPI.TOTL.ZG,2006,
TKM,FP.CPI.TOTL.ZG,2007,
TKM,FP.CPI.TOTL.ZG,2008,
TKM,FP.CPI.TOTL.ZG,2009,
TKM,FP.CPI.TOTL.ZG,2010,
TKM,FP.CPI.TOTL.ZG,2011,
TKM,FP.CPI.TOTL.ZG,2012,
TKM,FP.CPI.TOTL.ZG,2013,
TKM,FP.CPI.TOTL.ZG,2014,
TKM,FP.CPI.TOTL.ZG,2015,
TKM,FP.CPI.TOTL.ZG,2016,
TKM,FP.CPI.TOTL.ZG,2017,
TKM,FP.CPI.TOTL.ZG,2018,
TKM,FP.CPI.TOTL.ZG,2019,
TKM,FP.CPI.TOTL.ZG,2020,
TKM,FP.CPI.TOTL.ZG,2021,
TKM,FP.CPI.TOTL.ZG,2022,
TKM,FP.CPI.TOTL.ZG,2023,
TKM,FP.CPI.TOTL.ZG,2024,
TKM,FP.CPI.TOTL.ZG,2025,
TCA,FP.CPI.TOTL.ZG,1960,
TCA,FP.CPI.TOTL.ZG,1961,
TCA,FP.CPI.TOTL.ZG,1962,
TCA,FP.CPI.TOTL.ZG,1963,
TCA,FP.CPI.TOTL.ZG,1964,
TCA,FP.CPI.TOTL.ZG,1965,
TCA,FP.CPI.TOTL.ZG,1966,
TCA,FP.CPI.TOTL.ZG,1967,
TCA,FP.CPI.TOTL.ZG,1968,
TCA,FP.CPI.TOTL.ZG,1969,
TCA,FP.CPI.TOTL.ZG,1970,
TCA,FP.CPI.TOTL.ZG,1971,
TCA,FP.CPI.TOTL.ZG,1972,
TCA,FP.CPI.TOTL.ZG,1973,
TCA,FP.CPI.TOTL.ZG,1974,
TCA,FP.CPI.TOTL.ZG,1975,
TCA,FP.CPI.TOTL.ZG,1976,
TCA,FP.CPI.TOTL.ZG,1977,
TCA,FP.CPI.TOTL.ZG,1978,
TCA,FP.CPI.TOTL.ZG,1979,
TCA,FP.CPI.TOTL.ZG,1980,
TCA,FP.CPI.TOTL.ZG,1981,
TCA,FP.CPI.TOTL.ZG,1982,
TCA,FP.CPI.TOTL.ZG,1983,
TCA,FP.CPI.TOTL.ZG,1984,
TCA,FP.CPI.TOTL.ZG,1985,
TCA,FP.CPI.TOTL.ZG,1986,
TCA,FP.CPI.TOTL.ZG,1987,
TCA,FP.CPI.TOTL.ZG,1988,
TCA,FP.CPI.TOTL.ZG,1989,
TCA,FP.CPI.TOTL.ZG,1990,
TCA,FP.CPI.TOTL.ZG,1991,
TCA,FP.CPI.TOTL.ZG,1992,
TCA,FP.CPI.TOTL.ZG,1993,
TCA,FP.CPI.TOTL.ZG,1994,
TCA,FP.CPI.TOTL.ZG,1995,
TCA,FP.CPI.TOTL.ZG,1996,
TCA,FP.CPI.TOTL.ZG,1997,
TCA,FP.CPI.TOTL.ZG,1998,
TCA,FP.CPI.TOTL.ZG,1999,
TCA,FP.CPI.TOTL.ZG,2000,
TCA,FP.CPI.TOTL.ZG,2001,
TCA,FP.CPI.TOTL.ZG,2002,
TCA,FP.CPI.TOTL.ZG,2003,
TCA,FP.CPI.TOTL.ZG,2004,
TCA,FP.CPI.TOTL.ZG,2005,
TCA,FP.CPI.TOTL.ZG,2006,
TCA,FP.CPI.TOTL.ZG,2007,
TCA,FP.CPI.TOTL.ZG,2008,
TCA,FP.CPI.TOTL.ZG,2009,
TCA,FP.CPI.TOTL.ZG,2010,
TCA,FP.CPI.TOTL.ZG,2011,
TCA,FP.CPI.TOTL.ZG,2012,
TCA,FP.CPI.TOTL.ZG,2013,
TCA,FP.CPI.TOTL.ZG,2014,
TCA,FP.CPI.TOTL.ZG,2015,
TCA,FP.CPI.TOTL.ZG,2016,
TCA,FP.CPI.TOTL.ZG,2017,
TCA,FP.CPI.TOTL.ZG,2018,
TCA,FP.CPI.TOTL.ZG,2019,
TCA,FP.CPI.TOTL.ZG,2020,
TCA,FP.CPI.TOTL.ZG,2021,
TCA,FP.CPI.TOTL.ZG,2022,
TCA,FP.CPI.TOTL.ZG,2023,
TCA,FP.CPI.TOTL.ZG,2024,
TCA,FP.CPI.TOTL.ZG,2025,
TUV,FP.CPI.TOTL.ZG,1960,
TUV,FP.CPI.TOTL.ZG,1961,
TUV,FP.CPI.TOTL.ZG,1962,
TUV,FP.CPI.TOTL.ZG,1963,
TUV,FP.CPI.TOTL.ZG,1964,
TUV,FP.CPI.TOTL.ZG,1965,
TUV,FP.CPI.TOTL.ZG,1966,
TUV,FP.CPI.TOTL.ZG,1967,
TUV,FP.CPI.TOTL.ZG,1968,
TUV,FP.CPI.TOTL.ZG,1969,
TUV,FP.CPI.TOTL.ZG,1970,
TUV,FP.CPI.TOTL.ZG,1971,
TUV,FP.CPI.TOTL.ZG,1972,
TUV,FP.CPI.TOTL.ZG,1973,
TUV,FP.CPI.TOTL.ZG,1974,
TUV,FP.CPI.TOTL.ZG,1975,
TUV,FP.CPI.TOTL.ZG,1976,
TUV,FP.CPI.TOTL.ZG,1977,
TUV,FP.CPI.TOTL.ZG,1978,
TUV,FP.CPI.TOTL.ZG,1979,
TUV,FP.CPI.TOTL.ZG,1980,
TUV,FP.CPI.TOTL.ZG,1981,
TUV,FP.CPI.TOTL.ZG,1982,
TUV,FP.CPI.TOTL.ZG,1983,
TUV,FP.CPI.TOTL.ZG,1984,
TUV,FP.CPI.TOTL.ZG,1985,
TUV,FP.CPI.TOTL.ZG,1986,
TUV,FP.CPI.TOTL.ZG,1987,
TUV,FP.CPI.TOTL.ZG,1988,
TUV,FP.CPI.TOTL.ZG,1989,
TUV,FP.CPI.TOTL.ZG,1990,
TUV,FP.CPI.TOTL.ZG,1991,
TUV,FP.CPI.TOTL.ZG,1992,
TUV,FP.CPI.TOTL.ZG,1993,
TUV,FP.CPI.TOTL.ZG,1994,
TUV,FP.CPI.TOTL.ZG,1995,
TUV,FP.CPI.TOTL.ZG,1996,
TUV,FP.CPI.TOTL.ZG,1997,
TUV,FP.CPI.TOTL.ZG,1998,
TUV,FP.CPI.TOTL.ZG,1999,
TUV,FP.CPI.TOTL.ZG,2000,
TUV,FP.CPI.TOTL.ZG,2001,
TUV,FP.CPI.TOTL.ZG,2002,
TUV,FP.CPI.TOTL.ZG,2003,
TUV,FP.CPI.TOTL.ZG,2004,
TUV,FP.CPI.TOTL.ZG,2005,
TUV,FP.CPI.TOTL.ZG,2006,
TUV,FP.CPI.TOTL.ZG,2007,
TUV,FP.CPI.TOTL.ZG,2008,
TUV,FP.CPI.TOTL.ZG,2009,
TUV,FP.CPI.TOTL.ZG,2010,
TUV,FP.CPI.TOTL.ZG,2011,0.500580743
TUV,FP.CPI.TOTL.ZG,2012,
TUV,FP.CPI.TOTL.ZG,2013,
TUV,FP.CPI.TOTL.ZG,2014,
TUV,FP.CPI.TOTL.ZG,2015,
TUV,FP.CPI.TOTL.ZG,2016,
TUV,FP.CPI.TOTL.ZG,2017,
TUV,FP.CPI.TOTL.ZG,2018,
TUV,FP.CPI.TOTL.ZG,2019,
TUV,FP.CPI.TOTL.ZG,2020,
TUV,FP.CPI.TOTL.ZG,2021,
TUV,FP.CPI.TOTL.ZG,2022,
TUV,FP.CPI.TOTL.ZG,2023,
TUV,FP.CPI.TOTL.ZG,2024,
TUV,FP.CPI.TOTL.ZG,2025,
UGA,FP.CPI.TOTL.ZG,1960,
UGA,FP.CPI.TOTL.ZG,1961,
UGA,FP.CPI.TOTL.ZG,1962,
UGA,FP.CPI.TOTL.ZG,1963,
UGA,FP.CPI.TOTL.ZG,1964,
UGA,FP.CPI.TOTL.ZG,1965,
UGA,FP.CPI.TOTL.ZG,1966,
UGA,FP.CPI.TOTL.ZG,1967,
UGA,FP.CPI.TOTL.ZG,1968,
UGA,FP.CPI.TOTL.ZG,1969,
UGA,FP.CPI.TOTL.ZG,1970,
UGA,FP.CPI.TOTL.ZG,1971,
UGA,FP.CPI.TOTL.ZG,1972,
UGA,FP.CPI.TOTL.ZG,1973,
UGA,FP.CPI.TOTL.ZG,1974,
UGA,FP.CPI.TOTL.ZG,1975,
UGA,FP.CPI.TOTL.ZG,1976,
UGA,FP.CPI.TOTL.ZG,1977,
UGA,FP.CPI.TOTL.ZG,1978,
UGA,FP.CPI.TOTL.ZG,1979,
UGA,FP.CPI.TOTL.ZG,1980,
UGA,FP.CPI.TOTL.ZG,1981,
UGA,FP.CPI.TOTL.ZG,1982,
UGA,FP.CPI.TOTL.ZG,1983,
UGA,FP.CPI.TOTL.ZG,1984,
UGA,FP.CPI.TOTL.ZG,1985,
UGA,FP.CPI.TOTL.ZG,1986,
UGA,FP.CPI.TOTL.ZG,1987,
UGA,FP.CPI.TOTL.ZG,1988,
UGA,FP.CPI.TOTL.ZG,1989,
UGA,FP.CPI.TOTL.ZG,1990,
UGA,FP.CPI.TOTL.ZG,1991,
UGA,FP.CPI.TOTL.ZG,1992,
UGA,FP.CPI.TOTL.ZG,1993,
UGA,FP.CPI.TOTL.ZG,1994,10.03675988
UGA,FP.CPI.TOTL.ZG,1995,6.55014019
UGA,FP.CPI.TOTL.ZG,1996,7.191646604
UGA,FP.CPI.TOTL.ZG,1997,8.169021441
UGA,FP.CPI.TOTL.ZG,1998,0.068804172
UGA,FP.CPI.TOTL.ZG,1999,5.777368987
UGA,FP.CPI.TOTL.ZG,2000,3.392021585
UGA,FP.CPI.TOTL.ZG,2001,1.865125241
UGA,FP.CPI.TOTL.ZG,2002,-0.287508512
UGA,FP.CPI.TOTL.ZG,2003,8.680476516
UGA,FP.CPI.TOTL.ZG,2004,3.72128744
UGA,FP.CPI.TOTL.ZG,2005,8.448726423
UGA,FP.CPI.TOTL.ZG,2006,7.310676136
UGA,FP.CPI.TOTL.ZG,2007,6.138510833
UGA,FP.CPI.TOTL.ZG,2008,12.05085555
UGA,FP.CPI.TOTL.ZG,2009,13.01725619
UGA,FP.CPI.TOTL.ZG,2010,3.976552885
UGA,FP.CPI.TOTL.ZG,2011,16.56434962
UGA,FP.CPI.TOTL.ZG,2012,12.67903772
UGA,FP.CPI.TOTL.ZG,2013,4.905208757
UGA,FP.CPI.TOTL.ZG,2014,3.07570669
UGA,FP.CPI.TOTL.ZG,2015,5.589686063
UGA,FP.CPI.TOTL.ZG,2016,5.706375046
UGA,FP.CPI.TOTL.ZG,2017,5.209717059
UGA,FP.CPI.TOTL.ZG,2018,2.61601191
UGA,FP.CPI.TOTL.ZG,2019,2.867588034
UGA,FP.CPI.TOTL.ZG,2020,3.313322895
UGA,FP.CPI.TOTL.ZG,2021,2.204572048
UGA,FP.CPI.TOTL.ZG,2022,7.19578886
UGA,FP.CPI.TOTL.ZG,2023,5.350948043
UGA,FP.CPI.TOTL.ZG,2024,3.323380337
UGA,FP.CPI.TOTL.ZG,2025,3.580827844
UKR,FP.CPI.TOTL.ZG,1960,
UKR,FP.CPI.TOTL.ZG,1961,
UKR,FP.CPI.TOTL.ZG,1962,
UKR,FP.CPI.TOTL.ZG,1963,
UKR,FP.CPI.TOTL.ZG,1964,
UKR,FP.CPI.TOTL.ZG,1965,
UKR,FP.CPI.TOTL.ZG,1966,
UKR,FP.CPI.TOTL.ZG,1967,
UKR,FP.CPI.TOTL.ZG,1968,
UKR,FP.CPI.TOTL.ZG,1969,
UKR,FP.CPI.TOTL.ZG,1970,
UKR,FP.CPI.TOTL.ZG,1971,
UKR,FP.CPI.TOTL.ZG,1972,
UKR,FP.CPI.TOTL.ZG,1973,
UKR,FP.CPI.TOTL.ZG,1974,
UKR,FP.CPI.TOTL.ZG,1975,
UKR,FP.CPI.TOTL.ZG,1976,
UKR,FP.CPI.TOTL.ZG,1977,
UKR,FP.CPI.TOTL.ZG,1978,
UKR,FP.CPI.TOTL.ZG,1979,
UKR,FP.CPI.TOTL.ZG,1980,
UKR,FP.CPI.TOTL.ZG,1981,
UKR,FP.CPI.TOTL.ZG,1982,
UKR,FP.CPI.TOTL.ZG,1983,
UKR,FP.CPI.TOTL.ZG,1984,
UKR,FP.CPI.TOTL.ZG,1985,
UKR,FP.CPI.TOTL.ZG,1986,
UKR,FP.CPI.TOTL.ZG,1987,
UKR,FP.CPI.TOTL.ZG,1988,
UKR,FP.CPI.TOTL.ZG,1989,
UKR,FP.CPI.TOTL.ZG,1990,
UKR,FP.CPI.TOTL.ZG,1991,
UKR,FP.CPI.TOTL.ZG,1992,
UKR,FP.CPI.TOTL.ZG,1993,4734.914347
UKR,FP.CPI.TOTL.ZG,1994,891.1877481
UKR,FP.CPI.TOTL.ZG,1995,376.7461748
UKR,FP.CPI.TOTL.ZG,1996,80.32550146
UKR,FP.CPI.TOTL.ZG,1997,15.94059941
UKR,FP.CPI.TOTL.ZG,1998,10.57716115
UKR,FP.CPI.TOTL.ZG,1999,22.68367181
UKR,FP.CPI.TOTL.ZG,2000,28.20309724
UKR,FP.CPI.TOTL.ZG,2001,11.95880854
UKR,FP.CPI.TOTL.ZG,2002,0.757420846
UKR,FP.CPI.TOTL.ZG,2003,5.179677819
UKR,FP.CPI.TOTL.ZG,2004,9.048067861
UKR,FP.CPI.TOTL.ZG,2005,13.56957649
UKR,FP.CPI.TOTL.ZG,2006,9.052524911
UKR,FP.CPI.TOTL.ZG,2007,12.83877962
UKR,FP.CPI.TOTL.ZG,2008,25.22646171
UKR,FP.CPI.TOTL.ZG,2009,15.88119246
UKR,FP.CPI.TOTL.ZG,2010,9.372931051
UKR,FP.CPI.TOTL.ZG,2011,7.955724663
UKR,FP.CPI.TOTL.ZG,2012,0.568727972
UKR,FP.CPI.TOTL.ZG,2013,-0.238948626
UKR,FP.CPI.TOTL.ZG,2014,12.07185629
UKR,FP.CPI.TOTL.ZG,2015,48.69986464
UKR,FP.CPI.TOTL.ZG,2016,13.9127102
UKR,FP.CPI.TOTL.ZG,2017,14.43832275
UKR,FP.CPI.TOTL.ZG,2018,10.95185594
UKR,FP.CPI.TOTL.ZG,2019,7.886717456
UKR,FP.CPI.TOTL.ZG,2020,2.732492094
UKR,FP.CPI.TOTL.ZG,2021,9.363139177
UKR,FP.CPI.TOTL.ZG,2022,20.18363666
UKR,FP.CPI.TOTL.ZG,2023,12.84902228
UKR,FP.CPI.TOTL.ZG,2024,6.501984647
UKR,FP.CPI.TOTL.ZG,2025,12.7303341
ARE,FP.CPI.TOTL.ZG,1960,
ARE,FP.CPI.TOTL.ZG,1961,
ARE,FP.CPI.TOTL.ZG,1962,
ARE,FP.CPI.TOTL.ZG,1963,
ARE,FP.CPI.TOTL.ZG,1964,
ARE,FP.CPI.TOTL.ZG,1965,
ARE,FP.CPI.TOTL.ZG,1966,
ARE,FP.CPI.TOTL.ZG,1967,
ARE,FP.CPI.TOTL.ZG,1968,
ARE,FP.CPI.TOTL.ZG,1969,
ARE,FP.CPI.TOTL.ZG,1970,
ARE,FP.CPI.TOTL.ZG,1971,
ARE,FP.CPI.TOTL.ZG,1972,
ARE,FP.CPI.TOTL.ZG,1973,
ARE,FP.CPI.TOTL.ZG,1974,
ARE,FP.CPI.TOTL.ZG,1975,
ARE,FP.CPI.TOTL.ZG,1976,
ARE,FP.CPI.TOTL.ZG,1977,
ARE,FP.CPI.TOTL.ZG,1978,
ARE,FP.CPI.TOTL.ZG,1979,
ARE,FP.CPI.TOTL.ZG,1980,
ARE,FP.CPI.TOTL.ZG,1981,
ARE,FP.CPI.TOTL.ZG,1982,
ARE,FP.CPI.TOTL.ZG,1983,
ARE,FP.CPI.TOTL.ZG,1984,
ARE,FP.CPI.TOTL.ZG,1985,
ARE,FP.CPI.TOTL.ZG,1986,
ARE,FP.CPI.TOTL.ZG,1987,
ARE,FP.CPI.TOTL.ZG,1988,
ARE,FP.CPI.TOTL.ZG,1989,
ARE,FP.CPI.TOTL.ZG,1990,
ARE,FP.CPI.TOTL.ZG,1991,
ARE,FP.CPI.TOTL.ZG,1992,
ARE,FP.CPI.TOTL.ZG,1993,
ARE,FP.CPI.TOTL.ZG,1994,
ARE,FP.CPI.TOTL.ZG,1995,
ARE,FP.CPI.TOTL.ZG,1996,
ARE,FP.CPI.TOTL.ZG,1997,
ARE,FP.CPI.TOTL.ZG,1998,
ARE,FP.CPI.TOTL.ZG,1999,
ARE,FP.CPI.TOTL.ZG,2000,
ARE,FP.CPI.TOTL.ZG,2001,
ARE,FP.CPI.TOTL.ZG,2002,
ARE,FP.CPI.TOTL.ZG,2003,
ARE,FP.CPI.TOTL.ZG,2004,
ARE,FP.CPI.TOTL.ZG,2005,
ARE,FP.CPI.TOTL.ZG,2006,
ARE,FP.CPI.TOTL.ZG,2007,
ARE,FP.CPI.TOTL.ZG,2008,12.25042024
ARE,FP.CPI.TOTL.ZG,2009,1.561813174
ARE,FP.CPI.TOTL.ZG,2010,0.877983288
ARE,FP.CPI.TOTL.ZG,2011,0.877346596
ARE,FP.CPI.TOTL.ZG,2012,0.6622689
ARE,FP.CPI.TOTL.ZG,2013,1.101118364
ARE,FP.CPI.TOTL.ZG,2014,2.346268657
ARE,FP.CPI.TOTL.ZG,2015,4.069966084
ARE,FP.CPI.TOTL.ZG,2016,1.617488089
ARE,FP.CPI.TOTL.ZG,2017,1.966825578
ARE,FP.CPI.TOTL.ZG,2018,3.068633793
ARE,FP.CPI.TOTL.ZG,2019,-1.931081148
ARE,FP.CPI.TOTL.ZG,2020,-2.079403179
ARE,FP.CPI.TOTL.ZG,2021,0.179935336
ARE,FP.CPI.TOTL.ZG,2022,5.291226044
ARE,FP.CPI.TOTL.ZG,2023,1.626708372
ARE,FP.CPI.TOTL.ZG,2024,1.663365102
ARE,FP.CPI.TOTL.ZG,2025,1.250865246
GBR,FP.CPI.TOTL.ZG,1960,1.003575704
GBR,FP.CPI.TOTL.ZG,1961,3.44749623
GBR,FP.CPI.TOTL.ZG,1962,4.196498882
GBR,FP.CPI.TOTL.ZG,1963,2.01854356
GBR,FP.CPI.TOTL.ZG,1964,3.281586947
GBR,FP.CPI.TOTL.ZG,1965,4.773774554
GBR,FP.CPI.TOTL.ZG,1966,3.909617792
GBR,FP.CPI.TOTL.ZG,1967,2.482114413
GBR,FP.CPI.TOTL.ZG,1968,4.697429206
GBR,FP.CPI.TOTL.ZG,1969,5.44666363
GBR,FP.CPI.TOTL.ZG,1970,6.366568417
GBR,FP.CPI.TOTL.ZG,1971,9.444837423
GBR,FP.CPI.TOTL.ZG,1972,7.071098395
GBR,FP.CPI.TOTL.ZG,1973,9.196033167
GBR,FP.CPI.TOTL.ZG,1974,16.04401119
GBR,FP.CPI.TOTL.ZG,1975,24.20728767
GBR,FP.CPI.TOTL.ZG,1976,16.55952256
GBR,FP.CPI.TOTL.ZG,1977,15.84026675
GBR,FP.CPI.TOTL.ZG,1978,8.263141039
GBR,FP.CPI.TOTL.ZG,1979,13.42127998
GBR,FP.CPI.TOTL.ZG,1980,17.96592427
GBR,FP.CPI.TOTL.ZG,1981,11.87662651
GBR,FP.CPI.TOTL.ZG,1982,8.598863833
GBR,FP.CPI.TOTL.ZG,1983,4.609303273
GBR,FP.CPI.TOTL.ZG,1984,4.960710978
GBR,FP.CPI.TOTL.ZG,1985,6.07139434
GBR,FP.CPI.TOTL.ZG,1986,3.427609404
GBR,FP.CPI.TOTL.ZG,1987,4.148922321
GBR,FP.CPI.TOTL.ZG,1988,4.155351716
GBR,FP.CPI.TOTL.ZG,1989,5.760249092
GBR,FP.CPI.TOTL.ZG,1990,8.063460909
GBR,FP.CPI.TOTL.ZG,1991,7.461782957
GBR,FP.CPI.TOTL.ZG,1992,4.591549296
GBR,FP.CPI.TOTL.ZG,1993,2.558577969
GBR,FP.CPI.TOTL.ZG,1994,2.219012605
GBR,FP.CPI.TOTL.ZG,1995,2.697495183
GBR,FP.CPI.TOTL.ZG,1996,2.851782364
GBR,FP.CPI.TOTL.ZG,1997,2.201143135
GBR,FP.CPI.TOTL.ZG,1998,1.820561637
GBR,FP.CPI.TOTL.ZG,1999,1.752950801
GBR,FP.CPI.TOTL.ZG,2000,1.182956242
GBR,FP.CPI.TOTL.ZG,2001,1.532349603
GBR,FP.CPI.TOTL.ZG,2002,1.520402459
GBR,FP.CPI.TOTL.ZG,2003,1.376500385
GBR,FP.CPI.TOTL.ZG,2004,1.390397567
GBR,FP.CPI.TOTL.ZG,2005,2.08913649
GBR,FP.CPI.TOTL.ZG,2006,2.455661664
GBR,FP.CPI.TOTL.ZG,2007,2.386561508
GBR,FP.CPI.TOTL.ZG,2008,3.521408563
GBR,FP.CPI.TOTL.ZG,2009,1.961731736
GBR,FP.CPI.TOTL.ZG,2010,2.492654725
GBR,FP.CPI.TOTL.ZG,2011,3.856112447
GBR,FP.CPI.TOTL.ZG,2012,2.573234797
GBR,FP.CPI.TOTL.ZG,2013,2.291666667
GBR,FP.CPI.TOTL.ZG,2014,1.451120163
GBR,FP.CPI.TOTL.ZG,2015,0.368046842
GBR,FP.CPI.TOTL.ZG,2016,1.008417368
GBR,FP.CPI.TOTL.ZG,2017,2.557755776
GBR,FP.CPI.TOTL.ZG,2018,2.292839903
GBR,FP.CPI.TOTL.ZG,2019,1.738104601
GBR,FP.CPI.TOTL.ZG,2020,0.989486704
GBR,FP.CPI.TOTL.ZG,2021,2.518371096
GBR,FP.CPI.TOTL.ZG,2022,7.922048831
GBR,FP.CPI.TOTL.ZG,2023,6.793967068
GBR,FP.CPI.TOTL.ZG,2024,3.271572946
GBR,FP.CPI.TOTL.ZG,2025,3.883068816
USA,FP.CPI.TOTL.ZG,1960,1.457975986
USA,FP.CPI.TOTL.ZG,1961,1.070724148
USA,FP.CPI.TOTL.ZG,1962,1.198773348
USA,FP.CPI.TOTL.ZG,1963,1.239669421
USA,FP.CPI.TOTL.ZG,1964,1.278911565
USA,FP.CPI.TOTL.ZG,1965,1.585169264
USA,FP.CPI.TOTL.ZG,1966,3.015075377
USA,FP.CPI.TOTL.ZG,1967,2.772785623
USA,FP.CPI.TOTL.ZG,1968,4.271796153
USA,FP.CPI.TOTL.ZG,1969,5.4623862
USA,FP.CPI.TOTL.ZG,1970,5.838255338
USA,FP.CPI.TOTL.ZG,1971,4.292766688
USA,FP.CPI.TOTL.ZG,1972,3.272278247
USA,FP.CPI.TOTL.ZG,1973,6.177760064
USA,FP.CPI.TOTL.ZG,1974,11.0548048
USA,FP.CPI.TOTL.ZG,1975,9.143146865
USA,FP.CPI.TOTL.ZG,1976,5.744812635
USA,FP.CPI.TOTL.ZG,1977,6.501683995
USA,FP.CPI.TOTL.ZG,1978,7.630963839
USA,FP.CPI.TOTL.ZG,1979,11.25447113
USA,FP.CPI.TOTL.ZG,1980,13.54920197
USA,FP.CPI.TOTL.ZG,1981,10.33471534
USA,FP.CPI.TOTL.ZG,1982,6.131427
USA,FP.CPI.TOTL.ZG,1983,3.212435233
USA,FP.CPI.TOTL.ZG,1984,4.300535475
USA,FP.CPI.TOTL.ZG,1985,3.545644152
USA,FP.CPI.TOTL.ZG,1986,1.898047722
USA,FP.CPI.TOTL.ZG,1987,3.664563218
USA,FP.CPI.TOTL.ZG,1988,4.077741107
USA,FP.CPI.TOTL.ZG,1989,4.82700303
USA,FP.CPI.TOTL.ZG,1990,5.39795644
USA,FP.CPI.TOTL.ZG,1991,4.234963965
USA,FP.CPI.TOTL.ZG,1992,3.028819678
USA,FP.CPI.TOTL.ZG,1993,2.951656966
USA,FP.CPI.TOTL.ZG,1994,2.607441592
USA,FP.CPI.TOTL.ZG,1995,2.805419689
USA,FP.CPI.TOTL.ZG,1996,2.9312042
USA,FP.CPI.TOTL.ZG,1997,2.337689937
USA,FP.CPI.TOTL.ZG,1998,1.552279099
USA,FP.CPI.TOTL.ZG,1999,2.188027197
USA,FP.CPI.TOTL.ZG,2000,3.376857271
USA,FP.CPI.TOTL.ZG,2001,2.826171119
USA,FP.CPI.TOTL.ZG,2002,1.586031627
USA,FP.CPI.TOTL.ZG,2003,2.270094973
USA,FP.CPI.TOTL.ZG,2004,2.677236693
USA,FP.CPI.TOTL.ZG,2005,3.392746845
USA,FP.CPI.TOTL.ZG,2006,3.225944101
USA,FP.CPI.TOTL.ZG,2007,2.852672482
USA,FP.CPI.TOTL.ZG,2008,3.839100297
USA,FP.CPI.TOTL.ZG,2009,-0.355546266
USA,FP.CPI.TOTL.ZG,2010,1.640043442
USA,FP.CPI.TOTL.ZG,2011,3.156841569
USA,FP.CPI.TOTL.ZG,2012,2.069337265
USA,FP.CPI.TOTL.ZG,2013,1.464832656
USA,FP.CPI.TOTL.ZG,2014,1.622222977
USA,FP.CPI.TOTL.ZG,2015,0.118627136
USA,FP.CPI.TOTL.ZG,2016,1.261583206
USA,FP.CPI.TOTL.ZG,2017,2.130110004
USA,FP.CPI.TOTL.ZG,2018,2.442583297
USA,FP.CPI.TOTL.ZG,2019,1.812210075
USA,FP.CPI.TOTL.ZG,2020,1.233584396
USA,FP.CPI.TOTL.ZG,2021,4.697858864
USA,FP.CPI.TOTL.ZG,2022,8.002799821
USA,FP.CPI.TOTL.ZG,2023,4.116338384
USA,FP.CPI.TOTL.ZG,2024,2.949525205
USA,FP.CPI.TOTL.ZG,2025,
URY,FP.CPI.TOTL.ZG,1960,38.5040374
URY,FP.CPI.TOTL.ZG,1961,22.74726399
URY,FP.CPI.TOTL.ZG,1962,10.90742438
URY,FP.CPI.TOTL.ZG,1963,21.25469572
URY,FP.CPI.TOTL.ZG,1964,42.3694157
URY,FP.CPI.TOTL.ZG,1965,56.55655656
URY,FP.CPI.TOTL.ZG,1966,73.46269321
URY,FP.CPI.TOTL.ZG,1967,89.27529729
URY,FP.CPI.TOTL.ZG,1968,125.3369911
URY,FP.CPI.TOTL.ZG,1969,20.96666667
URY,FP.CPI.TOTL.ZG,1970,16.30614494
URY,FP.CPI.TOTL.ZG,1971,23.95308891
URY,FP.CPI.TOTL.ZG,1972,76.48492378
URY,FP.CPI.TOTL.ZG,1973,96.99726532
URY,FP.CPI.TOTL.ZG,1974,77.21341378
URY,FP.CPI.TOTL.ZG,1975,81.40538401
URY,FP.CPI.TOTL.ZG,1976,50.62304956
URY,FP.CPI.TOTL.ZG,1977,58.19617502
URY,FP.CPI.TOTL.ZG,1978,44.54834367
URY,FP.CPI.TOTL.ZG,1979,66.84428619
URY,FP.CPI.TOTL.ZG,1980,63.47583043
URY,FP.CPI.TOTL.ZG,1981,34.04533586
URY,FP.CPI.TOTL.ZG,1982,18.9925013
URY,FP.CPI.TOTL.ZG,1983,49.19737965
URY,FP.CPI.TOTL.ZG,1984,55.30442354
URY,FP.CPI.TOTL.ZG,1985,72.22256443
URY,FP.CPI.TOTL.ZG,1986,76.38063641
URY,FP.CPI.TOTL.ZG,1987,63.56666243
URY,FP.CPI.TOTL.ZG,1988,62.19195646
URY,FP.CPI.TOTL.ZG,1989,80.44743673
URY,FP.CPI.TOTL.ZG,1990,112.5259056
URY,FP.CPI.TOTL.ZG,1991,101.9716832
URY,FP.CPI.TOTL.ZG,1992,68.45919384
URY,FP.CPI.TOTL.ZG,1993,54.10079244
URY,FP.CPI.TOTL.ZG,1994,44.73604215
URY,FP.CPI.TOTL.ZG,1995,42.2483198
URY,FP.CPI.TOTL.ZG,1996,28.3420486
URY,FP.CPI.TOTL.ZG,1997,19.81880932
URY,FP.CPI.TOTL.ZG,1998,10.81107031
URY,FP.CPI.TOTL.ZG,1999,5.658688039
URY,FP.CPI.TOTL.ZG,2000,4.763824727
URY,FP.CPI.TOTL.ZG,2001,4.359340652
URY,FP.CPI.TOTL.ZG,2002,13.97247259
URY,FP.CPI.TOTL.ZG,2003,19.37973017
URY,FP.CPI.TOTL.ZG,2004,9.157605075
URY,FP.CPI.TOTL.ZG,2005,4.69927739
URY,FP.CPI.TOTL.ZG,2006,6.397649744
URY,FP.CPI.TOTL.ZG,2007,8.114645612
URY,FP.CPI.TOTL.ZG,2008,7.877073747
URY,FP.CPI.TOTL.ZG,2009,7.062218744
URY,FP.CPI.TOTL.ZG,2010,6.69870887
URY,FP.CPI.TOTL.ZG,2011,8.092832063
URY,FP.CPI.TOTL.ZG,2012,8.097765806
URY,FP.CPI.TOTL.ZG,2013,8.57513504
URY,FP.CPI.TOTL.ZG,2014,8.877353332
URY,FP.CPI.TOTL.ZG,2015,8.666269871
URY,FP.CPI.TOTL.ZG,2016,9.639413476
URY,FP.CPI.TOTL.ZG,2017,6.218093826
URY,FP.CPI.TOTL.ZG,2018,7.606533604
URY,FP.CPI.TOTL.ZG,2019,7.881988709
URY,FP.CPI.TOTL.ZG,2020,9.756406361
URY,FP.CPI.TOTL.ZG,2021,7.747914023
URY,FP.CPI.TOTL.ZG,2022,9.104379831
URY,FP.CPI.TOTL.ZG,2023,5.869103599
URY,FP.CPI.TOTL.ZG,2024,4.849143666
URY,FP.CPI.TOTL.ZG,2025,4.650327204
UZB,FP.CPI.TOTL.ZG,1960,
UZB,FP.CPI.TOTL.ZG,1961,
UZB,FP.CPI.TOTL.ZG,1962,
UZB,FP.CPI.TOTL.ZG,1963,
UZB,FP.CPI.TOTL.ZG,1964,
UZB,FP.CPI.TOTL.ZG,1965,
UZB,FP.CPI.TOTL.ZG,1966,
UZB,FP.CPI.TOTL.ZG,1967,
UZB,FP.CPI.TOTL.ZG,1968,
UZB,FP.CPI.TOTL.ZG,1969,
UZB,FP.CPI.TOTL.ZG,1970,
UZB,FP.CPI.TOTL.ZG,1971,
UZB,FP.CPI.TOTL.ZG,1972,
UZB,FP.CPI.TOTL.ZG,1973,
UZB,FP.CPI.TOTL.ZG,1974,
UZB,FP.CPI.TOTL.ZG,1975,
UZB,FP.CPI.TOTL.ZG,1976,
UZB,FP.CPI.TOTL.ZG,1977,
UZB,FP.CPI.TOTL.ZG,1978,
UZB,FP.CPI.TOTL.ZG,1979,
UZB,FP.CPI.TOTL.ZG,1980,
UZB,FP.CPI.TOTL.ZG,1981,
UZB,FP.CPI.TOTL.ZG,1982,
UZB,FP.CPI.TOTL.ZG,1983,
UZB,FP.CPI.TOTL.ZG,1984,
UZB,FP.CPI.TOTL.ZG,1985,
UZB,FP.CPI.TOTL.ZG,1986,
UZB,FP.CPI.TOTL.ZG,1987,
UZB,FP.CPI.TOTL.ZG,1988,
UZB,FP.CPI.TOTL.ZG,1989,
UZB,FP.CPI.TOTL.ZG,1990,
UZB,FP.CPI.TOTL.ZG,1991,
UZB,FP.CPI.TOTL.ZG,1992,
UZB,FP.CPI.TOTL.ZG,1993,
UZB,FP.CPI.TOTL.ZG,1994,
UZB,FP.CPI.TOTL.ZG,1995,
UZB,FP.CPI.TOTL.ZG,1996,
UZB,FP.CPI.TOTL.ZG,1997,
UZB,FP.CPI.TOTL.ZG,1998,
UZB,FP.CPI.TOTL.ZG,1999,
UZB,FP.CPI.TOTL.ZG,2000,
UZB,FP.CPI.TOTL.ZG,2001,
UZB,FP.CPI.TOTL.ZG,2002,
UZB,FP.CPI.TOTL.ZG,2003,
UZB,FP.CPI.TOTL.ZG,2004,
UZB,FP.CPI.TOTL.ZG,2005,
UZB,FP.CPI.TOTL.ZG,2006,
UZB,FP.CPI.TOTL.ZG,2007,
UZB,FP.CPI.TOTL.ZG,2008,
UZB,FP.CPI.TOTL.ZG,2009,
UZB,FP.CPI.TOTL.ZG,2010,
UZB,FP.CPI.TOTL.ZG,2011,13.77974465
UZB,FP.CPI.TOTL.ZG,2012,13.20880267
UZB,FP.CPI.TOTL.ZG,2013,11.84143336
UZB,FP.CPI.TOTL.ZG,2014,9.283093562
UZB,FP.CPI.TOTL.ZG,2015,8.751881967
UZB,FP.CPI.TOTL.ZG,2016,8.130886695
UZB,FP.CPI.TOTL.ZG,2017,13.87574254
UZB,FP.CPI.TOTL.ZG,2018,17.52417965
UZB,FP.CPI.TOTL.ZG,2019,14.52573596
UZB,FP.CPI.TOTL.ZG,2020,12.86772974
UZB,FP.CPI.TOTL.ZG,2021,10.84923975
UZB,FP.CPI.TOTL.ZG,2022,11.4466437
UZB,FP.CPI.TOTL.ZG,2023,9.956590713
UZB,FP.CPI.TOTL.ZG,2024,9.62825466
UZB,FP.CPI.TOTL.ZG,2025,8.796388471
VUT,FP.CPI.TOTL.ZG,1960,
VUT,FP.CPI.TOTL.ZG,1961,
VUT,FP.CPI.TOTL.ZG,1962,
VUT,FP.CPI.TOTL.ZG,1963,
VUT,FP.CPI.TOTL.ZG,1964,
VUT,FP.CPI.TOTL.ZG,1965,
VUT,FP.CPI.TOTL.ZG,1966,
VUT,FP.CPI.TOTL.ZG,1967,
VUT,FP.CPI.TOTL.ZG,1968,
VUT,FP.CPI.TOTL.ZG,1969,
VUT,FP.CPI.TOTL.ZG,1970,
VUT,FP.CPI.TOTL.ZG,1971,
VUT,FP.CPI.TOTL.ZG,1972,
VUT,FP.CPI.TOTL.ZG,1973,
VUT,FP.CPI.TOTL.ZG,1974,
VUT,FP.CPI.TOTL.ZG,1975,
VUT,FP.CPI.TOTL.ZG,1976,
VUT,FP.CPI.TOTL.ZG,1977,5.73650948
VUT,FP.CPI.TOTL.ZG,1978,6.413793103
VUT,FP.CPI.TOTL.ZG,1979,4.169367034
VUT,FP.CPI.TOTL.ZG,1980,11.24014932
VUT,FP.CPI.TOTL.ZG,1981,26.84563758
VUT,FP.CPI.TOTL.ZG,1982,6.672545561
VUT,FP.CPI.TOTL.ZG,1983,1.65334803
VUT,FP.CPI.TOTL.ZG,1984,5.516400108
VUT,FP.CPI.TOTL.ZG,1985,1.066152858
VUT,FP.CPI.TOTL.ZG,1986,4.766141332
VUT,FP.CPI.TOTL.ZG,1987,16.03939501
VUT,FP.CPI.TOTL.ZG,1988,8.760230373
VUT,FP.CPI.TOTL.ZG,1989,7.748049052
VUT,FP.CPI.TOTL.ZG,1990,4.759441283
VUT,FP.CPI.TOTL.ZG,1991,6.469135802
VUT,FP.CPI.TOTL.ZG,1992,4.058441558
VUT,FP.CPI.TOTL.ZG,1993,3.56585692
VUT,FP.CPI.TOTL.ZG,1994,2.302560792
VUT,FP.CPI.TOTL.ZG,1995,2.229701304
VUT,FP.CPI.TOTL.ZG,1996,0.906344411
VUT,FP.CPI.TOTL.ZG,1997,2.830702232
VUT,FP.CPI.TOTL.ZG,1998,3.282159873
VUT,FP.CPI.TOTL.ZG,1999,1.998974885
VUT,FP.CPI.TOTL.ZG,2000,2.537688442
VUT,FP.CPI.TOTL.ZG,2001,3.577554521
VUT,FP.CPI.TOTL.ZG,2002,1.963567542
VUT,FP.CPI.TOTL.ZG,2003,3.016241299
VUT,FP.CPI.TOTL.ZG,2004,1.418918919
VUT,FP.CPI.TOTL.ZG,2005,1.199200533
VUT,FP.CPI.TOTL.ZG,2006,2.040816327
VUT,FP.CPI.TOTL.ZG,2007,3.935483871
VUT,FP.CPI.TOTL.ZG,2008,4.841713222
VUT,FP.CPI.TOTL.ZG,2009,4.29706573
VUT,FP.CPI.TOTL.ZG,2010,2.762694695
VUT,FP.CPI.TOTL.ZG,2011,0.873793105
VUT,FP.CPI.TOTL.ZG,2012,1.347403629
VUT,FP.CPI.TOTL.ZG,2013,1.458933718
VUT,FP.CPI.TOTL.ZG,2014,0.798863838
VUT,FP.CPI.TOTL.ZG,2015,2.483268757
VUT,FP.CPI.TOTL.ZG,2016,0.842069084
VUT,FP.CPI.TOTL.ZG,2017,3.084526244
VUT,FP.CPI.TOTL.ZG,2018,2.330963796
VUT,FP.CPI.TOTL.ZG,2019,2.762520194
VUT,FP.CPI.TOTL.ZG,2020,5.329350731
VUT,FP.CPI.TOTL.ZG,2021,2.343283582
VUT,FP.CPI.TOTL.ZG,2022,6.679305819
VUT,FP.CPI.TOTL.ZG,2023,11.18250171
VUT,FP.CPI.TOTL.ZG,2024,1.143489487
VUT,FP.CPI.TOTL.ZG,2025,0.656455142
VEN,FP.CPI.TOTL.ZG,1960,
VEN,FP.CPI.TOTL.ZG,1961,
VEN,FP.CPI.TOTL.ZG,1962,
VEN,FP.CPI.TOTL.ZG,1963,
VEN,FP.CPI.TOTL.ZG,1964,
VEN,FP.CPI.TOTL.ZG,1965,
VEN,FP.CPI.TOTL.ZG,1966,
VEN,FP.CPI.TOTL.ZG,1967,
VEN,FP.CPI.TOTL.ZG,1968,
VEN,FP.CPI.TOTL.ZG,1969,
VEN,FP.CPI.TOTL.ZG,1970,
VEN,FP.CPI.TOTL.ZG,1971,
VEN,FP.CPI.TOTL.ZG,1972,
VEN,FP.CPI.TOTL.ZG,1973,
VEN,FP.CPI.TOTL.ZG,1974,
VEN,FP.CPI.TOTL.ZG,1975,
VEN,FP.CPI.TOTL.ZG,1976,
VEN,FP.CPI.TOTL.ZG,1977,
VEN,FP.CPI.TOTL.ZG,1978,
VEN,FP.CPI.TOTL.ZG,1979,
VEN,FP.CPI.TOTL.ZG,1980,
VEN,FP.CPI.TOTL.ZG,1981,
VEN,FP.CPI.TOTL.ZG,1982,
VEN,FP.CPI.TOTL.ZG,1983,
VEN,FP.CPI.TOTL.ZG,1984,
VEN,FP.CPI.TOTL.ZG,1985,
VEN,FP.CPI.TOTL.ZG,1986,
VEN,FP.CPI.TOTL.ZG,1987,
VEN,FP.CPI.TOTL.ZG,1988,
VEN,FP.CPI.TOTL.ZG,1989,
VEN,FP.CPI.TOTL.ZG,1990,
VEN,FP.CPI.TOTL.ZG,1991,
VEN,FP.CPI.TOTL.ZG,1992,
VEN,FP.CPI.TOTL.ZG,1993,
VEN,FP.CPI.TOTL.ZG,1994,
VEN,FP.CPI.TOTL.ZG,1995,
VEN,FP.CPI.TOTL.ZG,1996,
VEN,FP.CPI.TOTL.ZG,1997,
VEN,FP.CPI.TOTL.ZG,1998,
VEN,FP.CPI.TOTL.ZG,1999,
VEN,FP.CPI.TOTL.ZG,2000,
VEN,FP.CPI.TOTL.ZG,2001,
VEN,FP.CPI.TOTL.ZG,2002,
VEN,FP.CPI.TOTL.ZG,2003,
VEN,FP.CPI.TOTL.ZG,2004,
VEN,FP.CPI.TOTL.ZG,2005,
VEN,FP.CPI.TOTL.ZG,2006,
VEN,FP.CPI.TOTL.ZG,2007,
VEN,FP.CPI.TOTL.ZG,2008,
VEN,FP.CPI.TOTL.ZG,2009,27.08094145
VEN,FP.CPI.TOTL.ZG,2010,28.18746471
VEN,FP.CPI.TOTL.ZG,2011,26.09021232
VEN,FP.CPI.TOTL.ZG,2012,21.06899563
VEN,FP.CPI.TOTL.ZG,2013,40.63942752
VEN,FP.CPI.TOTL.ZG,2014,62.16864998
VEN,FP.CPI.TOTL.ZG,2015,121.7380853
VEN,FP.CPI.TOTL.ZG,2016,254.9485348
VEN,FP.CPI.TOTL.ZG,2017,
VEN,FP.CPI.TOTL.ZG,2018,
VEN,FP.CPI.TOTL.ZG,2019,
VEN,FP.CPI.TOTL.ZG,2020,
VEN,FP.CPI.TOTL.ZG,2021,
VEN,FP.CPI.TOTL.ZG,2022,
VEN,FP.CPI.TOTL.ZG,2023,
VEN,FP.CPI.TOTL.ZG,2024,
VEN,FP.CPI.TOTL.ZG,2025,
VNM,FP.CPI.TOTL.ZG,1960,
VNM,FP.CPI.TOTL.ZG,1961,
VNM,FP.CPI.TOTL.ZG,1962,
VNM,FP.CPI.TOTL.ZG,1963,
VNM,FP.CPI.TOTL.ZG,1964,
VNM,FP.CPI.TOTL.ZG,1965,
VNM,FP.CPI.TOTL.ZG,1966,
VNM,FP.CPI.TOTL.ZG,1967,
VNM,FP.CPI.TOTL.ZG,1968,
VNM,FP.CPI.TOTL.ZG,1969,
VNM,FP.CPI.TOTL.ZG,1970,
VNM,FP.CPI.TOTL.ZG,1971,
VNM,FP.CPI.TOTL.ZG,1972,
VNM,FP.CPI.TOTL.ZG,1973,
VNM,FP.CPI.TOTL.ZG,1974,
VNM,FP.CPI.TOTL.ZG,1975,
VNM,FP.CPI.TOTL.ZG,1976,
VNM,FP.CPI.TOTL.ZG,1977,
VNM,FP.CPI.TOTL.ZG,1978,
VNM,FP.CPI.TOTL.ZG,1979,
VNM,FP.CPI.TOTL.ZG,1980,
VNM,FP.CPI.TOTL.ZG,1981,
VNM,FP.CPI.TOTL.ZG,1982,
VNM,FP.CPI.TOTL.ZG,1983,
VNM,FP.CPI.TOTL.ZG,1984,
VNM,FP.CPI.TOTL.ZG,1985,
VNM,FP.CPI.TOTL.ZG,1986,
VNM,FP.CPI.TOTL.ZG,1987,
VNM,FP.CPI.TOTL.ZG,1988,
VNM,FP.CPI.TOTL.ZG,1989,
VNM,FP.CPI.TOTL.ZG,1990,
VNM,FP.CPI.TOTL.ZG,1991,
VNM,FP.CPI.TOTL.ZG,1992,
VNM,FP.CPI.TOTL.ZG,1993,
VNM,FP.CPI.TOTL.ZG,1994,
VNM,FP.CPI.TOTL.ZG,1995,
VNM,FP.CPI.TOTL.ZG,1996,5.675
VNM,FP.CPI.TOTL.ZG,1997,3.209526063
VNM,FP.CPI.TOTL.ZG,1998,7.266198044
VNM,FP.CPI.TOTL.ZG,1999,4.117102358
VNM,FP.CPI.TOTL.ZG,2000,-1.710337279
VNM,FP.CPI.TOTL.ZG,2001,-0.431544512
VNM,FP.CPI.TOTL.ZG,2002,3.830828382
VNM,FP.CPI.TOTL.ZG,2003,3.234648173
VNM,FP.CPI.TOTL.ZG,2004,7.754947487
VNM,FP.CPI.TOTL.ZG,2005,8.284572431
VNM,FP.CPI.TOTL.ZG,2006,7.418017151
VNM,FP.CPI.TOTL.ZG,2007,8.344448898
VNM,FP.CPI.TOTL.ZG,2008,23.11544835
VNM,FP.CPI.TOTL.ZG,2009,6.7169827
VNM,FP.CPI.TOTL.ZG,2010,9.207466488
VNM,FP.CPI.TOTL.ZG,2011,18.67773228
VNM,FP.CPI.TOTL.ZG,2012,9.094703396
VNM,FP.CPI.TOTL.ZG,2013,6.592674759
VNM,FP.CPI.TOTL.ZG,2014,4.084554466
VNM,FP.CPI.TOTL.ZG,2015,0.631200905
VNM,FP.CPI.TOTL.ZG,2016,2.66824817
VNM,FP.CPI.TOTL.ZG,2017,3.520256888
VNM,FP.CPI.TOTL.ZG,2018,3.539628059
VNM,FP.CPI.TOTL.ZG,2019,2.795823675
VNM,FP.CPI.TOTL.ZG,2020,3.220934367
VNM,FP.CPI.TOTL.ZG,2021,1.834715548
VNM,FP.CPI.TOTL.ZG,2022,3.1565075
VNM,FP.CPI.TOTL.ZG,2023,3.252892827
VNM,FP.CPI.TOTL.ZG,2024,3.621092739
VNM,FP.CPI.TOTL.ZG,2025,3.309993142
VIR,FP.CPI.TOTL.ZG,1960,
VIR,FP.CPI.TOTL.ZG,1961,
VIR,FP.CPI.TOTL.ZG,1962,
VIR,FP.CPI.TOTL.ZG,1963,
VIR,FP.CPI.TOTL.ZG,1964,
VIR,FP.CPI.TOTL.ZG,1965,
VIR,FP.CPI.TOTL.ZG,1966,
VIR,FP.CPI.TOTL.ZG,1967,
VIR,FP.CPI.TOTL.ZG,1968,
VIR,FP.CPI.TOTL.ZG,1969,
VIR,FP.CPI.TOTL.ZG,1970,
VIR,FP.CPI.TOTL.ZG,1971,
VIR,FP.CPI.TOTL.ZG,1972,
VIR,FP.CPI.TOTL.ZG,1973,
VIR,FP.CPI.TOTL.ZG,1974,
VIR,FP.CPI.TOTL.ZG,1975,
VIR,FP.CPI.TOTL.ZG,1976,
VIR,FP.CPI.TOTL.ZG,1977,
VIR,FP.CPI.TOTL.ZG,1978,
VIR,FP.CPI.TOTL.ZG,1979,
VIR,FP.CPI.TOTL.ZG,1980,
VIR,FP.CPI.TOTL.ZG,1981,
VIR,FP.CPI.TOTL.ZG,1982,
VIR,FP.CPI.TOTL.ZG,1983,
VIR,FP.CPI.TOTL.ZG,1984,
VIR,FP.CPI.TOTL.ZG,1985,
VIR,FP.CPI.TOTL.ZG,1986,
VIR,FP.CPI.TOTL.ZG,1987,
VIR,FP.CPI.TOTL.ZG,1988,
VIR,FP.CPI.TOTL.ZG,1989,
VIR,FP.CPI.TOTL.ZG,1990,
VIR,FP.CPI.TOTL.ZG,1991,
VIR,FP.CPI.TOTL.ZG,1992,
VIR,FP.CPI.TOTL.ZG,1993,
VIR,FP.CPI.TOTL.ZG,1994,
VIR,FP.CPI.TOTL.ZG,1995,
VIR,FP.CPI.TOTL.ZG,1996,
VIR,FP.CPI.TOTL.ZG,1997,
VIR,FP.CPI.TOTL.ZG,1998,
VIR,FP.CPI.TOTL.ZG,1999,
VIR,FP.CPI.TOTL.ZG,2000,
VIR,FP.CPI.TOTL.ZG,2001,
VIR,FP.CPI.TOTL.ZG,2002,
VIR,FP.CPI.TOTL.ZG,2003,
VIR,FP.CPI.TOTL.ZG,2004,
VIR,FP.CPI.TOTL.ZG,2005,
VIR,FP.CPI.TOTL.ZG,2006,
VIR,FP.CPI.TOTL.ZG,2007,
VIR,FP.CPI.TOTL.ZG,2008,
VIR,FP.CPI.TOTL.ZG,2009,
VIR,FP.CPI.TOTL.ZG,2010,
VIR,FP.CPI.TOTL.ZG,2011,
VIR,FP.CPI.TOTL.ZG,2012,
VIR,FP.CPI.TOTL.ZG,2013,
VIR,FP.CPI.TOTL.ZG,2014,
VIR,FP.CPI.TOTL.ZG,2015,
VIR,FP.CPI.TOTL.ZG,2016,
VIR,FP.CPI.TOTL.ZG,2017,
VIR,FP.CPI.TOTL.ZG,2018,
VIR,FP.CPI.TOTL.ZG,2019,
VIR,FP.CPI.TOTL.ZG,2020,
VIR,FP.CPI.TOTL.ZG,2021,
VIR,FP.CPI.TOTL.ZG,2022,
VIR,FP.CPI.TOTL.ZG,2023,
VIR,FP.CPI.TOTL.ZG,2024,
VIR,FP.CPI.TOTL.ZG,2025,
PSE,FP.CPI.TOTL.ZG,1960,
PSE,FP.CPI.TOTL.ZG,1961,
PSE,FP.CPI.TOTL.ZG,1962,
PSE,FP.CPI.TOTL.ZG,1963,
PSE,FP.CPI.TOTL.ZG,1964,
PSE,FP.CPI.TOTL.ZG,1965,
PSE,FP.CPI.TOTL.ZG,1966,
PSE,FP.CPI.TOTL.ZG,1967,
PSE,FP.CPI.TOTL.ZG,1968,
PSE,FP.CPI.TOTL.ZG,1969,
PSE,FP.CPI.TOTL.ZG,1970,
PSE,FP.CPI.TOTL.ZG,1971,
PSE,FP.CPI.TOTL.ZG,1972,
PSE,FP.CPI.TOTL.ZG,1973,
PSE,FP.CPI.TOTL.ZG,1974,
PSE,FP.CPI.TOTL.ZG,1975,
PSE,FP.CPI.TOTL.ZG,1976,
PSE,FP.CPI.TOTL.ZG,1977,
PSE,FP.CPI.TOTL.ZG,1978,
PSE,FP.CPI.TOTL.ZG,1979,
PSE,FP.CPI.TOTL.ZG,1980,
PSE,FP.CPI.TOTL.ZG,1981,
PSE,FP.CPI.TOTL.ZG,1982,
PSE,FP.CPI.TOTL.ZG,1983,
PSE,FP.CPI.TOTL.ZG,1984,
PSE,FP.CPI.TOTL.ZG,1985,
PSE,FP.CPI.TOTL.ZG,1986,
PSE,FP.CPI.TOTL.ZG,1987,
PSE,FP.CPI.TOTL.ZG,1988,
PSE,FP.CPI.TOTL.ZG,1989,
PSE,FP.CPI.TOTL.ZG,1990,
PSE,FP.CPI.TOTL.ZG,1991,
PSE,FP.CPI.TOTL.ZG,1992,
PSE,FP.CPI.TOTL.ZG,1993,
PSE,FP.CPI.TOTL.ZG,1994,
PSE,FP.CPI.TOTL.ZG,1995,
PSE,FP.CPI.TOTL.ZG,1996,
PSE,FP.CPI.TOTL.ZG,1997,7.087005912
PSE,FP.CPI.TOTL.ZG,1998,5.579645058
PSE,FP.CPI.TOTL.ZG,1999,5.544391804
PSE,FP.CPI.TOTL.ZG,2000,2.798198924
PSE,FP.CPI.TOTL.ZG,2001,1.222784759
PSE,FP.CPI.TOTL.ZG,2002,5.70951586
PSE,FP.CPI.TOTL.ZG,2003,4.403032217
PSE,FP.CPI.TOTL.ZG,2004,3.004174986
PSE,FP.CPI.TOTL.ZG,2005,4.107250707
PSE,FP.CPI.TOTL.ZG,2006,3.842341256
PSE,FP.CPI.TOTL.ZG,2007,1.859743794
PSE,FP.CPI.TOTL.ZG,2008,9.889997887
PSE,FP.CPI.TOTL.ZG,2009,2.753934851
PSE,FP.CPI.TOTL.ZG,2010,3.749157276
PSE,FP.CPI.TOTL.ZG,2011,2.877243585
PSE,FP.CPI.TOTL.ZG,2012,2.779087683
PSE,FP.CPI.TOTL.ZG,2013,1.724399336
PSE,FP.CPI.TOTL.ZG,2014,1.7329851
PSE,FP.CPI.TOTL.ZG,2015,1.431611458
PSE,FP.CPI.TOTL.ZG,2016,-0.219106605
PSE,FP.CPI.TOTL.ZG,2017,0.212570934
PSE,FP.CPI.TOTL.ZG,2018,-0.195107774
PSE,FP.CPI.TOTL.ZG,2019,1.580183336
PSE,FP.CPI.TOTL.ZG,2020,-0.735332001
PSE,FP.CPI.TOTL.ZG,2021,1.237481028
PSE,FP.CPI.TOTL.ZG,2022,3.741223919
PSE,FP.CPI.TOTL.ZG,2023,5.871101777
PSE,FP.CPI.TOTL.ZG,2024,53.66914583
PSE,FP.CPI.TOTL.ZG,2025,9.808401181
YEM,FP.CPI.TOTL.ZG,1960,
YEM,FP.CPI.TOTL.ZG,1961,
YEM,FP.CPI.TOTL.ZG,1962,
YEM,FP.CPI.TOTL.ZG,1963,
YEM,FP.CPI.TOTL.ZG,1964,
YEM,FP.CPI.TOTL.ZG,1965,
YEM,FP.CPI.TOTL.ZG,1966,
YEM,FP.CPI.TOTL.ZG,1967,
YEM,FP.CPI.TOTL.ZG,1968,
YEM,FP.CPI.TOTL.ZG,1969,
YEM,FP.CPI.TOTL.ZG,1970,
YEM,FP.CPI.TOTL.ZG,1971,
YEM,FP.CPI.TOTL.ZG,1972,
YEM,FP.CPI.TOTL.ZG,1973,
YEM,FP.CPI.TOTL.ZG,1974,
YEM,FP.CPI.TOTL.ZG,1975,
YEM,FP.CPI.TOTL.ZG,1976,
YEM,FP.CPI.TOTL.ZG,1977,
YEM,FP.CPI.TOTL.ZG,1978,
YEM,FP.CPI.TOTL.ZG,1979,
YEM,FP.CPI.TOTL.ZG,1980,
YEM,FP.CPI.TOTL.ZG,1981,
YEM,FP.CPI.TOTL.ZG,1982,
YEM,FP.CPI.TOTL.ZG,1983,
YEM,FP.CPI.TOTL.ZG,1984,
YEM,FP.CPI.TOTL.ZG,1985,
YEM,FP.CPI.TOTL.ZG,1986,
YEM,FP.CPI.TOTL.ZG,1987,
YEM,FP.CPI.TOTL.ZG,1988,
YEM,FP.CPI.TOTL.ZG,1989,
YEM,FP.CPI.TOTL.ZG,1990,
YEM,FP.CPI.TOTL.ZG,1991,36
YEM,FP.CPI.TOTL.ZG,1992,29.41176471
YEM,FP.CPI.TOTL.ZG,1993,35.75229802
YEM,FP.CPI.TOTL.ZG,1994,49.39415538
YEM,FP.CPI.TOTL.ZG,1995,55.08110687
YEM,FP.CPI.TOTL.ZG,1996,30.73373327
YEM,FP.CPI.TOTL.ZG,1997,2.176726674
YEM,FP.CPI.TOTL.ZG,1998,5.976508521
YEM,FP.CPI.TOTL.ZG,1999,8.660219494
YEM,FP.CPI.TOTL.ZG,2000,4.59
YEM,FP.CPI.TOTL.ZG,2001,11.91159129
YEM,FP.CPI.TOTL.ZG,2002,12.23853394
YEM,FP.CPI.TOTL.ZG,2003,10.8323607
YEM,FP.CPI.TOTL.ZG,2004,12.51509515
YEM,FP.CPI.TOTL.ZG,2005,11.81126394
YEM,FP.CPI.TOTL.ZG,2006,10.84479869
YEM,FP.CPI.TOTL.ZG,2007,7.90511779
YEM,FP.CPI.TOTL.ZG,2008,18.97625743
YEM,FP.CPI.TOTL.ZG,2009,5.407760981
YEM,FP.CPI.TOTL.ZG,2010,11.17483386
YEM,FP.CPI.TOTL.ZG,2011,19.54356171
YEM,FP.CPI.TOTL.ZG,2012,9.885387145
YEM,FP.CPI.TOTL.ZG,2013,10.96844215
YEM,FP.CPI.TOTL.ZG,2014,8.104725836
YEM,FP.CPI.TOTL.ZG,2015,
YEM,FP.CPI.TOTL.ZG,2016,
YEM,FP.CPI.TOTL.ZG,2017,
YEM,FP.CPI.TOTL.ZG,2018,
YEM,FP.CPI.TOTL.ZG,2019,
YEM,FP.CPI.TOTL.ZG,2020,
YEM,FP.CPI.TOTL.ZG,2021,
YEM,FP.CPI.TOTL.ZG,2022,
YEM,FP.CPI.TOTL.ZG,2023,
YEM,FP.CPI.TOTL.ZG,2024,
YEM,FP.CPI.TOTL.ZG,2025,
ZMB,FP.CPI.TOTL.ZG,1960,
ZMB,FP.CPI.TOTL.ZG,1961,
ZMB,FP.CPI.TOTL.ZG,1962,
ZMB,FP.CPI.TOTL.ZG,1963,
ZMB,FP.CPI.TOTL.ZG,1964,
ZMB,FP.CPI.TOTL.ZG,1965,
ZMB,FP.CPI.TOTL.ZG,1966,
ZMB,FP.CPI.TOTL.ZG,1967,
ZMB,FP.CPI.TOTL.ZG,1968,
ZMB,FP.CPI.TOTL.ZG,1969,
ZMB,FP.CPI.TOTL.ZG,1970,
ZMB,FP.CPI.TOTL.ZG,1971,
ZMB,FP.CPI.TOTL.ZG,1972,
ZMB,FP.CPI.TOTL.ZG,1973,
ZMB,FP.CPI.TOTL.ZG,1974,
ZMB,FP.CPI.TOTL.ZG,1975,
ZMB,FP.CPI.TOTL.ZG,1976,
ZMB,FP.CPI.TOTL.ZG,1977,
ZMB,FP.CPI.TOTL.ZG,1978,
ZMB,FP.CPI.TOTL.ZG,1979,
ZMB,FP.CPI.TOTL.ZG,1980,
ZMB,FP.CPI.TOTL.ZG,1981,
ZMB,FP.CPI.TOTL.ZG,1982,
ZMB,FP.CPI.TOTL.ZG,1983,
ZMB,FP.CPI.TOTL.ZG,1984,
ZMB,FP.CPI.TOTL.ZG,1985,
ZMB,FP.CPI.TOTL.ZG,1986,55.82822086
ZMB,FP.CPI.TOTL.ZG,1987,47.04724409
ZMB,FP.CPI.TOTL.ZG,1988,51.00401606
ZMB,FP.CPI.TOTL.ZG,1989,123.4042553
ZMB,FP.CPI.TOTL.ZG,1990,107.0238095
ZMB,FP.CPI.TOTL.ZG,1991,97.64232317
ZMB,FP.CPI.TOTL.ZG,1992,165.706527
ZMB,FP.CPI.TOTL.ZG,1993,183.3120415
ZMB,FP.CPI.TOTL.ZG,1994,54.60132184
ZMB,FP.CPI.TOTL.ZG,1995,34.92958742
ZMB,FP.CPI.TOTL.ZG,1996,43.073098
ZMB,FP.CPI.TOTL.ZG,1997,24.41872157
ZMB,FP.CPI.TOTL.ZG,1998,24.45845635
ZMB,FP.CPI.TOTL.ZG,1999,26.78769668
ZMB,FP.CPI.TOTL.ZG,2000,26.03041179
ZMB,FP.CPI.TOTL.ZG,2001,21.39378218
ZMB,FP.CPI.TOTL.ZG,2002,22.23334464
ZMB,FP.CPI.TOTL.ZG,2003,21.40157839
ZMB,FP.CPI.TOTL.ZG,2004,17.96778911
ZMB,FP.CPI.TOTL.ZG,2005,18.3244397
ZMB,FP.CPI.TOTL.ZG,2006,9.019572472
ZMB,FP.CPI.TOTL.ZG,2007,10.6573496
ZMB,FP.CPI.TOTL.ZG,2008,12.44557935
ZMB,FP.CPI.TOTL.ZG,2009,13.39525463
ZMB,FP.CPI.TOTL.ZG,2010,8.501761334
ZMB,FP.CPI.TOTL.ZG,2011,6.429396811
ZMB,FP.CPI.TOTL.ZG,2012,6.575899708
ZMB,FP.CPI.TOTL.ZG,2013,6.977676055
ZMB,FP.CPI.TOTL.ZG,2014,7.806875536
ZMB,FP.CPI.TOTL.ZG,2015,10.11059289
ZMB,FP.CPI.TOTL.ZG,2016,17.86973008
ZMB,FP.CPI.TOTL.ZG,2017,6.577311542
ZMB,FP.CPI.TOTL.ZG,2018,7.494571927
ZMB,FP.CPI.TOTL.ZG,2019,9.150316443
ZMB,FP.CPI.TOTL.ZG,2020,15.73306047
ZMB,FP.CPI.TOTL.ZG,2021,22.02076762
ZMB,FP.CPI.TOTL.ZG,2022,10.99320392
ZMB,FP.CPI.TOTL.ZG,2023,10.88453169
ZMB,FP.CPI.TOTL.ZG,2024,14.98562627
ZMB,FP.CPI.TOTL.ZG,2025,13.90990958
ZWE,FP.CPI.TOTL.ZG,1960,
ZWE,FP.CPI.TOTL.ZG,1961,
ZWE,FP.CPI.TOTL.ZG,1962,
ZWE,FP.CPI.TOTL.ZG,1963,
ZWE,FP.CPI.TOTL.ZG,1964,
ZWE,FP.CPI.TOTL.ZG,1965,
ZWE,FP.CPI.TOTL.ZG,1966,
ZWE,FP.CPI.TOTL.ZG,1967,
ZWE,FP.CPI.TOTL.ZG,1968,
ZWE,FP.CPI.TOTL.ZG,1969,
ZWE,FP.CPI.TOTL.ZG,1970,
ZWE,FP.CPI.TOTL.ZG,1971,
ZWE,FP.CPI.TOTL.ZG,1972,
ZWE,FP.CPI.TOTL.ZG,1973,
ZWE,FP.CPI.TOTL.ZG,1974,
ZWE,FP.CPI.TOTL.ZG,1975,
ZWE,FP.CPI.TOTL.ZG,1976,
ZWE,FP.CPI.TOTL.ZG,1977,
ZWE,FP.CPI.TOTL.ZG,1978,
ZWE,FP.CPI.TOTL.ZG,1979,
ZWE,FP.CPI.TOTL.ZG,1980,
ZWE,FP.CPI.TOTL.ZG,1981,
ZWE,FP.CPI.TOTL.ZG,1982,
ZWE,FP.CPI.TOTL.ZG,1983,
ZWE,FP.CPI.TOTL.ZG,1984,
ZWE,FP.CPI.TOTL.ZG,1985,
ZWE,FP.CPI.TOTL.ZG,1986,
ZWE,FP.CPI.TOTL.ZG,1987,
ZWE,FP.CPI.TOTL.ZG,1988,
ZWE,FP.CPI.TOTL.ZG,1989,
ZWE,FP.CPI.TOTL.ZG,1990,
ZWE,FP.CPI.TOTL.ZG,1991,
ZWE,FP.CPI.TOTL.ZG,1992,
ZWE,FP.CPI.TOTL.ZG,1993,
ZWE,FP.CPI.TOTL.ZG,1994,
ZWE,FP.CPI.TOTL.ZG,1995,
ZWE,FP.CPI.TOTL.ZG,1996,
ZWE,FP.CPI.TOTL.ZG,1997,
ZWE,FP.CPI.TOTL.ZG,1998,
ZWE,FP.CPI.TOTL.ZG,1999,
ZWE,FP.CPI.TOTL.ZG,2000,
ZWE,FP.CPI.TOTL.ZG,2001,
ZWE,FP.CPI.TOTL.ZG,2002,
ZWE,FP.CPI.TOTL.ZG,2003,
ZWE,FP.CPI.TOTL.ZG,2004,
ZWE,FP.CPI.TOTL.ZG,2005,
ZWE,FP.CPI.TOTL.ZG,2006,
ZWE,FP.CPI.TOTL.ZG,2007,
ZWE,FP.CPI.TOTL.ZG,2008,
ZWE,FP.CPI.TOTL.ZG,2009,
ZWE,FP.CPI.TOTL.ZG,2010,3.022670025
ZWE,FP.CPI.TOTL.ZG,2011,3.466129728
ZWE,FP.CPI.TOTL.ZG,2012,3.725326661
ZWE,FP.CPI.TOTL.ZG,2013,1.634950415
ZWE,FP.CPI.TOTL.ZG,2014,-0.19778481
ZWE,FP.CPI.TOTL.ZG,2015,-2.430968424
ZWE,FP.CPI.TOTL.ZG,2016,-1.543669601
ZWE,FP.CPI.TOTL.ZG,2017,0.893962316
ZWE,FP.CPI.TOTL.ZG,2018,10.61886587
ZWE,FP.CPI.TOTL.ZG,2019,255.3049908
ZWE,FP.CPI.TOTL.ZG,2020,557.2018174
ZWE,FP.CPI.TOTL.ZG,2021,98.54610509
ZWE,FP.CPI.TOTL.ZG,2022,104.7051706
ZWE,FP.CPI.TOTL.ZG,2023,
ZWE,FP.CPI.TOTL.ZG,2024,
ZWE,FP.CPI.TOTL.ZG,2025,
AFE,FP.CPI.TOTL.ZG,1960,
AFE,FP.CPI.TOTL.ZG,1961,
AFE,FP.CPI.TOTL.ZG,1962,
AFE,FP.CPI.TOTL.ZG,1963,
AFE,FP.CPI.TOTL.ZG,1964,
AFE,FP.CPI.TOTL.ZG,1965,
AFE,FP.CPI.TOTL.ZG,1966,
AFE,FP.CPI.TOTL.ZG,1967,
AFE,FP.CPI.TOTL.ZG,1968,
AFE,FP.CPI.TOTL.ZG,1969,
AFE,FP.CPI.TOTL.ZG,1970,
AFE,FP.CPI.TOTL.ZG,1971,
AFE,FP.CPI.TOTL.ZG,1972,
AFE,FP.CPI.TOTL.ZG,1973,
AFE,FP.CPI.TOTL.ZG,1974,19.59839357
AFE,FP.CPI.TOTL.ZG,1975,15.22409894
AFE,FP.CPI.TOTL.ZG,1976,11.21648129
AFE,FP.CPI.TOTL.ZG,1977,14.23805549
AFE,FP.CPI.TOTL.ZG,1978,12.52689251
AFE,FP.CPI.TOTL.ZG,1979,15.06984982
AFE,FP.CPI.TOTL.ZG,1980,15.06651154
AFE,FP.CPI.TOTL.ZG,1981,14.46159107
AFE,FP.CPI.TOTL.ZG,1982,12.1399177
AFE,FP.CPI.TOTL.ZG,1983,11.56752438
AFE,FP.CPI.TOTL.ZG,1984,10.98386257
AFE,FP.CPI.TOTL.ZG,1985,13.00656642
AFE,FP.CPI.TOTL.ZG,1986,13.89197165
AFE,FP.CPI.TOTL.ZG,1987,12.56344322
AFE,FP.CPI.TOTL.ZG,1988,12.52225807
AFE,FP.CPI.TOTL.ZG,1989,12.55820207
AFE,FP.CPI.TOTL.ZG,1990,12.45791398
AFE,FP.CPI.TOTL.ZG,1991,17.67810026
AFE,FP.CPI.TOTL.ZG,1992,16.1676124
AFE,FP.CPI.TOTL.ZG,1993,13.13566077
AFE,FP.CPI.TOTL.ZG,1994,14.85281498
AFE,FP.CPI.TOTL.ZG,1995,12.28859126
AFE,FP.CPI.TOTL.ZG,1996,9.706586325
AFE,FP.CPI.TOTL.ZG,1997,10.24959874
AFE,FP.CPI.TOTL.ZG,1998,7.495255423
AFE,FP.CPI.TOTL.ZG,1999,7.819864776
AFE,FP.CPI.TOTL.ZG,2000,8.601485149
AFE,FP.CPI.TOTL.ZG,2001,5.840353983
AFE,FP.CPI.TOTL.ZG,2002,8.763755203
AFE,FP.CPI.TOTL.ZG,2003,7.44970014
AFE,FP.CPI.TOTL.ZG,2004,5.023420686
AFE,FP.CPI.TOTL.ZG,2005,8.558038022
AFE,FP.CPI.TOTL.ZG,2006,8.898163802
AFE,FP.CPI.TOTL.ZG,2007,8.450774806
AFE,FP.CPI.TOTL.ZG,2008,12.56664466
AFE,FP.CPI.TOTL.ZG,2009,8.954218024
AFE,FP.CPI.TOTL.ZG,2010,5.537537916
AFE,FP.CPI.TOTL.ZG,2011,8.97120641
AFE,FP.CPI.TOTL.ZG,2012,9.158708432
AFE,FP.CPI.TOTL.ZG,2013,5.748831336
AFE,FP.CPI.TOTL.ZG,2014,5.525819234
AFE,FP.CPI.TOTL.ZG,2015,5.098561644
AFE,FP.CPI.TOTL.ZG,2016,6.446877223
AFE,FP.CPI.TOTL.ZG,2017,6.221375289
AFE,FP.CPI.TOTL.ZG,2018,4.689806468
AFE,FP.CPI.TOTL.ZG,2019,4.102850755
AFE,FP.CPI.TOTL.ZG,2020,5.191629421
AFE,FP.CPI.TOTL.ZG,2021,6.824727093
AFE,FP.CPI.TOTL.ZG,2022,10.88347757
AFE,FP.CPI.TOTL.ZG,2023,7.399185581
AFE,FP.CPI.TOTL.ZG,2024,4.770857319
AFE,FP.CPI.TOTL.ZG,2025,4.270111407
AFW,FP.CPI.TOTL.ZG,1960,
AFW,FP.CPI.TOTL.ZG,1961,
AFW,FP.CPI.TOTL.ZG,1962,
AFW,FP.CPI.TOTL.ZG,1963,
AFW,FP.CPI.TOTL.ZG,1964,
AFW,FP.CPI.TOTL.ZG,1965,
AFW,FP.CPI.TOTL.ZG,1966,
AFW,FP.CPI.TOTL.ZG,1967,
AFW,FP.CPI.TOTL.ZG,1968,
AFW,FP.CPI.TOTL.ZG,1969,
AFW,FP.CPI.TOTL.ZG,1970,
AFW,FP.CPI.TOTL.ZG,1971,
AFW,FP.CPI.TOTL.ZG,1972,
AFW,FP.CPI.TOTL.ZG,1973,
AFW,FP.CPI.TOTL.ZG,1974,
AFW,FP.CPI.TOTL.ZG,1975,
AFW,FP.CPI.TOTL.ZG,1976,
AFW,FP.CPI.TOTL.ZG,1977,
AFW,FP.CPI.TOTL.ZG,1978,
AFW,FP.CPI.TOTL.ZG,1979,
AFW,FP.CPI.TOTL.ZG,1980,
AFW,FP.CPI.TOTL.ZG,1981,8.799210833
AFW,FP.CPI.TOTL.ZG,1982,12.05976521
AFW,FP.CPI.TOTL.ZG,1983,10.67193676
AFW,FP.CPI.TOTL.ZG,1984,11.25
AFW,FP.CPI.TOTL.ZG,1985,7.354925776
AFW,FP.CPI.TOTL.ZG,1986,5.950964999
AFW,FP.CPI.TOTL.ZG,1987,0.248788555
AFW,FP.CPI.TOTL.ZG,1988,2.523659306
AFW,FP.CPI.TOTL.ZG,1989,0.869287023
AFW,FP.CPI.TOTL.ZG,1990,1.057361395
AFW,FP.CPI.TOTL.ZG,1991,1.741887859
AFW,FP.CPI.TOTL.ZG,1992,-0.062999006
AFW,FP.CPI.TOTL.ZG,1993,0.553455724
AFW,FP.CPI.TOTL.ZG,1994,31.84101684
AFW,FP.CPI.TOTL.ZG,1995,10.56328867
AFW,FP.CPI.TOTL.ZG,1996,4.914239726
AFW,FP.CPI.TOTL.ZG,1997,3.997141704
AFW,FP.CPI.TOTL.ZG,1998,4.471125439
AFW,FP.CPI.TOTL.ZG,1999,0.37226617
AFW,FP.CPI.TOTL.ZG,2000,2.530775167
AFW,FP.CPI.TOTL.ZG,2001,4.36152914
AFW,FP.CPI.TOTL.ZG,2002,3.188693302
AFW,FP.CPI.TOTL.ZG,2003,1.760904101
AFW,FP.CPI.TOTL.ZG,2004,0.694336306
AFW,FP.CPI.TOTL.ZG,2005,5.631633514
AFW,FP.CPI.TOTL.ZG,2006,4.415899842
AFW,FP.CPI.TOTL.ZG,2007,3.60736768
AFW,FP.CPI.TOTL.ZG,2008,8.452976233
AFW,FP.CPI.TOTL.ZG,2009,3.282440376
AFW,FP.CPI.TOTL.ZG,2010,1.784844205
AFW,FP.CPI.TOTL.ZG,2011,4.018699075
AFW,FP.CPI.TOTL.ZG,2012,4.578374635
AFW,FP.CPI.TOTL.ZG,2013,2.439200761
AFW,FP.CPI.TOTL.ZG,2014,1.768435821
AFW,FP.CPI.TOTL.ZG,2015,2.130817381
AFW,FP.CPI.TOTL.ZG,2016,1.487415508
AFW,FP.CPI.TOTL.ZG,2017,1.725486024
AFW,FP.CPI.TOTL.ZG,2018,1.784049948
AFW,FP.CPI.TOTL.ZG,2019,1.983092285
AFW,FP.CPI.TOTL.ZG,2020,2.490377839
AFW,FP.CPI.TOTL.ZG,2021,3.745567823
AFW,FP.CPI.TOTL.ZG,2022,7.949251435
AFW,FP.CPI.TOTL.ZG,2023,5.221168013
AFW,FP.CPI.TOTL.ZG,2024,3.60804427
AFW,FP.CPI.TOTL.ZG,2025,1.657817676
ARB,FP.CPI.TOTL.ZG,1960,
ARB,FP.CPI.TOTL.ZG,1961,
ARB,FP.CPI.TOTL.ZG,1962,
ARB,FP.CPI.TOTL.ZG,1963,
ARB,FP.CPI.TOTL.ZG,1964,
ARB,FP.CPI.TOTL.ZG,1965,
ARB,FP.CPI.TOTL.ZG,1966,
ARB,FP.CPI.TOTL.ZG,1967,
ARB,FP.CPI.TOTL.ZG,1968,
ARB,FP.CPI.TOTL.ZG,1969,
ARB,FP.CPI.TOTL.ZG,1970,
ARB,FP.CPI.TOTL.ZG,1971,
ARB,FP.CPI.TOTL.ZG,1972,
ARB,FP.CPI.TOTL.ZG,1973,8.266666666
ARB,FP.CPI.TOTL.ZG,1974,15.52828175
ARB,FP.CPI.TOTL.ZG,1975,9.669695482
ARB,FP.CPI.TOTL.ZG,1976,10.31741589
ARB,FP.CPI.TOTL.ZG,1977,11.98928332
ARB,FP.CPI.TOTL.ZG,1978,9.71603275
ARB,FP.CPI.TOTL.ZG,1979,
ARB,FP.CPI.TOTL.ZG,1980,9.626056646
ARB,FP.CPI.TOTL.ZG,1981,10.75850342
ARB,FP.CPI.TOTL.ZG,1982,8.331255756
ARB,FP.CPI.TOTL.ZG,1983,5.493665514
ARB,FP.CPI.TOTL.ZG,1984,8.116397955
ARB,FP.CPI.TOTL.ZG,1985,7.2543618
ARB,FP.CPI.TOTL.ZG,1986,7.433333333
ARB,FP.CPI.TOTL.ZG,1987,4.222416662
ARB,FP.CPI.TOTL.ZG,1988,5.911544964
ARB,FP.CPI.TOTL.ZG,1989,7.74088604
ARB,FP.CPI.TOTL.ZG,1990,8.451462408
ARB,FP.CPI.TOTL.ZG,1991,9
ARB,FP.CPI.TOTL.ZG,1992,9.35975159
ARB,FP.CPI.TOTL.ZG,1993,9.37034416
ARB,FP.CPI.TOTL.ZG,1994,5.112598904
ARB,FP.CPI.TOTL.ZG,1995,6.543790685
ARB,FP.CPI.TOTL.ZG,1996,4.681306239
ARB,FP.CPI.TOTL.ZG,1997,3.601161033
ARB,FP.CPI.TOTL.ZG,1998,3.41731949
ARB,FP.CPI.TOTL.ZG,1999,2.669373691
ARB,FP.CPI.TOTL.ZG,2000,1.853790353
ARB,FP.CPI.TOTL.ZG,2001,1.772204374
ARB,FP.CPI.TOTL.ZG,2002,1.83299389
ARB,FP.CPI.TOTL.ZG,2003,2.712592475
ARB,FP.CPI.TOTL.ZG,2004,3.63228005
ARB,FP.CPI.TOTL.ZG,2005,3.493685346
ARB,FP.CPI.TOTL.ZG,2006,3.544985916
ARB,FP.CPI.TOTL.ZG,2007,4.74390639
ARB,FP.CPI.TOTL.ZG,2008,11.27066524
ARB,FP.CPI.TOTL.ZG,2009,2.920897118
ARB,FP.CPI.TOTL.ZG,2010,3.911061955
ARB,FP.CPI.TOTL.ZG,2011,4.753163889
ARB,FP.CPI.TOTL.ZG,2012,4.611844322
ARB,FP.CPI.TOTL.ZG,2013,3.25423911
ARB,FP.CPI.TOTL.ZG,2014,2.89947905
ARB,FP.CPI.TOTL.ZG,2015,1.831352332
ARB,FP.CPI.TOTL.ZG,2016,2.227999911
ARB,FP.CPI.TOTL.ZG,2017,2.069329282
ARB,FP.CPI.TOTL.ZG,2018,2.308746967
ARB,FP.CPI.TOTL.ZG,2019,1.336015681
ARB,FP.CPI.TOTL.ZG,2020,1.44703657
ARB,FP.CPI.TOTL.ZG,2021,2.868330278
ARB,FP.CPI.TOTL.ZG,2022,5.172220886
ARB,FP.CPI.TOTL.ZG,2023,4.000258771
ARB,FP.CPI.TOTL.ZG,2024,2.308900572
ARB,FP.CPI.TOTL.ZG,2025,1.766464909
CSS,FP.CPI.TOTL.ZG,1960,
CSS,FP.CPI.TOTL.ZG,1961,
CSS,FP.CPI.TOTL.ZG,1962,
CSS,FP.CPI.TOTL.ZG,1963,
CSS,FP.CPI.TOTL.ZG,1964,
CSS,FP.CPI.TOTL.ZG,1965,
CSS,FP.CPI.TOTL.ZG,1966,
CSS,FP.CPI.TOTL.ZG,1967,3.42102712
CSS,FP.CPI.TOTL.ZG,1968,4.955475241
CSS,FP.CPI.TOTL.ZG,1969,5.025510277
CSS,FP.CPI.TOTL.ZG,1970,6.718154897
CSS,FP.CPI.TOTL.ZG,1971,4.126188933
CSS,FP.CPI.TOTL.ZG,1972,7.355693804
CSS,FP.CPI.TOTL.ZG,1973,13.19070702
CSS,FP.CPI.TOTL.ZG,1974,28.12279075
CSS,FP.CPI.TOTL.ZG,1975,16.97906047
CSS,FP.CPI.TOTL.ZG,1976,10.06953803
CSS,FP.CPI.TOTL.ZG,1977,9.61739401
CSS,FP.CPI.TOTL.ZG,1978,9.152956001
CSS,FP.CPI.TOTL.ZG,1979,14.72217037
CSS,FP.CPI.TOTL.ZG,1980,17.33888964
CSS,FP.CPI.TOTL.ZG,1981,13.00117207
CSS,FP.CPI.TOTL.ZG,1982,7.033644575
CSS,FP.CPI.TOTL.ZG,1983,4.703952437
CSS,FP.CPI.TOTL.ZG,1984,3.535822078
CSS,FP.CPI.TOTL.ZG,1985,3.827542616
CSS,FP.CPI.TOTL.ZG,1986,1.760163353
CSS,FP.CPI.TOTL.ZG,1987,3.66815577
CSS,FP.CPI.TOTL.ZG,1988,3.569444444
CSS,FP.CPI.TOTL.ZG,1989,5.278811592
CSS,FP.CPI.TOTL.ZG,1990,4.139270353
CSS,FP.CPI.TOTL.ZG,1991,5.524532702
CSS,FP.CPI.TOTL.ZG,1992,5.305361696
CSS,FP.CPI.TOTL.ZG,1993,2.258879567
CSS,FP.CPI.TOTL.ZG,1994,2.005806317
CSS,FP.CPI.TOTL.ZG,1995,2.889615844
CSS,FP.CPI.TOTL.ZG,1996,2.086573852
CSS,FP.CPI.TOTL.ZG,1997,2.436297155
CSS,FP.CPI.TOTL.ZG,1998,2.1952625
CSS,FP.CPI.TOTL.ZG,1999,2.090728824
CSS,FP.CPI.TOTL.ZG,2000,2.308815608
CSS,FP.CPI.TOTL.ZG,2001,2.602624023
CSS,FP.CPI.TOTL.ZG,2002,2.107334476
CSS,FP.CPI.TOTL.ZG,2003,2.195182371
CSS,FP.CPI.TOTL.ZG,2004,2.354332221
CSS,FP.CPI.TOTL.ZG,2005,3.604618051
CSS,FP.CPI.TOTL.ZG,2006,3.49631419
CSS,FP.CPI.TOTL.ZG,2007,3.946529527
CSS,FP.CPI.TOTL.ZG,2008,7.21385214
CSS,FP.CPI.TOTL.ZG,2009,0.213901348
CSS,FP.CPI.TOTL.ZG,2010,3.310184747
CSS,FP.CPI.TOTL.ZG,2011,3.327765544
CSS,FP.CPI.TOTL.ZG,2012,2.504610591
CSS,FP.CPI.TOTL.ZG,2013,1.083241682
CSS,FP.CPI.TOTL.ZG,2014,1.14542061
CSS,FP.CPI.TOTL.ZG,2015,-0.852705497
CSS,FP.CPI.TOTL.ZG,2016,0.402621697
CSS,FP.CPI.TOTL.ZG,2017,1.699295705
CSS,FP.CPI.TOTL.ZG,2018,1.207157934
CSS,FP.CPI.TOTL.ZG,2019,1.00054293
CSS,FP.CPI.TOTL.ZG,2020,0.121434645
CSS,FP.CPI.TOTL.ZG,2021,2.228913307
CSS,FP.CPI.TOTL.ZG,2022,5.828386385
CSS,FP.CPI.TOTL.ZG,2023,4.104492818
CSS,FP.CPI.TOTL.ZG,2024,2.736207519
CSS,FP.CPI.TOTL.ZG,2025,1.215775377
CEB,FP.CPI.TOTL.ZG,1960,
CEB,FP.CPI.TOTL.ZG,1961,
CEB,FP.CPI.TOTL.ZG,1962,
CEB,FP.CPI.TOTL.ZG,1963,
CEB,FP.CPI.TOTL.ZG,1964,
CEB,FP.CPI.TOTL.ZG,1965,
CEB,FP.CPI.TOTL.ZG,1966,
CEB,FP.CPI.TOTL.ZG,1967,
CEB,FP.CPI.TOTL.ZG,1968,
CEB,FP.CPI.TOTL.ZG,1969,
CEB,FP.CPI.TOTL.ZG,1970,
CEB,FP.CPI.TOTL.ZG,1971,
CEB,FP.CPI.TOTL.ZG,1972,
CEB,FP.CPI.TOTL.ZG,1973,
CEB,FP.CPI.TOTL.ZG,1974,
CEB,FP.CPI.TOTL.ZG,1975,
CEB,FP.CPI.TOTL.ZG,1976,
CEB,FP.CPI.TOTL.ZG,1977,
CEB,FP.CPI.TOTL.ZG,1978,
CEB,FP.CPI.TOTL.ZG,1979,
CEB,FP.CPI.TOTL.ZG,1980,
CEB,FP.CPI.TOTL.ZG,1981,
CEB,FP.CPI.TOTL.ZG,1982,
CEB,FP.CPI.TOTL.ZG,1983,
CEB,FP.CPI.TOTL.ZG,1984,
CEB,FP.CPI.TOTL.ZG,1985,
CEB,FP.CPI.TOTL.ZG,1986,
CEB,FP.CPI.TOTL.ZG,1987,
CEB,FP.CPI.TOTL.ZG,1988,
CEB,FP.CPI.TOTL.ZG,1989,
CEB,FP.CPI.TOTL.ZG,1990,
CEB,FP.CPI.TOTL.ZG,1991,118.5275789
CEB,FP.CPI.TOTL.ZG,1992,150.615832
CEB,FP.CPI.TOTL.ZG,1993,72.87879139
CEB,FP.CPI.TOTL.ZG,1994,35.92470539
CEB,FP.CPI.TOTL.ZG,1995,27.95138856
CEB,FP.CPI.TOTL.ZG,1996,19.79496692
CEB,FP.CPI.TOTL.ZG,1997,8.881048485
CEB,FP.CPI.TOTL.ZG,1998,8.208333333
CEB,FP.CPI.TOTL.ZG,1999,4.019138756
CEB,FP.CPI.TOTL.ZG,2000,8.911744187
CEB,FP.CPI.TOTL.ZG,2001,5.748279817
CEB,FP.CPI.TOTL.ZG,2002,3.12714223
CEB,FP.CPI.TOTL.ZG,2003,2.348641696
CEB,FP.CPI.TOTL.ZG,2004,3.592975942
CEB,FP.CPI.TOTL.ZG,2005,3.317178244
CEB,FP.CPI.TOTL.ZG,2006,3.930326038
CEB,FP.CPI.TOTL.ZG,2007,4.837329283
CEB,FP.CPI.TOTL.ZG,2008,6.358663802
CEB,FP.CPI.TOTL.ZG,2009,2.753202239
CEB,FP.CPI.TOTL.ZG,2010,1.801170221
CEB,FP.CPI.TOTL.ZG,2011,4.130275626
CEB,FP.CPI.TOTL.ZG,2012,3.334922677
CEB,FP.CPI.TOTL.ZG,2013,1.438297872
CEB,FP.CPI.TOTL.ZG,2014,0.053821313
CEB,FP.CPI.TOTL.ZG,2015,-0.464499005
CEB,FP.CPI.TOTL.ZG,2016,-0.054999542
CEB,FP.CPI.TOTL.ZG,2017,2.075935537
CEB,FP.CPI.TOTL.ZG,2018,2.534454242
CEB,FP.CPI.TOTL.ZG,2019,2.664561334
CEB,FP.CPI.TOTL.ZG,2020,1.672440969
CEB,FP.CPI.TOTL.ZG,2021,3.839844915
CEB,FP.CPI.TOTL.ZG,2022,14.60814395
CEB,FP.CPI.TOTL.ZG,2023,9.442841401
CEB,FP.CPI.TOTL.ZG,2024,2.757609094
CEB,FP.CPI.TOTL.ZG,2025,3.814195315
EAR,FP.CPI.TOTL.ZG,1960,
EAR,FP.CPI.TOTL.ZG,1961,
EAR,FP.CPI.TOTL.ZG,1962,
EAR,FP.CPI.TOTL.ZG,1963,
EAR,FP.CPI.TOTL.ZG,1964,
EAR,FP.CPI.TOTL.ZG,1965,
EAR,FP.CPI.TOTL.ZG,1966,4.479810697
EAR,FP.CPI.TOTL.ZG,1967,1.977741547
EAR,FP.CPI.TOTL.ZG,1968,2.079221858
EAR,FP.CPI.TOTL.ZG,1969,2.975139247
EAR,FP.CPI.TOTL.ZG,1970,3.812664908
EAR,FP.CPI.TOTL.ZG,1971,4.195298373
EAR,FP.CPI.TOTL.ZG,1972,6.075
EAR,FP.CPI.TOTL.ZG,1973,12.08193946
EAR,FP.CPI.TOTL.ZG,1974,19.0704733
EAR,FP.CPI.TOTL.ZG,1975,12.87918183
EAR,FP.CPI.TOTL.ZG,1976,10.12208407
EAR,FP.CPI.TOTL.ZG,1977,12.1569315
EAR,FP.CPI.TOTL.ZG,1978,9.314183696
EAR,FP.CPI.TOTL.ZG,1979,11.54241557
EAR,FP.CPI.TOTL.ZG,1980,14.68450278
EAR,FP.CPI.TOTL.ZG,1981,12.41326137
EAR,FP.CPI.TOTL.ZG,1982,10.22172714
EAR,FP.CPI.TOTL.ZG,1983,10.24366335
EAR,FP.CPI.TOTL.ZG,1984,8.497371413
EAR,FP.CPI.TOTL.ZG,1985,9.353330813
EAR,FP.CPI.TOTL.ZG,1986,10.43795799
EAR,FP.CPI.TOTL.ZG,1987,9.753003102
EAR,FP.CPI.TOTL.ZG,1988,8.983003382
EAR,FP.CPI.TOTL.ZG,1989,9.075624085
EAR,FP.CPI.TOTL.ZG,1990,11.9060546
EAR,FP.CPI.TOTL.ZG,1991,15.05013078
EAR,FP.CPI.TOTL.ZG,1992,10.52744401
EAR,FP.CPI.TOTL.ZG,1993,9.97366476
EAR,FP.CPI.TOTL.ZG,1994,9.59324964
EAR,FP.CPI.TOTL.ZG,1995,10.02217336
EAR,FP.CPI.TOTL.ZG,1996,8.519951959
EAR,FP.CPI.TOTL.ZG,1997,7.018285999
EAR,FP.CPI.TOTL.ZG,1998,6.42073243
EAR,FP.CPI.TOTL.ZG,1999,5.023443451
EAR,FP.CPI.TOTL.ZG,2000,3.899529803
EAR,FP.CPI.TOTL.ZG,2001,3.750820575
EAR,FP.CPI.TOTL.ZG,2002,4.240266607
EAR,FP.CPI.TOTL.ZG,2003,5.452932243
EAR,FP.CPI.TOTL.ZG,2004,4.435261084
EAR,FP.CPI.TOTL.ZG,2005,4.821700507
EAR,FP.CPI.TOTL.ZG,2006,5.687137726
EAR,FP.CPI.TOTL.ZG,2007,6.177812148
EAR,FP.CPI.TOTL.ZG,2008,10.44698751
EAR,FP.CPI.TOTL.ZG,2009,4.373767655
EAR,FP.CPI.TOTL.ZG,2010,4.397413832
EAR,FP.CPI.TOTL.ZG,2011,5.811492233
EAR,FP.CPI.TOTL.ZG,2012,5.018272542
EAR,FP.CPI.TOTL.ZG,2013,4.827787055
EAR,FP.CPI.TOTL.ZG,2014,4.073929575
EAR,FP.CPI.TOTL.ZG,2015,3.129002745
EAR,FP.CPI.TOTL.ZG,2016,3.523173176
EAR,FP.CPI.TOTL.ZG,2017,3.328173375
EAR,FP.CPI.TOTL.ZG,2018,3.975610157
EAR,FP.CPI.TOTL.ZG,2019,2.762520194
EAR,FP.CPI.TOTL.ZG,2020,2.963549921
EAR,FP.CPI.TOTL.ZG,2021,4.126767444
EAR,FP.CPI.TOTL.ZG,2022,7.198616156
EAR,FP.CPI.TOTL.ZG,2023,5.88585897
EAR,FP.CPI.TOTL.ZG,2024,3.28955986
EAR,FP.CPI.TOTL.ZG,2025,3.205504741
EAS,FP.CPI.TOTL.ZG,1960,
EAS,FP.CPI.TOTL.ZG,1961,
EAS,FP.CPI.TOTL.ZG,1962,
EAS,FP.CPI.TOTL.ZG,1963,
EAS,FP.CPI.TOTL.ZG,1964,
EAS,FP.CPI.TOTL.ZG,1965,
EAS,FP.CPI.TOTL.ZG,1966,
EAS,FP.CPI.TOTL.ZG,1967,
EAS,FP.CPI.TOTL.ZG,1968,
EAS,FP.CPI.TOTL.ZG,1969,
EAS,FP.CPI.TOTL.ZG,1970,
EAS,FP.CPI.TOTL.ZG,1971,
EAS,FP.CPI.TOTL.ZG,1972,
EAS,FP.CPI.TOTL.ZG,1973,
EAS,FP.CPI.TOTL.ZG,1974,
EAS,FP.CPI.TOTL.ZG,1975,
EAS,FP.CPI.TOTL.ZG,1976,
EAS,FP.CPI.TOTL.ZG,1977,
EAS,FP.CPI.TOTL.ZG,1978,
EAS,FP.CPI.TOTL.ZG,1979,
EAS,FP.CPI.TOTL.ZG,1980,
EAS,FP.CPI.TOTL.ZG,1981,
EAS,FP.CPI.TOTL.ZG,1982,
EAS,FP.CPI.TOTL.ZG,1983,
EAS,FP.CPI.TOTL.ZG,1984,
EAS,FP.CPI.TOTL.ZG,1985,
EAS,FP.CPI.TOTL.ZG,1986,
EAS,FP.CPI.TOTL.ZG,1987,4.685987788
EAS,FP.CPI.TOTL.ZG,1988,7.887323944
EAS,FP.CPI.TOTL.ZG,1989,6.415540799
EAS,FP.CPI.TOTL.ZG,1990,7.819197565
EAS,FP.CPI.TOTL.ZG,1991,6.49734556
EAS,FP.CPI.TOTL.ZG,1992,6.213281464
EAS,FP.CPI.TOTL.ZG,1993,4.887555453
EAS,FP.CPI.TOTL.ZG,1994,5.649908939
EAS,FP.CPI.TOTL.ZG,1995,4.627764454
EAS,FP.CPI.TOTL.ZG,1996,5.52480986
EAS,FP.CPI.TOTL.ZG,1997,3.727657602
EAS,FP.CPI.TOTL.ZG,1998,5.491011804
EAS,FP.CPI.TOTL.ZG,1999,1.983824272
EAS,FP.CPI.TOTL.ZG,2000,1.591969175
EAS,FP.CPI.TOTL.ZG,2001,3.577554521
EAS,FP.CPI.TOTL.ZG,2002,1.885720002
EAS,FP.CPI.TOTL.ZG,2003,2.289156627
EAS,FP.CPI.TOTL.ZG,2004,3.23751394
EAS,FP.CPI.TOTL.ZG,2005,3.037023326
EAS,FP.CPI.TOTL.ZG,2006,3.936162599
EAS,FP.CPI.TOTL.ZG,2007,3.764002592
EAS,FP.CPI.TOTL.ZG,2008,8.342086349
EAS,FP.CPI.TOTL.ZG,2009,1.621731685
EAS,FP.CPI.TOTL.ZG,2010,3.05730564
EAS,FP.CPI.TOTL.ZG,2011,5.021460146
EAS,FP.CPI.TOTL.ZG,2012,2.971901098
EAS,FP.CPI.TOTL.ZG,2013,2.582687661
EAS,FP.CPI.TOTL.ZG,2014,2.510876333
EAS,FP.CPI.TOTL.ZG,2015,0.795279631
EAS,FP.CPI.TOTL.ZG,2016,1.276993657
EAS,FP.CPI.TOTL.ZG,2017,1.800342225
EAS,FP.CPI.TOTL.ZG,2018,2.368549058
EAS,FP.CPI.TOTL.ZG,2019,1.714370958
EAS,FP.CPI.TOTL.ZG,2020,0.846900735
EAS,FP.CPI.TOTL.ZG,2021,2.477102415
EAS,FP.CPI.TOTL.ZG,2022,5.518129286
EAS,FP.CPI.TOTL.ZG,2023,4.251555088
EAS,FP.CPI.TOTL.ZG,2024,2.276735508
EAS,FP.CPI.TOTL.ZG,2025,1.913334433
EAP,FP.CPI.TOTL.ZG,1960,
EAP,FP.CPI.TOTL.ZG,1961,
EAP,FP.CPI.TOTL.ZG,1962,
EAP,FP.CPI.TOTL.ZG,1963,
EAP,FP.CPI.TOTL.ZG,1964,
EAP,FP.CPI.TOTL.ZG,1965,
EAP,FP.CPI.TOTL.ZG,1966,
EAP,FP.CPI.TOTL.ZG,1967,
EAP,FP.CPI.TOTL.ZG,1968,
EAP,FP.CPI.TOTL.ZG,1969,
EAP,FP.CPI.TOTL.ZG,1970,
EAP,FP.CPI.TOTL.ZG,1971,
EAP,FP.CPI.TOTL.ZG,1972,
EAP,FP.CPI.TOTL.ZG,1973,
EAP,FP.CPI.TOTL.ZG,1974,
EAP,FP.CPI.TOTL.ZG,1975,
EAP,FP.CPI.TOTL.ZG,1976,
EAP,FP.CPI.TOTL.ZG,1977,7.601266878
EAP,FP.CPI.TOTL.ZG,1978,6.263048017
EAP,FP.CPI.TOTL.ZG,1979,7.80675825
EAP,FP.CPI.TOTL.ZG,1980,14.49287441
EAP,FP.CPI.TOTL.ZG,1981,12.66299307
EAP,FP.CPI.TOTL.ZG,1982,7.031556894
EAP,FP.CPI.TOTL.ZG,1983,6.704183998
EAP,FP.CPI.TOTL.ZG,1984,5.516400108
EAP,FP.CPI.TOTL.ZG,1985,4.724535185
EAP,FP.CPI.TOTL.ZG,1986,5.453752182
EAP,FP.CPI.TOTL.ZG,1987,5.174881273
EAP,FP.CPI.TOTL.ZG,1988,9.342126885
EAP,FP.CPI.TOTL.ZG,1989,6.462561711
EAP,FP.CPI.TOTL.ZG,1990,8.19137132
EAP,FP.CPI.TOTL.ZG,1991,6.965681278
EAP,FP.CPI.TOTL.ZG,1992,7.523510062
EAP,FP.CPI.TOTL.ZG,1993,5.736905834
EAP,FP.CPI.TOTL.ZG,1994,7.658239539
EAP,FP.CPI.TOTL.ZG,1995,5.818181818
EAP,FP.CPI.TOTL.ZG,1996,7.313482593
EAP,FP.CPI.TOTL.ZG,1997,5.608028434
EAP,FP.CPI.TOTL.ZG,1998,8.614831536
EAP,FP.CPI.TOTL.ZG,1999,4.290728517
EAP,FP.CPI.TOTL.ZG,2000,2.158518106
EAP,FP.CPI.TOTL.ZG,2001,4.272670245
EAP,FP.CPI.TOTL.ZG,2002,2.722772277
EAP,FP.CPI.TOTL.ZG,2003,3.703697975
EAP,FP.CPI.TOTL.ZG,2004,4.426775258
EAP,FP.CPI.TOTL.ZG,2005,5.528611564
EAP,FP.CPI.TOTL.ZG,2006,4.866320488
EAP,FP.CPI.TOTL.ZG,2007,4.816767674
EAP,FP.CPI.TOTL.ZG,2008,10.22666633
EAP,FP.CPI.TOTL.ZG,2009,4.219030521
EAP,FP.CPI.TOTL.ZG,2010,3.689012297
EAP,FP.CPI.TOTL.ZG,2011,5.295732203
EAP,FP.CPI.TOTL.ZG,2012,3.026963911
EAP,FP.CPI.TOTL.ZG,2013,2.913541936
EAP,FP.CPI.TOTL.ZG,2014,3.142990509
EAP,FP.CPI.TOTL.ZG,2015,1.223931955
EAP,FP.CPI.TOTL.ZG,2016,1.917310902
EAP,FP.CPI.TOTL.ZG,2017,2.912635574
EAP,FP.CPI.TOTL.ZG,2018,3.198347559
EAP,FP.CPI.TOTL.ZG,2019,1.942575008
EAP,FP.CPI.TOTL.ZG,2020,2.406292144
EAP,FP.CPI.TOTL.ZG,2021,2.698918595
EAP,FP.CPI.TOTL.ZG,2022,5.669643699
EAP,FP.CPI.TOTL.ZG,2023,5.88585897
EAP,FP.CPI.TOTL.ZG,2024,2.181512736
EAP,FP.CPI.TOTL.ZG,2025,2.062648255
TEA,FP.CPI.TOTL.ZG,1960,
TEA,FP.CPI.TOTL.ZG,1961,
TEA,FP.CPI.TOTL.ZG,1962,
TEA,FP.CPI.TOTL.ZG,1963,
TEA,FP.CPI.TOTL.ZG,1964,
TEA,FP.CPI.TOTL.ZG,1965,
TEA,FP.CPI.TOTL.ZG,1966,
TEA,FP.CPI.TOTL.ZG,1967,
TEA,FP.CPI.TOTL.ZG,1968,
TEA,FP.CPI.TOTL.ZG,1969,
TEA,FP.CPI.TOTL.ZG,1970,
TEA,FP.CPI.TOTL.ZG,1971,
TEA,FP.CPI.TOTL.ZG,1972,
TEA,FP.CPI.TOTL.ZG,1973,
TEA,FP.CPI.TOTL.ZG,1974,
TEA,FP.CPI.TOTL.ZG,1975,
TEA,FP.CPI.TOTL.ZG,1976,
TEA,FP.CPI.TOTL.ZG,1977,
TEA,FP.CPI.TOTL.ZG,1978,
TEA,FP.CPI.TOTL.ZG,1979,
TEA,FP.CPI.TOTL.ZG,1980,
TEA,FP.CPI.TOTL.ZG,1981,
TEA,FP.CPI.TOTL.ZG,1982,
TEA,FP.CPI.TOTL.ZG,1983,
TEA,FP.CPI.TOTL.ZG,1984,
TEA,FP.CPI.TOTL.ZG,1985,
TEA,FP.CPI.TOTL.ZG,1986,
TEA,FP.CPI.TOTL.ZG,1987,5.174881273
TEA,FP.CPI.TOTL.ZG,1988,9.342126885
TEA,FP.CPI.TOTL.ZG,1989,6.462561711
TEA,FP.CPI.TOTL.ZG,1990,8.19137132
TEA,FP.CPI.TOTL.ZG,1991,6.965681278
TEA,FP.CPI.TOTL.ZG,1992,7.523510062
TEA,FP.CPI.TOTL.ZG,1993,5.736905834
TEA,FP.CPI.TOTL.ZG,1994,7.658239539
TEA,FP.CPI.TOTL.ZG,1995,5.818181818
TEA,FP.CPI.TOTL.ZG,1996,7.313482593
TEA,FP.CPI.TOTL.ZG,1997,5.608028434
TEA,FP.CPI.TOTL.ZG,1998,8.614831536
TEA,FP.CPI.TOTL.ZG,1999,4.290728517
TEA,FP.CPI.TOTL.ZG,2000,2.158518106
TEA,FP.CPI.TOTL.ZG,2001,4.272670245
TEA,FP.CPI.TOTL.ZG,2002,2.34316991
TEA,FP.CPI.TOTL.ZG,2003,3.234648173
TEA,FP.CPI.TOTL.ZG,2004,4.534213741
TEA,FP.CPI.TOTL.ZG,2005,4.540369196
TEA,FP.CPI.TOTL.ZG,2006,4.63747436
TEA,FP.CPI.TOTL.ZG,2007,4.810237043
TEA,FP.CPI.TOTL.ZG,2008,10.33682692
TEA,FP.CPI.TOTL.ZG,2009,3.675033055
TEA,FP.CPI.TOTL.ZG,2010,3.611962344
TEA,FP.CPI.TOTL.ZG,2011,5.159004977
TEA,FP.CPI.TOTL.ZG,2012,3.026963911
TEA,FP.CPI.TOTL.ZG,2013,2.927583516
TEA,FP.CPI.TOTL.ZG,2014,3.370406974
TEA,FP.CPI.TOTL.ZG,2015,1.086486299
TEA,FP.CPI.TOTL.ZG,2016,1.757111589
TEA,FP.CPI.TOTL.ZG,2017,2.88291165
TEA,FP.CPI.TOTL.ZG,2018,2.917409785
TEA,FP.CPI.TOTL.ZG,2019,1.933213358
TEA,FP.CPI.TOTL.ZG,2020,2.393162393
TEA,FP.CPI.TOTL.ZG,2021,2.612481858
TEA,FP.CPI.TOTL.ZG,2022,5.821158112
TEA,FP.CPI.TOTL.ZG,2023,5.931942063
TEA,FP.CPI.TOTL.ZG,2024,2.206620233
TEA,FP.CPI.TOTL.ZG,2025,1.913334433
EMU,FP.CPI.TOTL.ZG,1960,1.741180847
EMU,FP.CPI.TOTL.ZG,1961,1.870849614
EMU,FP.CPI.TOTL.ZG,1962,2.752667189
EMU,FP.CPI.TOTL.ZG,1963,2.921641119
EMU,FP.CPI.TOTL.ZG,1964,3.656731016
EMU,FP.CPI.TOTL.ZG,1965,3.666477086
EMU,FP.CPI.TOTL.ZG,1966,3.432370064
EMU,FP.CPI.TOTL.ZG,1967,2.987546067
EMU,FP.CPI.TOTL.ZG,1968,3.242828122
EMU,FP.CPI.TOTL.ZG,1969,2.648085711
EMU,FP.CPI.TOTL.ZG,1970,4.1406484
EMU,FP.CPI.TOTL.ZG,1971,5.016319433
EMU,FP.CPI.TOTL.ZG,1972,5.906253517
EMU,FP.CPI.TOTL.ZG,1973,7.915543045
EMU,FP.CPI.TOTL.ZG,1974,14.66484544
EMU,FP.CPI.TOTL.ZG,1975,12.22706292
EMU,FP.CPI.TOTL.ZG,1976,9.711421109
EMU,FP.CPI.TOTL.ZG,1977,9.767464736
EMU,FP.CPI.TOTL.ZG,1978,7.573697723
EMU,FP.CPI.TOTL.ZG,1979,8.465334904
EMU,FP.CPI.TOTL.ZG,1980,13.54006971
EMU,FP.CPI.TOTL.ZG,1981,11.50975584
EMU,FP.CPI.TOTL.ZG,1982,9.584927647
EMU,FP.CPI.TOTL.ZG,1983,8.669271598
EMU,FP.CPI.TOTL.ZG,1984,7.067656383
EMU,FP.CPI.TOTL.ZG,1985,5.195621954
EMU,FP.CPI.TOTL.ZG,1986,2.7
EMU,FP.CPI.TOTL.ZG,1987,3.159410348
EMU,FP.CPI.TOTL.ZG,1988,2.700815275
EMU,FP.CPI.TOTL.ZG,1989,4.089053882
EMU,FP.CPI.TOTL.ZG,1990,4.502054629
EMU,FP.CPI.TOTL.ZG,1991,4.310212898
EMU,FP.CPI.TOTL.ZG,1992,5.597560624
EMU,FP.CPI.TOTL.ZG,1993,4.626734683
EMU,FP.CPI.TOTL.ZG,1994,4.698589311
EMU,FP.CPI.TOTL.ZG,1995,4.222816141
EMU,FP.CPI.TOTL.ZG,1996,3.068977325
EMU,FP.CPI.TOTL.ZG,1997,2.336862983
EMU,FP.CPI.TOTL.ZG,1998,2.385251354
EMU,FP.CPI.TOTL.ZG,1999,2.134768888
EMU,FP.CPI.TOTL.ZG,2000,3.042100807
EMU,FP.CPI.TOTL.ZG,2001,2.929492443
EMU,FP.CPI.TOTL.ZG,2002,2.465323192
EMU,FP.CPI.TOTL.ZG,2003,2.098472191
EMU,FP.CPI.TOTL.ZG,2004,2.225679164
EMU,FP.CPI.TOTL.ZG,2005,2.560161323
EMU,FP.CPI.TOTL.ZG,2006,2.773780065
EMU,FP.CPI.TOTL.ZG,2007,2.510665652
EMU,FP.CPI.TOTL.ZG,2008,4.152797081
EMU,FP.CPI.TOTL.ZG,2009,0.506308828
EMU,FP.CPI.TOTL.ZG,2010,1.525516021
EMU,FP.CPI.TOTL.ZG,2011,3.289449396
EMU,FP.CPI.TOTL.ZG,2012,2.59741386
EMU,FP.CPI.TOTL.ZG,2013,1.219993423
EMU,FP.CPI.TOTL.ZG,2014,0.199343827
EMU,FP.CPI.TOTL.ZG,2015,-0.104633261
EMU,FP.CPI.TOTL.ZG,2016,0.148684908
EMU,FP.CPI.TOTL.ZG,2017,1.381458714
EMU,FP.CPI.TOTL.ZG,2018,1.703497947
EMU,FP.CPI.TOTL.ZG,2019,1.445659769
EMU,FP.CPI.TOTL.ZG,2020,0.219064905
EMU,FP.CPI.TOTL.ZG,2021,2.526920091
EMU,FP.CPI.TOTL.ZG,2022,8.546869932
EMU,FP.CPI.TOTL.ZG,2023,5.946436677
EMU,FP.CPI.TOTL.ZG,2024,2.256498143
EMU,FP.CPI.TOTL.ZG,2025,2.467055438
ECS,FP.CPI.TOTL.ZG,1960,
ECS,FP.CPI.TOTL.ZG,1961,
ECS,FP.CPI.TOTL.ZG,1962,
ECS,FP.CPI.TOTL.ZG,1963,
ECS,FP.CPI.TOTL.ZG,1964,
ECS,FP.CPI.TOTL.ZG,1965,
ECS,FP.CPI.TOTL.ZG,1966,
ECS,FP.CPI.TOTL.ZG,1967,
ECS,FP.CPI.TOTL.ZG,1968,
ECS,FP.CPI.TOTL.ZG,1969,
ECS,FP.CPI.TOTL.ZG,1970,
ECS,FP.CPI.TOTL.ZG,1971,
ECS,FP.CPI.TOTL.ZG,1972,
ECS,FP.CPI.TOTL.ZG,1973,
ECS,FP.CPI.TOTL.ZG,1974,
ECS,FP.CPI.TOTL.ZG,1975,
ECS,FP.CPI.TOTL.ZG,1976,
ECS,FP.CPI.TOTL.ZG,1977,
ECS,FP.CPI.TOTL.ZG,1978,
ECS,FP.CPI.TOTL.ZG,1979,
ECS,FP.CPI.TOTL.ZG,1980,
ECS,FP.CPI.TOTL.ZG,1981,
ECS,FP.CPI.TOTL.ZG,1982,
ECS,FP.CPI.TOTL.ZG,1983,
ECS,FP.CPI.TOTL.ZG,1984,
ECS,FP.CPI.TOTL.ZG,1985,
ECS,FP.CPI.TOTL.ZG,1986,
ECS,FP.CPI.TOTL.ZG,1987,
ECS,FP.CPI.TOTL.ZG,1988,
ECS,FP.CPI.TOTL.ZG,1989,
ECS,FP.CPI.TOTL.ZG,1990,
ECS,FP.CPI.TOTL.ZG,1991,
ECS,FP.CPI.TOTL.ZG,1992,5.924531262
ECS,FP.CPI.TOTL.ZG,1993,14.41126444
ECS,FP.CPI.TOTL.ZG,1994,12.14479801
ECS,FP.CPI.TOTL.ZG,1995,8.962518887
ECS,FP.CPI.TOTL.ZG,1996,8.194552176
ECS,FP.CPI.TOTL.ZG,1997,5.536002668
ECS,FP.CPI.TOTL.ZG,1998,4.644214227
ECS,FP.CPI.TOTL.ZG,1999,2.364818361
ECS,FP.CPI.TOTL.ZG,2000,3.775388292
ECS,FP.CPI.TOTL.ZG,2001,4.262872289
ECS,FP.CPI.TOTL.ZG,2002,2.786159886
ECS,FP.CPI.TOTL.ZG,2003,2.348641696
ECS,FP.CPI.TOTL.ZG,2004,2.829477962
ECS,FP.CPI.TOTL.ZG,2005,2.609323082
ECS,FP.CPI.TOTL.ZG,2006,3.192886378
ECS,FP.CPI.TOTL.ZG,2007,2.915982619
ECS,FP.CPI.TOTL.ZG,2008,6.059740463
ECS,FP.CPI.TOTL.ZG,2009,1.5360765
ECS,FP.CPI.TOTL.ZG,2010,2.424473618
ECS,FP.CPI.TOTL.ZG,2011,3.856112447
ECS,FP.CPI.TOTL.ZG,2012,2.773338541
ECS,FP.CPI.TOTL.ZG,2013,1.734039635
ECS,FP.CPI.TOTL.ZG,2014,0.620490637
ECS,FP.CPI.TOTL.ZG,2015,0.368046842
ECS,FP.CPI.TOTL.ZG,2016,0.388838297
ECS,FP.CPI.TOTL.ZG,2017,1.915588465
ECS,FP.CPI.TOTL.ZG,2018,2.013219723
ECS,FP.CPI.TOTL.ZG,2019,1.763735865
ECS,FP.CPI.TOTL.ZG,2020,1.199983969
ECS,FP.CPI.TOTL.ZG,2021,3.19017771
ECS,FP.CPI.TOTL.ZG,2022,11.11361219
ECS,FP.CPI.TOTL.ZG,2023,7.120422121
ECS,FP.CPI.TOTL.ZG,2024,2.757609094
ECS,FP.CPI.TOTL.ZG,2025,3.745773168
ECA,FP.CPI.TOTL.ZG,1960,
ECA,FP.CPI.TOTL.ZG,1961,
ECA,FP.CPI.TOTL.ZG,1962,
ECA,FP.CPI.TOTL.ZG,1963,
ECA,FP.CPI.TOTL.ZG,1964,
ECA,FP.CPI.TOTL.ZG,1965,
ECA,FP.CPI.TOTL.ZG,1966,
ECA,FP.CPI.TOTL.ZG,1967,
ECA,FP.CPI.TOTL.ZG,1968,
ECA,FP.CPI.TOTL.ZG,1969,
ECA,FP.CPI.TOTL.ZG,1970,
ECA,FP.CPI.TOTL.ZG,1971,
ECA,FP.CPI.TOTL.ZG,1972,
ECA,FP.CPI.TOTL.ZG,1973,
ECA,FP.CPI.TOTL.ZG,1974,
ECA,FP.CPI.TOTL.ZG,1975,
ECA,FP.CPI.TOTL.ZG,1976,
ECA,FP.CPI.TOTL.ZG,1977,
ECA,FP.CPI.TOTL.ZG,1978,
ECA,FP.CPI.TOTL.ZG,1979,
ECA,FP.CPI.TOTL.ZG,1980,
ECA,FP.CPI.TOTL.ZG,1981,
ECA,FP.CPI.TOTL.ZG,1982,
ECA,FP.CPI.TOTL.ZG,1983,
ECA,FP.CPI.TOTL.ZG,1984,
ECA,FP.CPI.TOTL.ZG,1985,
ECA,FP.CPI.TOTL.ZG,1986,
ECA,FP.CPI.TOTL.ZG,1987,
ECA,FP.CPI.TOTL.ZG,1988,
ECA,FP.CPI.TOTL.ZG,1989,
ECA,FP.CPI.TOTL.ZG,1990,
ECA,FP.CPI.TOTL.ZG,1991,
ECA,FP.CPI.TOTL.ZG,1992,
ECA,FP.CPI.TOTL.ZG,1993,
ECA,FP.CPI.TOTL.ZG,1994,891.1877481
ECA,FP.CPI.TOTL.ZG,1995,162.7171522
ECA,FP.CPI.TOTL.ZG,1996,35.56494004
ECA,FP.CPI.TOTL.ZG,1997,16.67432024
ECA,FP.CPI.TOTL.ZG,1998,9.564934454
ECA,FP.CPI.TOTL.ZG,1999,20.93817381
ECA,FP.CPI.TOTL.ZG,2000,15.94081244
ECA,FP.CPI.TOTL.ZG,2001,8.354137772
ECA,FP.CPI.TOTL.ZG,2002,5.5878373
ECA,FP.CPI.TOTL.ZG,2003,4.950615593
ECA,FP.CPI.TOTL.ZG,2004,6.921657874
ECA,FP.CPI.TOTL.ZG,2005,7.87957983
ECA,FP.CPI.TOTL.ZG,2006,7.663026932
ECA,FP.CPI.TOTL.ZG,2007,8.591466822
ECA,FP.CPI.TOTL.ZG,2008,11.42755758
ECA,FP.CPI.TOTL.ZG,2009,3.436745279
ECA,FP.CPI.TOTL.ZG,2010,6.777746691
ECA,FP.CPI.TOTL.ZG,2011,7.858333333
ECA,FP.CPI.TOTL.ZG,2012,3.316055667
ECA,FP.CPI.TOTL.ZG,2013,4.597878974
ECA,FP.CPI.TOTL.ZG,2014,3.068812104
ECA,FP.CPI.TOTL.ZG,2015,4.027685737
ECA,FP.CPI.TOTL.ZG,2016,2.134927139
ECA,FP.CPI.TOTL.ZG,2017,4.603573558
ECA,FP.CPI.TOTL.ZG,2018,2.565728801
ECA,FP.CPI.TOTL.ZG,2019,2.643281927
ECA,FP.CPI.TOTL.ZG,2020,2.746150782
ECA,FP.CPI.TOTL.ZG,2021,6.917567711
ECA,FP.CPI.TOTL.ZG,2022,13.88758417
ECA,FP.CPI.TOTL.ZG,2023,9.073651498
ECA,FP.CPI.TOTL.ZG,2024,4.670529749
ECA,FP.CPI.TOTL.ZG,2025,5.622087881
TEC,FP.CPI.TOTL.ZG,1960,
TEC,FP.CPI.TOTL.ZG,1961,
TEC,FP.CPI.TOTL.ZG,1962,
TEC,FP.CPI.TOTL.ZG,1963,
TEC,FP.CPI.TOTL.ZG,1964,
TEC,FP.CPI.TOTL.ZG,1965,
TEC,FP.CPI.TOTL.ZG,1966,
TEC,FP.CPI.TOTL.ZG,1967,
TEC,FP.CPI.TOTL.ZG,1968,
TEC,FP.CPI.TOTL.ZG,1969,
TEC,FP.CPI.TOTL.ZG,1970,
TEC,FP.CPI.TOTL.ZG,1971,
TEC,FP.CPI.TOTL.ZG,1972,
TEC,FP.CPI.TOTL.ZG,1973,
TEC,FP.CPI.TOTL.ZG,1974,
TEC,FP.CPI.TOTL.ZG,1975,
TEC,FP.CPI.TOTL.ZG,1976,
TEC,FP.CPI.TOTL.ZG,1977,
TEC,FP.CPI.TOTL.ZG,1978,
TEC,FP.CPI.TOTL.ZG,1979,
TEC,FP.CPI.TOTL.ZG,1980,
TEC,FP.CPI.TOTL.ZG,1981,
TEC,FP.CPI.TOTL.ZG,1982,
TEC,FP.CPI.TOTL.ZG,1983,
TEC,FP.CPI.TOTL.ZG,1984,
TEC,FP.CPI.TOTL.ZG,1985,
TEC,FP.CPI.TOTL.ZG,1986,
TEC,FP.CPI.TOTL.ZG,1987,
TEC,FP.CPI.TOTL.ZG,1988,
TEC,FP.CPI.TOTL.ZG,1989,
TEC,FP.CPI.TOTL.ZG,1990,
TEC,FP.CPI.TOTL.ZG,1991,
TEC,FP.CPI.TOTL.ZG,1992,
TEC,FP.CPI.TOTL.ZG,1993,
TEC,FP.CPI.TOTL.ZG,1994,222.2410142
TEC,FP.CPI.TOTL.ZG,1995,85.88691621
TEC,FP.CPI.TOTL.ZG,1996,38.82930134
TEC,FP.CPI.TOTL.ZG,1997,15.94059941
TEC,FP.CPI.TOTL.ZG,1998,10.57716115
TEC,FP.CPI.TOTL.ZG,1999,19.19267582
TEC,FP.CPI.TOTL.ZG,2000,13.18089059
TEC,FP.CPI.TOTL.ZG,2001,7.857538522
TEC,FP.CPI.TOTL.ZG,2002,5.698990479
TEC,FP.CPI.TOTL.ZG,2003,4.721553366
TEC,FP.CPI.TOTL.ZG,2004,6.88205439
TEC,FP.CPI.TOTL.ZG,2005,7.579999291
TEC,FP.CPI.TOTL.ZG,2006,6.997129035
TEC,FP.CPI.TOTL.ZG,2007,8.40253419
TEC,FP.CPI.TOTL.ZG,2008,10.44412838
TEC,FP.CPI.TOTL.ZG,2009,3.466723732
TEC,FP.CPI.TOTL.ZG,2010,6.142553602
TEC,FP.CPI.TOTL.ZG,2011,7.668629556
TEC,FP.CPI.TOTL.ZG,2012,3.373498084
TEC,FP.CPI.TOTL.ZG,2013,3.384856461
TEC,FP.CPI.TOTL.ZG,2014,2.531878314
TEC,FP.CPI.TOTL.ZG,2015,3.8676347
TEC,FP.CPI.TOTL.ZG,2016,1.198872829
TEC,FP.CPI.TOTL.ZG,2017,3.131062486
TEC,FP.CPI.TOTL.ZG,2018,2.611223783
TEC,FP.CPI.TOTL.ZG,2019,2.675992026
TEC,FP.CPI.TOTL.ZG,2020,2.732492094
TEC,FP.CPI.TOTL.ZG,2021,5.10641129
TEC,FP.CPI.TOTL.ZG,2022,13.85225901
TEC,FP.CPI.TOTL.ZG,2023,9.361872498
TEC,FP.CPI.TOTL.ZG,2024,4.230569363
TEC,FP.CPI.TOTL.ZG,2025,5.101465717
EUU,FP.CPI.TOTL.ZG,1960,1.741180847
EUU,FP.CPI.TOTL.ZG,1961,2.077138331
EUU,FP.CPI.TOTL.ZG,1962,3.55349866
EUU,FP.CPI.TOTL.ZG,1963,2.921641119
EUU,FP.CPI.TOTL.ZG,1964,3.416280397
EUU,FP.CPI.TOTL.ZG,1965,3.986613884
EUU,FP.CPI.TOTL.ZG,1966,3.703357187
EUU,FP.CPI.TOTL.ZG,1967,3.319317546
EUU,FP.CPI.TOTL.ZG,1968,3.242828122
EUU,FP.CPI.TOTL.ZG,1969,2.67462366
EUU,FP.CPI.TOTL.ZG,1970,4.50608893
EUU,FP.CPI.TOTL.ZG,1971,5.240974483
EUU,FP.CPI.TOTL.ZG,1972,6.007389699
EUU,FP.CPI.TOTL.ZG,1973,7.749086129
EUU,FP.CPI.TOTL.ZG,1974,13.16360261
EUU,FP.CPI.TOTL.ZG,1975,10.46757583
EUU,FP.CPI.TOTL.ZG,1976,9.347052796
EUU,FP.CPI.TOTL.ZG,1977,9.767464736
EUU,FP.CPI.TOTL.ZG,1978,7.755231446
EUU,FP.CPI.TOTL.ZG,1979,8.22168693
EUU,FP.CPI.TOTL.ZG,1980,12.91144233
EUU,FP.CPI.TOTL.ZG,1981,11.76738743
EUU,FP.CPI.TOTL.ZG,1982,9.584927647
EUU,FP.CPI.TOTL.ZG,1983,8.669271598
EUU,FP.CPI.TOTL.ZG,1984,7.673802622
EUU,FP.CPI.TOTL.ZG,1985,5.395486202
EUU,FP.CPI.TOTL.ZG,1986,3.678184119
EUU,FP.CPI.TOTL.ZG,1987,4.019993457
EUU,FP.CPI.TOTL.ZG,1988,4.53513301
EUU,FP.CPI.TOTL.ZG,1989,6.25983138
EUU,FP.CPI.TOTL.ZG,1990,6.149565312
EUU,FP.CPI.TOTL.ZG,1991,5.484743916
EUU,FP.CPI.TOTL.ZG,1992,6.217375396
EUU,FP.CPI.TOTL.ZG,1993,4.854166667
EUU,FP.CPI.TOTL.ZG,1994,4.71841374
EUU,FP.CPI.TOTL.ZG,1995,4.426645503
EUU,FP.CPI.TOTL.ZG,1996,3.558845593
EUU,FP.CPI.TOTL.ZG,1997,3.11207792
EUU,FP.CPI.TOTL.ZG,1998,2.407680945
EUU,FP.CPI.TOTL.ZG,1999,2.157179181
EUU,FP.CPI.TOTL.ZG,2000,3.15076707
EUU,FP.CPI.TOTL.ZG,2001,3.373968322
EUU,FP.CPI.TOTL.ZG,2002,2.424436612
EUU,FP.CPI.TOTL.ZG,2003,2.09199839
EUU,FP.CPI.TOTL.ZG,2004,2.286217068
EUU,FP.CPI.TOTL.ZG,2005,2.487696652
EUU,FP.CPI.TOTL.ZG,2006,2.666314946
EUU,FP.CPI.TOTL.ZG,2007,2.510665652
EUU,FP.CPI.TOTL.ZG,2008,4.164971935
EUU,FP.CPI.TOTL.ZG,2009,0.839262247
EUU,FP.CPI.TOTL.ZG,2010,1.531122704
EUU,FP.CPI.TOTL.ZG,2011,3.289449396
EUU,FP.CPI.TOTL.ZG,2012,2.662841655
EUU,FP.CPI.TOTL.ZG,2013,1.219993423
EUU,FP.CPI.TOTL.ZG,2014,0.199343827
EUU,FP.CPI.TOTL.ZG,2015,-0.06164468
EUU,FP.CPI.TOTL.ZG,2016,0.183334861
EUU,FP.CPI.TOTL.ZG,2017,1.429107433
EUU,FP.CPI.TOTL.ZG,2018,1.73860862
EUU,FP.CPI.TOTL.ZG,2019,1.630522608
EUU,FP.CPI.TOTL.ZG,2020,0.476498853
EUU,FP.CPI.TOTL.ZG,2021,2.554506996
EUU,FP.CPI.TOTL.ZG,2022,8.833698867
EUU,FP.CPI.TOTL.ZG,2023,6.299424874
EUU,FP.CPI.TOTL.ZG,2024,2.435312024
EUU,FP.CPI.TOTL.ZG,2025,2.467055438
HPC,FP.CPI.TOTL.ZG,1960,
HPC,FP.CPI.TOTL.ZG,1961,
HPC,FP.CPI.TOTL.ZG,1962,
HPC,FP.CPI.TOTL.ZG,1963,
HPC,FP.CPI.TOTL.ZG,1964,
HPC,FP.CPI.TOTL.ZG,1965,
HPC,FP.CPI.TOTL.ZG,1966,
HPC,FP.CPI.TOTL.ZG,1967,
HPC,FP.CPI.TOTL.ZG,1968,
HPC,FP.CPI.TOTL.ZG,1969,
HPC,FP.CPI.TOTL.ZG,1970,
HPC,FP.CPI.TOTL.ZG,1971,
HPC,FP.CPI.TOTL.ZG,1972,
HPC,FP.CPI.TOTL.ZG,1973,
HPC,FP.CPI.TOTL.ZG,1974,
HPC,FP.CPI.TOTL.ZG,1975,
HPC,FP.CPI.TOTL.ZG,1976,
HPC,FP.CPI.TOTL.ZG,1977,
HPC,FP.CPI.TOTL.ZG,1978,
HPC,FP.CPI.TOTL.ZG,1979,
HPC,FP.CPI.TOTL.ZG,1980,
HPC,FP.CPI.TOTL.ZG,1981,11.33651544
HPC,FP.CPI.TOTL.ZG,1982,12.31245087
HPC,FP.CPI.TOTL.ZG,1983,11.12664412
HPC,FP.CPI.TOTL.ZG,1984,11.37332209
HPC,FP.CPI.TOTL.ZG,1985,10.42384023
HPC,FP.CPI.TOTL.ZG,1986,6.809055939
HPC,FP.CPI.TOTL.ZG,1987,7.028271952
HPC,FP.CPI.TOTL.ZG,1988,6.930686172
HPC,FP.CPI.TOTL.ZG,1989,8.046158635
HPC,FP.CPI.TOTL.ZG,1990,6.801197608
HPC,FP.CPI.TOTL.ZG,1991,8.819640997
HPC,FP.CPI.TOTL.ZG,1992,9.523477191
HPC,FP.CPI.TOTL.ZG,1993,8.527876957
HPC,FP.CPI.TOTL.ZG,1994,32.29366686
HPC,FP.CPI.TOTL.ZG,1995,14.37880865
HPC,FP.CPI.TOTL.ZG,1996,7.411371735
HPC,FP.CPI.TOTL.ZG,1997,5.572257111
HPC,FP.CPI.TOTL.ZG,1998,5.753314584
HPC,FP.CPI.TOTL.ZG,1999,3.598898164
HPC,FP.CPI.TOTL.ZG,2000,4.165404423
HPC,FP.CPI.TOTL.ZG,2001,4.60374622
HPC,FP.CPI.TOTL.ZG,2002,3.895705258
HPC,FP.CPI.TOTL.ZG,2003,5.302387732
HPC,FP.CPI.TOTL.ZG,2004,4.474992891
HPC,FP.CPI.TOTL.ZG,2005,8.169546049
HPC,FP.CPI.TOTL.ZG,2006,6.739930604
HPC,FP.CPI.TOTL.ZG,2007,7.254108413
HPC,FP.CPI.TOTL.ZG,2008,10.6597979
HPC,FP.CPI.TOTL.ZG,2009,4.362348293
HPC,FP.CPI.TOTL.ZG,2010,4.69889065
HPC,FP.CPI.TOTL.ZG,2011,6.429396811
HPC,FP.CPI.TOTL.ZG,2012,6.314744503
HPC,FP.CPI.TOTL.ZG,2013,5.161898986
HPC,FP.CPI.TOTL.ZG,2014,4.405352342
HPC,FP.CPI.TOTL.ZG,2015,3.550759674
HPC,FP.CPI.TOTL.ZG,2016,4.383891955
HPC,FP.CPI.TOTL.ZG,2017,4.578337412
HPC,FP.CPI.TOTL.ZG,2018,3.01748181
HPC,FP.CPI.TOTL.ZG,2019,2.835145557
HPC,FP.CPI.TOTL.ZG,2020,3.476173727
HPC,FP.CPI.TOTL.ZG,2021,4.370121905
HPC,FP.CPI.TOTL.ZG,2022,9.659147538
HPC,FP.CPI.TOTL.ZG,2023,7.126974821
HPC,FP.CPI.TOTL.ZG,2024,4.606210981
HPC,FP.CPI.TOTL.ZG,2025,3.403734583
HIC,FP.CPI.TOTL.ZG,1960,
HIC,FP.CPI.TOTL.ZG,1961,
HIC,FP.CPI.TOTL.ZG,1962,
HIC,FP.CPI.TOTL.ZG,1963,
HIC,FP.CPI.TOTL.ZG,1964,
HIC,FP.CPI.TOTL.ZG,1965,
HIC,FP.CPI.TOTL.ZG,1966,
HIC,FP.CPI.TOTL.ZG,1967,
HIC,FP.CPI.TOTL.ZG,1968,
HIC,FP.CPI.TOTL.ZG,1969,
HIC,FP.CPI.TOTL.ZG,1970,
HIC,FP.CPI.TOTL.ZG,1971,
HIC,FP.CPI.TOTL.ZG,1972,
HIC,FP.CPI.TOTL.ZG,1973,
HIC,FP.CPI.TOTL.ZG,1974,
HIC,FP.CPI.TOTL.ZG,1975,
HIC,FP.CPI.TOTL.ZG,1976,
HIC,FP.CPI.TOTL.ZG,1977,
HIC,FP.CPI.TOTL.ZG,1978,
HIC,FP.CPI.TOTL.ZG,1979,
HIC,FP.CPI.TOTL.ZG,1980,
HIC,FP.CPI.TOTL.ZG,1981,11.50975584
HIC,FP.CPI.TOTL.ZG,1982,9.121382039
HIC,FP.CPI.TOTL.ZG,1983,7.094062272
HIC,FP.CPI.TOTL.ZG,1984,6.081602295
HIC,FP.CPI.TOTL.ZG,1985,4.678751452
HIC,FP.CPI.TOTL.ZG,1986,2.933579204
HIC,FP.CPI.TOTL.ZG,1987,3.664563218
HIC,FP.CPI.TOTL.ZG,1988,4.402411828
HIC,FP.CPI.TOTL.ZG,1989,5.278811592
HIC,FP.CPI.TOTL.ZG,1990,5.620323422
HIC,FP.CPI.TOTL.ZG,1991,5.555555556
HIC,FP.CPI.TOTL.ZG,1992,4.037030208
HIC,FP.CPI.TOTL.ZG,1993,4.25170068
HIC,FP.CPI.TOTL.ZG,1994,2.953409368
HIC,FP.CPI.TOTL.ZG,1995,3.852524043
HIC,FP.CPI.TOTL.ZG,1996,2.955064532
HIC,FP.CPI.TOTL.ZG,1997,2.499237349
HIC,FP.CPI.TOTL.ZG,1998,2.093421825
HIC,FP.CPI.TOTL.ZG,1999,2.135448444
HIC,FP.CPI.TOTL.ZG,2000,2.719439957
HIC,FP.CPI.TOTL.ZG,2001,2.627413142
HIC,FP.CPI.TOTL.ZG,2002,2.116284136
HIC,FP.CPI.TOTL.ZG,2003,2.065370752
HIC,FP.CPI.TOTL.ZG,2004,2.206736614
HIC,FP.CPI.TOTL.ZG,2005,2.658484841
HIC,FP.CPI.TOTL.ZG,2006,2.720047505
HIC,FP.CPI.TOTL.ZG,2007,2.852898427
HIC,FP.CPI.TOTL.ZG,2008,4.669008419
HIC,FP.CPI.TOTL.ZG,2009,1.615104641
HIC,FP.CPI.TOTL.ZG,2010,2.133719961
HIC,FP.CPI.TOTL.ZG,2011,3.413745477
HIC,FP.CPI.TOTL.ZG,2012,2.710119177
HIC,FP.CPI.TOTL.ZG,2013,1.504723303
HIC,FP.CPI.TOTL.ZG,2014,1.041196212
HIC,FP.CPI.TOTL.ZG,2015,0.330027165
HIC,FP.CPI.TOTL.ZG,2016,0.394769307
HIC,FP.CPI.TOTL.ZG,2017,1.589094136
HIC,FP.CPI.TOTL.ZG,2018,1.881107556
HIC,FP.CPI.TOTL.ZG,2019,1.615201415
HIC,FP.CPI.TOTL.ZG,2020,0.598986331
HIC,FP.CPI.TOTL.ZG,2021,2.518371096
HIC,FP.CPI.TOTL.ZG,2022,7.531078346
HIC,FP.CPI.TOTL.ZG,2023,4.731513026
HIC,FP.CPI.TOTL.ZG,2024,2.381583833
HIC,FP.CPI.TOTL.ZG,2025,2.348987785
IBD,FP.CPI.TOTL.ZG,1960,
IBD,FP.CPI.TOTL.ZG,1961,
IBD,FP.CPI.TOTL.ZG,1962,
IBD,FP.CPI.TOTL.ZG,1963,
IBD,FP.CPI.TOTL.ZG,1964,
IBD,FP.CPI.TOTL.ZG,1965,
IBD,FP.CPI.TOTL.ZG,1966,
IBD,FP.CPI.TOTL.ZG,1967,
IBD,FP.CPI.TOTL.ZG,1968,
IBD,FP.CPI.TOTL.ZG,1969,
IBD,FP.CPI.TOTL.ZG,1970,
IBD,FP.CPI.TOTL.ZG,1971,4.009306483
IBD,FP.CPI.TOTL.ZG,1972,6.41195887
IBD,FP.CPI.TOTL.ZG,1973,13.1238462
IBD,FP.CPI.TOTL.ZG,1974,22.36452945
IBD,FP.CPI.TOTL.ZG,1975,13.42592485
IBD,FP.CPI.TOTL.ZG,1976,10.31741589
IBD,FP.CPI.TOTL.ZG,1977,11.82027754
IBD,FP.CPI.TOTL.ZG,1978,10.35567228
IBD,FP.CPI.TOTL.ZG,1979,12.82500238
IBD,FP.CPI.TOTL.ZG,1980,17.47030428
IBD,FP.CPI.TOTL.ZG,1981,14.18992764
IBD,FP.CPI.TOTL.ZG,1982,10.83250686
IBD,FP.CPI.TOTL.ZG,1983,11.83390975
IBD,FP.CPI.TOTL.ZG,1984,12.44756933
IBD,FP.CPI.TOTL.ZG,1985,11.52126074
IBD,FP.CPI.TOTL.ZG,1986,11.83506189
IBD,FP.CPI.TOTL.ZG,1987,9.801933874
IBD,FP.CPI.TOTL.ZG,1988,10.83270377
IBD,FP.CPI.TOTL.ZG,1989,14.32953903
IBD,FP.CPI.TOTL.ZG,1990,16.19213756
IBD,FP.CPI.TOTL.ZG,1991,19.50500167
IBD,FP.CPI.TOTL.ZG,1992,13.63742417
IBD,FP.CPI.TOTL.ZG,1993,14.33080334
IBD,FP.CPI.TOTL.ZG,1994,22.70564722
IBD,FP.CPI.TOTL.ZG,1995,14.58382243
IBD,FP.CPI.TOTL.ZG,1996,10.08285807
IBD,FP.CPI.TOTL.ZG,1997,7.71053879
IBD,FP.CPI.TOTL.ZG,1998,7.266198044
IBD,FP.CPI.TOTL.ZG,1999,5.019968275
IBD,FP.CPI.TOTL.ZG,2000,4.687570137
IBD,FP.CPI.TOTL.ZG,2001,5.398839859
IBD,FP.CPI.TOTL.ZG,2002,4.150058617
IBD,FP.CPI.TOTL.ZG,2003,4.095003767
IBD,FP.CPI.TOTL.ZG,2004,4.699389725
IBD,FP.CPI.TOTL.ZG,2005,4.903283509
IBD,FP.CPI.TOTL.ZG,2006,5.640877722
IBD,FP.CPI.TOTL.ZG,2007,5.432492566
IBD,FP.CPI.TOTL.ZG,2008,9.413463122
IBD,FP.CPI.TOTL.ZG,2009,3.730147866
IBD,FP.CPI.TOTL.ZG,2010,4.112111393
IBD,FP.CPI.TOTL.ZG,2011,5.553898923
IBD,FP.CPI.TOTL.ZG,2012,4.279514269
IBD,FP.CPI.TOTL.ZG,2013,3.895551526
IBD,FP.CPI.TOTL.ZG,2014,3.503790931
IBD,FP.CPI.TOTL.ZG,2015,3.09551722
IBD,FP.CPI.TOTL.ZG,2016,2.120817134
IBD,FP.CPI.TOTL.ZG,2017,3.323894476
IBD,FP.CPI.TOTL.ZG,2018,3.207200695
IBD,FP.CPI.TOTL.ZG,2019,2.511056159
IBD,FP.CPI.TOTL.ZG,2020,2.415130941
IBD,FP.CPI.TOTL.ZG,2021,4.271663815
IBD,FP.CPI.TOTL.ZG,2022,9.104379831
IBD,FP.CPI.TOTL.ZG,2023,5.874519116
IBD,FP.CPI.TOTL.ZG,2024,3.547131449
IBD,FP.CPI.TOTL.ZG,2025,3.682563698
IBT,FP.CPI.TOTL.ZG,1960,
IBT,FP.CPI.TOTL.ZG,1961,
IBT,FP.CPI.TOTL.ZG,1962,
IBT,FP.CPI.TOTL.ZG,1963,
IBT,FP.CPI.TOTL.ZG,1964,
IBT,FP.CPI.TOTL.ZG,1965,
IBT,FP.CPI.TOTL.ZG,1966,
IBT,FP.CPI.TOTL.ZG,1967,
IBT,FP.CPI.TOTL.ZG,1968,
IBT,FP.CPI.TOTL.ZG,1969,
IBT,FP.CPI.TOTL.ZG,1970,
IBT,FP.CPI.TOTL.ZG,1971,
IBT,FP.CPI.TOTL.ZG,1972,
IBT,FP.CPI.TOTL.ZG,1973,
IBT,FP.CPI.TOTL.ZG,1974,
IBT,FP.CPI.TOTL.ZG,1975,
IBT,FP.CPI.TOTL.ZG,1976,
IBT,FP.CPI.TOTL.ZG,1977,11.89304475
IBT,FP.CPI.TOTL.ZG,1978,9.533380856
IBT,FP.CPI.TOTL.ZG,1979,
IBT,FP.CPI.TOTL.ZG,1980,15.48791146
IBT,FP.CPI.TOTL.ZG,1981,13.028648
IBT,FP.CPI.TOTL.ZG,1982,10.81658525
IBT,FP.CPI.TOTL.ZG,1983,10.62075365
IBT,FP.CPI.TOTL.ZG,1984,10.28409821
IBT,FP.CPI.TOTL.ZG,1985,8.508374344
IBT,FP.CPI.TOTL.ZG,1986,8.729720727
IBT,FP.CPI.TOTL.ZG,1987,8.189074495
IBT,FP.CPI.TOTL.ZG,1988,8.9104702
IBT,FP.CPI.TOTL.ZG,1989,8.929941429
IBT,FP.CPI.TOTL.ZG,1990,10.85896578
IBT,FP.CPI.TOTL.ZG,1991,12.44524416
IBT,FP.CPI.TOTL.ZG,1992,10.05611674
IBT,FP.CPI.TOTL.ZG,1993,10.63324258
IBT,FP.CPI.TOTL.ZG,1994,20.56619484
IBT,FP.CPI.TOTL.ZG,1995,11.12870297
IBT,FP.CPI.TOTL.ZG,1996,8.827050618
IBT,FP.CPI.TOTL.ZG,1997,7.125327225
IBT,FP.CPI.TOTL.ZG,1998,6.810793238
IBT,FP.CPI.TOTL.ZG,1999,4.464354677
IBT,FP.CPI.TOTL.ZG,2000,4.18234634
IBT,FP.CPI.TOTL.ZG,2001,5.007432908
IBT,FP.CPI.TOTL.ZG,2002,3.895705258
IBT,FP.CPI.TOTL.ZG,2003,4.527338242
IBT,FP.CPI.TOTL.ZG,2004,4.463468407
IBT,FP.CPI.TOTL.ZG,2005,6.082187295
IBT,FP.CPI.TOTL.ZG,2006,6.125566156
IBT,FP.CPI.TOTL.ZG,2007,6.143566552
IBT,FP.CPI.TOTL.ZG,2008,10.27839376
IBT,FP.CPI.TOTL.ZG,2009,3.998954518
IBT,FP.CPI.TOTL.ZG,2010,4.156727227
IBT,FP.CPI.TOTL.ZG,2011,5.79301069
IBT,FP.CPI.TOTL.ZG,2012,5.006863194
IBT,FP.CPI.TOTL.ZG,2013,4.341154898
IBT,FP.CPI.TOTL.ZG,2014,3.525662038
IBT,FP.CPI.TOTL.ZG,2015,3.129002745
IBT,FP.CPI.TOTL.ZG,2016,2.814957914
IBT,FP.CPI.TOTL.ZG,2017,3.337875861
IBT,FP.CPI.TOTL.ZG,2018,3.086682842
IBT,FP.CPI.TOTL.ZG,2019,2.68068279
IBT,FP.CPI.TOTL.ZG,2020,2.89819376
IBT,FP.CPI.TOTL.ZG,2021,4.259364175
IBT,FP.CPI.TOTL.ZG,2022,9.089639115
IBT,FP.CPI.TOTL.ZG,2023,6.091141525
IBT,FP.CPI.TOTL.ZG,2024,3.627707369
IBT,FP.CPI.TOTL.ZG,2025,3.510745396
IDB,FP.CPI.TOTL.ZG,1960,
IDB,FP.CPI.TOTL.ZG,1961,
IDB,FP.CPI.TOTL.ZG,1962,
IDB,FP.CPI.TOTL.ZG,1963,
IDB,FP.CPI.TOTL.ZG,1964,
IDB,FP.CPI.TOTL.ZG,1965,
IDB,FP.CPI.TOTL.ZG,1966,
IDB,FP.CPI.TOTL.ZG,1967,
IDB,FP.CPI.TOTL.ZG,1968,
IDB,FP.CPI.TOTL.ZG,1969,
IDB,FP.CPI.TOTL.ZG,1970,5.603963359
IDB,FP.CPI.TOTL.ZG,1971,3.897117872
IDB,FP.CPI.TOTL.ZG,1972,5.183237645
IDB,FP.CPI.TOTL.ZG,1973,11.10298667
IDB,FP.CPI.TOTL.ZG,1974,17.80994803
IDB,FP.CPI.TOTL.ZG,1975,13.30910519
IDB,FP.CPI.TOTL.ZG,1976,10.48601715
IDB,FP.CPI.TOTL.ZG,1977,10.1869132
IDB,FP.CPI.TOTL.ZG,1978,8.823529412
IDB,FP.CPI.TOTL.ZG,1979,10.54988667
IDB,FP.CPI.TOTL.ZG,1980,14.30129043
IDB,FP.CPI.TOTL.ZG,1981,11.74148351
IDB,FP.CPI.TOTL.ZG,1982,7.25233262
IDB,FP.CPI.TOTL.ZG,1983,6.228690391
IDB,FP.CPI.TOTL.ZG,1984,5.659612787
IDB,FP.CPI.TOTL.ZG,1985,5.393258427
IDB,FP.CPI.TOTL.ZG,1986,3.832262565
IDB,FP.CPI.TOTL.ZG,1987,5.172496652
IDB,FP.CPI.TOTL.ZG,1988,4.759578075
IDB,FP.CPI.TOTL.ZG,1989,4.517802828
IDB,FP.CPI.TOTL.ZG,1990,7.158880952
IDB,FP.CPI.TOTL.ZG,1991,6.323448046
IDB,FP.CPI.TOTL.ZG,1992,4.596318643
IDB,FP.CPI.TOTL.ZG,1993,4.948889213
IDB,FP.CPI.TOTL.ZG,1994,8.069426033
IDB,FP.CPI.TOTL.ZG,1995,8.710607849
IDB,FP.CPI.TOTL.ZG,1996,5.185760378
IDB,FP.CPI.TOTL.ZG,1997,4.020833333
IDB,FP.CPI.TOTL.ZG,1998,4.611447595
IDB,FP.CPI.TOTL.ZG,1999,3.823217511
IDB,FP.CPI.TOTL.ZG,2000,2.799107418
IDB,FP.CPI.TOTL.ZG,2001,4.317099692
IDB,FP.CPI.TOTL.ZG,2002,2.955843726
IDB,FP.CPI.TOTL.ZG,2003,2.914134701
IDB,FP.CPI.TOTL.ZG,2004,2.827485194
IDB,FP.CPI.TOTL.ZG,2005,3.475806938
IDB,FP.CPI.TOTL.ZG,2006,4.25195322
IDB,FP.CPI.TOTL.ZG,2007,4.410997042
IDB,FP.CPI.TOTL.ZG,2008,8.033273277
IDB,FP.CPI.TOTL.ZG,2009,1.019504577
IDB,FP.CPI.TOTL.ZG,2010,3.343426576
IDB,FP.CPI.TOTL.ZG,2011,4.473883422
IDB,FP.CPI.TOTL.ZG,2012,4.177635871
IDB,FP.CPI.TOTL.ZG,2013,2.581170373
IDB,FP.CPI.TOTL.ZG,2014,1.201399645
IDB,FP.CPI.TOTL.ZG,2015,1.374885426
IDB,FP.CPI.TOTL.ZG,2016,1.650389944
IDB,FP.CPI.TOTL.ZG,2017,1.147653393
IDB,FP.CPI.TOTL.ZG,2018,2.480308432
IDB,FP.CPI.TOTL.ZG,2019,1.999979766
IDB,FP.CPI.TOTL.ZG,2020,2.103948821
IDB,FP.CPI.TOTL.ZG,2021,3.46677877
IDB,FP.CPI.TOTL.ZG,2022,6.641101324
IDB,FP.CPI.TOTL.ZG,2023,4.564577198
IDB,FP.CPI.TOTL.ZG,2024,3.450530281
IDB,FP.CPI.TOTL.ZG,2025,2.400695594
IDX,FP.CPI.TOTL.ZG,1960,
IDX,FP.CPI.TOTL.ZG,1961,
IDX,FP.CPI.TOTL.ZG,1962,
IDX,FP.CPI.TOTL.ZG,1963,
IDX,FP.CPI.TOTL.ZG,1964,
IDX,FP.CPI.TOTL.ZG,1965,
IDX,FP.CPI.TOTL.ZG,1966,
IDX,FP.CPI.TOTL.ZG,1967,
IDX,FP.CPI.TOTL.ZG,1968,
IDX,FP.CPI.TOTL.ZG,1969,
IDX,FP.CPI.TOTL.ZG,1970,
IDX,FP.CPI.TOTL.ZG,1971,
IDX,FP.CPI.TOTL.ZG,1972,
IDX,FP.CPI.TOTL.ZG,1973,
IDX,FP.CPI.TOTL.ZG,1974,
IDX,FP.CPI.TOTL.ZG,1975,
IDX,FP.CPI.TOTL.ZG,1976,
IDX,FP.CPI.TOTL.ZG,1977,
IDX,FP.CPI.TOTL.ZG,1978,
IDX,FP.CPI.TOTL.ZG,1979,
IDX,FP.CPI.TOTL.ZG,1980,
IDX,FP.CPI.TOTL.ZG,1981,
IDX,FP.CPI.TOTL.ZG,1982,
IDX,FP.CPI.TOTL.ZG,1983,
IDX,FP.CPI.TOTL.ZG,1984,
IDX,FP.CPI.TOTL.ZG,1985,
IDX,FP.CPI.TOTL.ZG,1986,9.523827588
IDX,FP.CPI.TOTL.ZG,1987,8.152342538
IDX,FP.CPI.TOTL.ZG,1988,9.924023398
IDX,FP.CPI.TOTL.ZG,1989,8.846886912
IDX,FP.CPI.TOTL.ZG,1990,10.01183832
IDX,FP.CPI.TOTL.ZG,1991,12.44524416
IDX,FP.CPI.TOTL.ZG,1992,10.33463079
IDX,FP.CPI.TOTL.ZG,1993,9.679346581
IDX,FP.CPI.TOTL.ZG,1994,21.72934688
IDX,FP.CPI.TOTL.ZG,1995,10.56328867
IDX,FP.CPI.TOTL.ZG,1996,8.790013819
IDX,FP.CPI.TOTL.ZG,1997,7.572834671
IDX,FP.CPI.TOTL.ZG,1998,6.210067095
IDX,FP.CPI.TOTL.ZG,1999,4.69170563
IDX,FP.CPI.TOTL.ZG,2000,4.088762617
IDX,FP.CPI.TOTL.ZG,2001,4.714896347
IDX,FP.CPI.TOTL.ZG,2002,4.605747578
IDX,FP.CPI.TOTL.ZG,2003,5.707009319
IDX,FP.CPI.TOTL.ZG,2004,4.668466224
IDX,FP.CPI.TOTL.ZG,2005,7.202883496
IDX,FP.CPI.TOTL.ZG,2006,6.730262914
IDX,FP.CPI.TOTL.ZG,2007,7.139811391
IDX,FP.CPI.TOTL.ZG,2008,11.48466696
IDX,FP.CPI.TOTL.ZG,2009,4.530176591
IDX,FP.CPI.TOTL.ZG,2010,4.827341901
IDX,FP.CPI.TOTL.ZG,2011,6.739524005
IDX,FP.CPI.TOTL.ZG,2012,6.051436621
IDX,FP.CPI.TOTL.ZG,2013,5.161898986
IDX,FP.CPI.TOTL.ZG,2014,4.405352342
IDX,FP.CPI.TOTL.ZG,2015,3.402743277
IDX,FP.CPI.TOTL.ZG,2016,3.741030821
IDX,FP.CPI.TOTL.ZG,2017,4.314211346
IDX,FP.CPI.TOTL.ZG,2018,3.01748181
IDX,FP.CPI.TOTL.ZG,2019,3.092610034
IDX,FP.CPI.TOTL.ZG,2020,3.941803269
IDX,FP.CPI.TOTL.ZG,2021,4.370121905
IDX,FP.CPI.TOTL.ZG,2022,9.573371186
IDX,FP.CPI.TOTL.ZG,2023,7.121423718
IDX,FP.CPI.TOTL.ZG,2024,4.256328349
IDX,FP.CPI.TOTL.ZG,2025,3.550719131
IDA,FP.CPI.TOTL.ZG,1960,
IDA,FP.CPI.TOTL.ZG,1961,
IDA,FP.CPI.TOTL.ZG,1962,
IDA,FP.CPI.TOTL.ZG,1963,
IDA,FP.CPI.TOTL.ZG,1964,
IDA,FP.CPI.TOTL.ZG,1965,
IDA,FP.CPI.TOTL.ZG,1966,
IDA,FP.CPI.TOTL.ZG,1967,
IDA,FP.CPI.TOTL.ZG,1968,
IDA,FP.CPI.TOTL.ZG,1969,
IDA,FP.CPI.TOTL.ZG,1970,
IDA,FP.CPI.TOTL.ZG,1971,
IDA,FP.CPI.TOTL.ZG,1972,
IDA,FP.CPI.TOTL.ZG,1973,
IDA,FP.CPI.TOTL.ZG,1974,
IDA,FP.CPI.TOTL.ZG,1975,
IDA,FP.CPI.TOTL.ZG,1976,
IDA,FP.CPI.TOTL.ZG,1977,
IDA,FP.CPI.TOTL.ZG,1978,
IDA,FP.CPI.TOTL.ZG,1979,
IDA,FP.CPI.TOTL.ZG,1980,
IDA,FP.CPI.TOTL.ZG,1981,12.02365397
IDA,FP.CPI.TOTL.ZG,1982,10.81658525
IDA,FP.CPI.TOTL.ZG,1983,8.804138369
IDA,FP.CPI.TOTL.ZG,1984,7.892516661
IDA,FP.CPI.TOTL.ZG,1985,7.170701324
IDA,FP.CPI.TOTL.ZG,1986,6.809055939
IDA,FP.CPI.TOTL.ZG,1987,7.021753039
IDA,FP.CPI.TOTL.ZG,1988,8.507868011
IDA,FP.CPI.TOTL.ZG,1989,7.546164773
IDA,FP.CPI.TOTL.ZG,1990,8.239700375
IDA,FP.CPI.TOTL.ZG,1991,9.275453707
IDA,FP.CPI.TOTL.ZG,1992,9.497791984
IDA,FP.CPI.TOTL.ZG,1993,7.505394191
IDA,FP.CPI.TOTL.ZG,1994,15.17634743
IDA,FP.CPI.TOTL.ZG,1995,10.02217336
IDA,FP.CPI.TOTL.ZG,1996,7.191646604
IDA,FP.CPI.TOTL.ZG,1997,6.683655368
IDA,FP.CPI.TOTL.ZG,1998,6.092262304
IDA,FP.CPI.TOTL.ZG,1999,4.142671373
IDA,FP.CPI.TOTL.ZG,2000,3.861065342
IDA,FP.CPI.TOTL.ZG,2001,4.419772459
IDA,FP.CPI.TOTL.ZG,2002,3.822939958
IDA,FP.CPI.TOTL.ZG,2003,5.302976974
IDA,FP.CPI.TOTL.ZG,2004,4.376239071
IDA,FP.CPI.TOTL.ZG,2005,6.836332659
IDA,FP.CPI.TOTL.ZG,2006,6.241033281
IDA,FP.CPI.TOTL.ZG,2007,6.557227726
IDA,FP.CPI.TOTL.ZG,2008,10.71566613
IDA,FP.CPI.TOTL.ZG,2009,4.32909396
IDA,FP.CPI.TOTL.ZG,2010,4.300553403
IDA,FP.CPI.TOTL.ZG,2011,6.332794838
IDA,FP.CPI.TOTL.ZG,2012,5.596070143
IDA,FP.CPI.TOTL.ZG,2013,4.885163876
IDA,FP.CPI.TOTL.ZG,2014,3.525662038
IDA,FP.CPI.TOTL.ZG,2015,3.15783118
IDA,FP.CPI.TOTL.ZG,2016,3.219886894
IDA,FP.CPI.TOTL.ZG,2017,3.850671663
IDA,FP.CPI.TOTL.ZG,2018,2.845783761
IDA,FP.CPI.TOTL.ZG,2019,2.744475284
IDA,FP.CPI.TOTL.ZG,2020,3.476173727
IDA,FP.CPI.TOTL.ZG,2021,4.172705822
IDA,FP.CPI.TOTL.ZG,2022,8.680721507
IDA,FP.CPI.TOTL.ZG,2023,7.102209286
IDA,FP.CPI.TOTL.ZG,2024,3.890842379
IDA,FP.CPI.TOTL.ZG,2025,3.364621893
LTE,FP.CPI.TOTL.ZG,1960,
LTE,FP.CPI.TOTL.ZG,1961,
LTE,FP.CPI.TOTL.ZG,1962,
LTE,FP.CPI.TOTL.ZG,1963,
LTE,FP.CPI.TOTL.ZG,1964,
LTE,FP.CPI.TOTL.ZG,1965,
LTE,FP.CPI.TOTL.ZG,1966,
LTE,FP.CPI.TOTL.ZG,1967,
LTE,FP.CPI.TOTL.ZG,1968,
LTE,FP.CPI.TOTL.ZG,1969,
LTE,FP.CPI.TOTL.ZG,1970,
LTE,FP.CPI.TOTL.ZG,1971,
LTE,FP.CPI.TOTL.ZG,1972,
LTE,FP.CPI.TOTL.ZG,1973,
LTE,FP.CPI.TOTL.ZG,1974,
LTE,FP.CPI.TOTL.ZG,1975,
LTE,FP.CPI.TOTL.ZG,1976,
LTE,FP.CPI.TOTL.ZG,1977,
LTE,FP.CPI.TOTL.ZG,1978,
LTE,FP.CPI.TOTL.ZG,1979,
LTE,FP.CPI.TOTL.ZG,1980,
LTE,FP.CPI.TOTL.ZG,1981,
LTE,FP.CPI.TOTL.ZG,1982,
LTE,FP.CPI.TOTL.ZG,1983,
LTE,FP.CPI.TOTL.ZG,1984,
LTE,FP.CPI.TOTL.ZG,1985,
LTE,FP.CPI.TOTL.ZG,1986,
LTE,FP.CPI.TOTL.ZG,1987,5.756464011
LTE,FP.CPI.TOTL.ZG,1988,7.196969697
LTE,FP.CPI.TOTL.ZG,1989,6.189354034
LTE,FP.CPI.TOTL.ZG,1990,7.606099577
LTE,FP.CPI.TOTL.ZG,1991,6.904896327
LTE,FP.CPI.TOTL.ZG,1992,5.824345146
LTE,FP.CPI.TOTL.ZG,1993,10.67653718
LTE,FP.CPI.TOTL.ZG,1994,11.44311964
LTE,FP.CPI.TOTL.ZG,1995,8.01292444
LTE,FP.CPI.TOTL.ZG,1996,7.226914895
LTE,FP.CPI.TOTL.ZG,1997,5.879831057
LTE,FP.CPI.TOTL.ZG,1998,5.44152554
LTE,FP.CPI.TOTL.ZG,1999,3.388007542
LTE,FP.CPI.TOTL.ZG,2000,4.10280983
LTE,FP.CPI.TOTL.ZG,2001,4.646044421
LTE,FP.CPI.TOTL.ZG,2002,2.801155052
LTE,FP.CPI.TOTL.ZG,2003,3.234648173
LTE,FP.CPI.TOTL.ZG,2004,3.857303914
LTE,FP.CPI.TOTL.ZG,2005,4.142975836
LTE,FP.CPI.TOTL.ZG,2006,4.36552203
LTE,FP.CPI.TOTL.ZG,2007,5.438758839
LTE,FP.CPI.TOTL.ZG,2008,8.955987052
LTE,FP.CPI.TOTL.ZG,2009,3.041668277
LTE,FP.CPI.TOTL.ZG,2010,3.297779613
LTE,FP.CPI.TOTL.ZG,2011,4.370735599
LTE,FP.CPI.TOTL.ZG,2012,3.316055667
LTE,FP.CPI.TOTL.ZG,2013,2.682296841
LTE,FP.CPI.TOTL.ZG,2014,2.044614815
LTE,FP.CPI.TOTL.ZG,2015,1.557907113
LTE,FP.CPI.TOTL.ZG,2016,1.109208058
LTE,FP.CPI.TOTL.ZG,2017,2.177275727
LTE,FP.CPI.TOTL.ZG,2018,2.474463471
LTE,FP.CPI.TOTL.ZG,2019,2.169934339
LTE,FP.CPI.TOTL.ZG,2020,1.936941267
LTE,FP.CPI.TOTL.ZG,2021,3.495057574
LTE,FP.CPI.TOTL.ZG,2022,9.104379831
LTE,FP.CPI.TOTL.ZG,2023,5.869103599
LTE,FP.CPI.TOTL.ZG,2024,2.903795014
LTE,FP.CPI.TOTL.ZG,2025,3.745773168
LCN,FP.CPI.TOTL.ZG,1960,
LCN,FP.CPI.TOTL.ZG,1961,
LCN,FP.CPI.TOTL.ZG,1962,
LCN,FP.CPI.TOTL.ZG,1963,
LCN,FP.CPI.TOTL.ZG,1964,
LCN,FP.CPI.TOTL.ZG,1965,
LCN,FP.CPI.TOTL.ZG,1966,
LCN,FP.CPI.TOTL.ZG,1967,3.016948475
LCN,FP.CPI.TOTL.ZG,1968,4.093891431
LCN,FP.CPI.TOTL.ZG,1969,2.629340837
LCN,FP.CPI.TOTL.ZG,1970,4.652297493
LCN,FP.CPI.TOTL.ZG,1971,4.784114382
LCN,FP.CPI.TOTL.ZG,1972,6.671177665
LCN,FP.CPI.TOTL.ZG,1973,13.61831735
LCN,FP.CPI.TOTL.ZG,1974,23.24404853
LCN,FP.CPI.TOTL.ZG,1975,16.77357032
LCN,FP.CPI.TOTL.ZG,1976,9.793653275
LCN,FP.CPI.TOTL.ZG,1977,10.68895742
LCN,FP.CPI.TOTL.ZG,1978,10.30612922
LCN,FP.CPI.TOTL.ZG,1979,14.72217037
LCN,FP.CPI.TOTL.ZG,1980,17.91992414
LCN,FP.CPI.TOTL.ZG,1981,14.04796867
LCN,FP.CPI.TOTL.ZG,1982,7.812741412
LCN,FP.CPI.TOTL.ZG,1983,10.24366335
LCN,FP.CPI.TOTL.ZG,1984,11.50716951
LCN,FP.CPI.TOTL.ZG,1985,12.96168631
LCN,FP.CPI.TOTL.ZG,1986,9.764369243
LCN,FP.CPI.TOTL.ZG,1987,11.53753613
LCN,FP.CPI.TOTL.ZG,1988,8.012628906
LCN,FP.CPI.TOTL.ZG,1989,11.40963201
LCN,FP.CPI.TOTL.ZG,1990,21.50798817
LCN,FP.CPI.TOTL.ZG,1991,21.61574112
LCN,FP.CPI.TOTL.ZG,1992,10.63019969
LCN,FP.CPI.TOTL.ZG,1993,10.26362375
LCN,FP.CPI.TOTL.ZG,1994,9.700250335
LCN,FP.CPI.TOTL.ZG,1995,10.19320676
LCN,FP.CPI.TOTL.ZG,1996,7.359117818
LCN,FP.CPI.TOTL.ZG,1997,6.949566085
LCN,FP.CPI.TOTL.ZG,1998,5.110249545
LCN,FP.CPI.TOTL.ZG,1999,3.454397936
LCN,FP.CPI.TOTL.ZG,2000,4.608229989
LCN,FP.CPI.TOTL.ZG,2001,4.055080613
LCN,FP.CPI.TOTL.ZG,2002,3.950116637
LCN,FP.CPI.TOTL.ZG,2003,3.733735662
LCN,FP.CPI.TOTL.ZG,2004,4.380322865
LCN,FP.CPI.TOTL.ZG,2005,4.440575657
LCN,FP.CPI.TOTL.ZG,2006,4.25195322
LCN,FP.CPI.TOTL.ZG,2007,4.578085724
LCN,FP.CPI.TOTL.ZG,2008,8.108108108
LCN,FP.CPI.TOTL.ZG,2009,2.500499888
LCN,FP.CPI.TOTL.ZG,2010,3.491288726
LCN,FP.CPI.TOTL.ZG,2011,4.87799831
LCN,FP.CPI.TOTL.ZG,2012,3.781807547
LCN,FP.CPI.TOTL.ZG,2013,2.528647885
LCN,FP.CPI.TOTL.ZG,2014,3.383412727
LCN,FP.CPI.TOTL.ZG,2015,1.861483029
LCN,FP.CPI.TOTL.ZG,2016,1.650389944
LCN,FP.CPI.TOTL.ZG,2017,2.19201011
LCN,FP.CPI.TOTL.ZG,2018,2.379517334
LCN,FP.CPI.TOTL.ZG,2019,2.182255891
LCN,FP.CPI.TOTL.ZG,2020,1.493890173
LCN,FP.CPI.TOTL.ZG,2021,3.878054424
LCN,FP.CPI.TOTL.ZG,2022,8.085525547
LCN,FP.CPI.TOTL.ZG,2023,4.632022854
LCN,FP.CPI.TOTL.ZG,2024,3.464970379
LCN,FP.CPI.TOTL.ZG,2025,2.307586266
LAC,FP.CPI.TOTL.ZG,1960,2.857142857
LAC,FP.CPI.TOTL.ZG,1961,3.779706383
LAC,FP.CPI.TOTL.ZG,1962,2.052550232
LAC,FP.CPI.TOTL.ZG,1963,2.097902098
LAC,FP.CPI.TOTL.ZG,1964,4.034204538
LAC,FP.CPI.TOTL.ZG,1965,2.860286029
LAC,FP.CPI.TOTL.ZG,1966,3.544491299
LAC,FP.CPI.TOTL.ZG,1967,3.016948475
LAC,FP.CPI.TOTL.ZG,1968,2.537680713
LAC,FP.CPI.TOTL.ZG,1969,2.2543815
LAC,FP.CPI.TOTL.ZG,1970,3.955509211
LAC,FP.CPI.TOTL.ZG,1971,4.953256936
LAC,FP.CPI.TOTL.ZG,1972,5.427702996
LAC,FP.CPI.TOTL.ZG,1973,12.94081333
LAC,FP.CPI.TOTL.ZG,1974,22.70408162
LAC,FP.CPI.TOTL.ZG,1975,14.72313019
LAC,FP.CPI.TOTL.ZG,1976,9.931595653
LAC,FP.CPI.TOTL.ZG,1977,11.19100164
LAC,FP.CPI.TOTL.ZG,1978,10.66024759
LAC,FP.CPI.TOTL.ZG,1979,15.22539324
LAC,FP.CPI.TOTL.ZG,1980,18.76963607
LAC,FP.CPI.TOTL.ZG,1981,13.26668749
LAC,FP.CPI.TOTL.ZG,1982,7.646243066
LAC,FP.CPI.TOTL.ZG,1983,10.24366335
LAC,FP.CPI.TOTL.ZG,1984,11.50716951
LAC,FP.CPI.TOTL.ZG,1985,22.32837506
LAC,FP.CPI.TOTL.ZG,1986,18.68796069
LAC,FP.CPI.TOTL.ZG,1987,13.55072378
LAC,FP.CPI.TOTL.ZG,1988,10.83270377
LAC,FP.CPI.TOTL.ZG,1989,14.32953903
LAC,FP.CPI.TOTL.ZG,1990,23.32256644
LAC,FP.CPI.TOTL.ZG,1991,24.22535211
LAC,FP.CPI.TOTL.ZG,1992,12.0603236
LAC,FP.CPI.TOTL.ZG,1993,11.81969017
LAC,FP.CPI.TOTL.ZG,1994,10.85532115
LAC,FP.CPI.TOTL.ZG,1995,12.53595946
LAC,FP.CPI.TOTL.ZG,1996,11.05691653
LAC,FP.CPI.TOTL.ZG,1997,7.145111609
LAC,FP.CPI.TOTL.ZG,1998,6.613460705
LAC,FP.CPI.TOTL.ZG,1999,4.858447499
LAC,FP.CPI.TOTL.ZG,2000,7.057027291
LAC,FP.CPI.TOTL.ZG,2001,6.584823685
LAC,FP.CPI.TOTL.ZG,2002,5.127047515
LAC,FP.CPI.TOTL.ZG,2003,5.452932243
LAC,FP.CPI.TOTL.ZG,2004,5.296214452
LAC,FP.CPI.TOTL.ZG,2005,4.870984168
LAC,FP.CPI.TOTL.ZG,2006,4.267174634
LAC,FP.CPI.TOTL.ZG,2007,5.843975705
LAC,FP.CPI.TOTL.ZG,2008,9.233168882
LAC,FP.CPI.TOTL.ZG,2009,2.591946734
LAC,FP.CPI.TOTL.ZG,2010,3.859509098
LAC,FP.CPI.TOTL.ZG,2011,5.796768092
LAC,FP.CPI.TOTL.ZG,2012,4.111509811
LAC,FP.CPI.TOTL.ZG,2013,2.767896661
LAC,FP.CPI.TOTL.ZG,2014,3.4381666
LAC,FP.CPI.TOTL.ZG,2015,3.15783118
LAC,FP.CPI.TOTL.ZG,2016,2.821707847
LAC,FP.CPI.TOTL.ZG,2017,3.362965149
LAC,FP.CPI.TOTL.ZG,2018,3.402501795
LAC,FP.CPI.TOTL.ZG,2019,2.504609595
LAC,FP.CPI.TOTL.ZG,2020,2.526635001
LAC,FP.CPI.TOTL.ZG,2021,4.271663815
LAC,FP.CPI.TOTL.ZG,2022,8.811092093
LAC,FP.CPI.TOTL.ZG,2023,5.086774832
LAC,FP.CPI.TOTL.ZG,2024,3.835402717
LAC,FP.CPI.TOTL.ZG,2025,3.170268884
TLA,FP.CPI.TOTL.ZG,1960,2.08
TLA,FP.CPI.TOTL.ZG,1961,2.43079391
TLA,FP.CPI.TOTL.ZG,1962,2.100840336
TLA,FP.CPI.TOTL.ZG,1963,2.931618471
TLA,FP.CPI.TOTL.ZG,1964,3.32403316
TLA,FP.CPI.TOTL.ZG,1965,2.631578947
TLA,FP.CPI.TOTL.ZG,1966,3.483776136
TLA,FP.CPI.TOTL.ZG,1967,2.576603568
TLA,FP.CPI.TOTL.ZG,1968,4.031672768
TLA,FP.CPI.TOTL.ZG,1969,2.532271776
TLA,FP.CPI.TOTL.ZG,1970,4.303903352
TLA,FP.CPI.TOTL.ZG,1971,4.953256936
TLA,FP.CPI.TOTL.ZG,1972,6.511544012
TLA,FP.CPI.TOTL.ZG,1973,13.79603399
TLA,FP.CPI.TOTL.ZG,1974,23.78401544
TLA,FP.CPI.TOTL.ZG,1975,16.8763154
TLA,FP.CPI.TOTL.ZG,1976,9.931595653
TLA,FP.CPI.TOTL.ZG,1977,11.19100164
TLA,FP.CPI.TOTL.ZG,1978,10.35567228
TLA,FP.CPI.TOTL.ZG,1979,14.78223927
TLA,FP.CPI.TOTL.ZG,1980,18.06154304
TLA,FP.CPI.TOTL.ZG,1981,14.18992764
TLA,FP.CPI.TOTL.ZG,1982,8.397681559
TLA,FP.CPI.TOTL.ZG,1983,10.91288722
TLA,FP.CPI.TOTL.ZG,1984,11.72729826
TLA,FP.CPI.TOTL.ZG,1985,16.87210547
TLA,FP.CPI.TOTL.ZG,1986,13.47021866
TLA,FP.CPI.TOTL.ZG,1987,12.93696853
TLA,FP.CPI.TOTL.ZG,1988,9.549734757
TLA,FP.CPI.TOTL.ZG,1989,12.88083542
TLA,FP.CPI.TOTL.ZG,1990,21.85005973
TLA,FP.CPI.TOTL.ZG,1991,22.22338594
TLA,FP.CPI.TOTL.ZG,1992,11.63740249
TLA,FP.CPI.TOTL.ZG,1993,10.79194132
TLA,FP.CPI.TOTL.ZG,1994,10.7205639
TLA,FP.CPI.TOTL.ZG,1995,11.12870297
TLA,FP.CPI.TOTL.ZG,1996,9.788920402
TLA,FP.CPI.TOTL.ZG,1997,7.145111609
TLA,FP.CPI.TOTL.ZG,1998,5.26903547
TLA,FP.CPI.TOTL.ZG,1999,3.486728902
TLA,FP.CPI.TOTL.ZG,2000,4.763824727
TLA,FP.CPI.TOTL.ZG,2001,5.30722081
TLA,FP.CPI.TOTL.ZG,2002,4.240266607
TLA,FP.CPI.TOTL.ZG,2003,4.546900121
TLA,FP.CPI.TOTL.ZG,2004,4.451943924
TLA,FP.CPI.TOTL.ZG,2005,4.69927739
TLA,FP.CPI.TOTL.ZG,2006,4.293423636
TLA,FP.CPI.TOTL.ZG,2007,5.544384858
TLA,FP.CPI.TOTL.ZG,2008,8.40009594
TLA,FP.CPI.TOTL.ZG,2009,2.764089135
TLA,FP.CPI.TOTL.ZG,2010,4.008118163
TLA,FP.CPI.TOTL.ZG,2011,5.462845929
TLA,FP.CPI.TOTL.ZG,2012,4.144572841
TLA,FP.CPI.TOTL.ZG,2013,2.744836219
TLA,FP.CPI.TOTL.ZG,2014,3.428264148
TLA,FP.CPI.TOTL.ZG,2015,2.924821697
TLA,FP.CPI.TOTL.ZG,2016,2.537817104
TLA,FP.CPI.TOTL.ZG,2017,2.822758055
TLA,FP.CPI.TOTL.ZG,2018,2.324144854
TLA,FP.CPI.TOTL.ZG,2019,2.096046353
TLA,FP.CPI.TOTL.ZG,2020,1.767515924
TLA,FP.CPI.TOTL.ZG,2021,4.261051274
TLA,FP.CPI.TOTL.ZG,2022,8.274774902
TLA,FP.CPI.TOTL.ZG,2023,4.708817832
TLA,FP.CPI.TOTL.ZG,2024,3.627707369
TLA,FP.CPI.TOTL.ZG,2025,2.307586266
LDC,FP.CPI.TOTL.ZG,1960,
LDC,FP.CPI.TOTL.ZG,1961,
LDC,FP.CPI.TOTL.ZG,1962,
LDC,FP.CPI.TOTL.ZG,1963,
LDC,FP.CPI.TOTL.ZG,1964,
LDC,FP.CPI.TOTL.ZG,1965,
LDC,FP.CPI.TOTL.ZG,1966,
LDC,FP.CPI.TOTL.ZG,1967,
LDC,FP.CPI.TOTL.ZG,1968,
LDC,FP.CPI.TOTL.ZG,1969,
LDC,FP.CPI.TOTL.ZG,1970,
LDC,FP.CPI.TOTL.ZG,1971,
LDC,FP.CPI.TOTL.ZG,1972,
LDC,FP.CPI.TOTL.ZG,1973,
LDC,FP.CPI.TOTL.ZG,1974,
LDC,FP.CPI.TOTL.ZG,1975,
LDC,FP.CPI.TOTL.ZG,1976,
LDC,FP.CPI.TOTL.ZG,1977,
LDC,FP.CPI.TOTL.ZG,1978,
LDC,FP.CPI.TOTL.ZG,1979,
LDC,FP.CPI.TOTL.ZG,1980,
LDC,FP.CPI.TOTL.ZG,1981,
LDC,FP.CPI.TOTL.ZG,1982,
LDC,FP.CPI.TOTL.ZG,1983,
LDC,FP.CPI.TOTL.ZG,1984,
LDC,FP.CPI.TOTL.ZG,1985,
LDC,FP.CPI.TOTL.ZG,1986,9.3254619
LDC,FP.CPI.TOTL.ZG,1987,9.013519315
LDC,FP.CPI.TOTL.ZG,1988,10.2196875
LDC,FP.CPI.TOTL.ZG,1989,8.929941429
LDC,FP.CPI.TOTL.ZG,1990,8.488646497
LDC,FP.CPI.TOTL.ZG,1991,14.24584461
LDC,FP.CPI.TOTL.ZG,1992,10.63930219
LDC,FP.CPI.TOTL.ZG,1993,9.37034416
LDC,FP.CPI.TOTL.ZG,1994,25.17787622
LDC,FP.CPI.TOTL.ZG,1995,15.44802584
LDC,FP.CPI.TOTL.ZG,1996,9.330314585
LDC,FP.CPI.TOTL.ZG,1997,8.022107666
LDC,FP.CPI.TOTL.ZG,1998,7.111911142
LDC,FP.CPI.TOTL.ZG,1999,4.925772561
LDC,FP.CPI.TOTL.ZG,2000,3.899529803
LDC,FP.CPI.TOTL.ZG,2001,4.714896347
LDC,FP.CPI.TOTL.ZG,2002,4.464264007
LDC,FP.CPI.TOTL.ZG,2003,6.489432087
LDC,FP.CPI.TOTL.ZG,2004,4.534213741
LDC,FP.CPI.TOTL.ZG,2005,7.564080617
LDC,FP.CPI.TOTL.ZG,2006,6.852466179
LDC,FP.CPI.TOTL.ZG,2007,7.785568962
LDC,FP.CPI.TOTL.ZG,2008,11.01038801
LDC,FP.CPI.TOTL.ZG,2009,4.561506877
LDC,FP.CPI.TOTL.ZG,2010,5.049680759
LDC,FP.CPI.TOTL.ZG,2011,6.610389865
LDC,FP.CPI.TOTL.ZG,2012,6.314744503
LDC,FP.CPI.TOTL.ZG,2013,5.52412878
LDC,FP.CPI.TOTL.ZG,2014,4.405352342
LDC,FP.CPI.TOTL.ZG,2015,3.402743277
LDC,FP.CPI.TOTL.ZG,2016,5.34414601
LDC,FP.CPI.TOTL.ZG,2017,4.572536553
LDC,FP.CPI.TOTL.ZG,2018,3.46147485
LDC,FP.CPI.TOTL.ZG,2019,3.322558813
LDC,FP.CPI.TOTL.ZG,2020,4.332968747
LDC,FP.CPI.TOTL.ZG,2021,4.156491255
LDC,FP.CPI.TOTL.ZG,2022,9.458012813
LDC,FP.CPI.TOTL.ZG,2023,7.126974821
LDC,FP.CPI.TOTL.ZG,2024,4.685096543
LDC,FP.CPI.TOTL.ZG,2025,3.364621893
LMY,FP.CPI.TOTL.ZG,1960,
LMY,FP.CPI.TOTL.ZG,1961,
LMY,FP.CPI.TOTL.ZG,1962,
LMY,FP.CPI.TOTL.ZG,1963,
LMY,FP.CPI.TOTL.ZG,1964,
LMY,FP.CPI.TOTL.ZG,1965,
LMY,FP.CPI.TOTL.ZG,1966,
LMY,FP.CPI.TOTL.ZG,1967,
LMY,FP.CPI.TOTL.ZG,1968,
LMY,FP.CPI.TOTL.ZG,1969,
LMY,FP.CPI.TOTL.ZG,1970,
LMY,FP.CPI.TOTL.ZG,1971,
LMY,FP.CPI.TOTL.ZG,1972,
LMY,FP.CPI.TOTL.ZG,1973,
LMY,FP.CPI.TOTL.ZG,1974,
LMY,FP.CPI.TOTL.ZG,1975,
LMY,FP.CPI.TOTL.ZG,1976,
LMY,FP.CPI.TOTL.ZG,1977,
LMY,FP.CPI.TOTL.ZG,1978,
LMY,FP.CPI.TOTL.ZG,1979,
LMY,FP.CPI.TOTL.ZG,1980,
LMY,FP.CPI.TOTL.ZG,1981,12.73971811
LMY,FP.CPI.TOTL.ZG,1982,10.82574917
LMY,FP.CPI.TOTL.ZG,1983,10.60520362
LMY,FP.CPI.TOTL.ZG,1984,10.07035958
LMY,FP.CPI.TOTL.ZG,1985,8.799437766
LMY,FP.CPI.TOTL.ZG,1986,8.731639957
LMY,FP.CPI.TOTL.ZG,1987,8.152342538
LMY,FP.CPI.TOTL.ZG,1988,8.983003382
LMY,FP.CPI.TOTL.ZG,1989,8.846886912
LMY,FP.CPI.TOTL.ZG,1990,10.01183832
LMY,FP.CPI.TOTL.ZG,1991,12.23040183
LMY,FP.CPI.TOTL.ZG,1992,10.045918
LMY,FP.CPI.TOTL.ZG,1993,10.0083612
LMY,FP.CPI.TOTL.ZG,1994,21.14777086
LMY,FP.CPI.TOTL.ZG,1995,11.12870297
LMY,FP.CPI.TOTL.ZG,1996,8.920619877
LMY,FP.CPI.TOTL.ZG,1997,7.087311771
LMY,FP.CPI.TOTL.ZG,1998,6.845669224
LMY,FP.CPI.TOTL.ZG,1999,4.66982038
LMY,FP.CPI.TOTL.ZG,2000,4.038041412
LMY,FP.CPI.TOTL.ZG,2001,5.007432908
LMY,FP.CPI.TOTL.ZG,2002,4.209469503
LMY,FP.CPI.TOTL.ZG,2003,5.128994994
LMY,FP.CPI.TOTL.ZG,2004,4.474992891
LMY,FP.CPI.TOTL.ZG,2005,6.421296482
LMY,FP.CPI.TOTL.ZG,2006,5.941702151
LMY,FP.CPI.TOTL.ZG,2007,6.214399989
LMY,FP.CPI.TOTL.ZG,2008,10.32885236
LMY,FP.CPI.TOTL.ZG,2009,4.219030521
LMY,FP.CPI.TOTL.ZG,2010,4.277070529
LMY,FP.CPI.TOTL.ZG,2011,6.24243848
LMY,FP.CPI.TOTL.ZG,2012,5.01850353
LMY,FP.CPI.TOTL.ZG,2013,4.765024048
LMY,FP.CPI.TOTL.ZG,2014,3.589220166
LMY,FP.CPI.TOTL.ZG,2015,3.193771552
LMY,FP.CPI.TOTL.ZG,2016,3.104850774
LMY,FP.CPI.TOTL.ZG,2017,3.666997027
LMY,FP.CPI.TOTL.ZG,2018,3.240569329
LMY,FP.CPI.TOTL.ZG,2019,2.762520194
LMY,FP.CPI.TOTL.ZG,2020,3.022721197
LMY,FP.CPI.TOTL.ZG,2021,4.259364175
LMY,FP.CPI.TOTL.ZG,2022,8.811092093
LMY,FP.CPI.TOTL.ZG,2023,6.156238526
LMY,FP.CPI.TOTL.ZG,2024,3.835402717
LMY,FP.CPI.TOTL.ZG,2025,3.545552149
LIC,FP.CPI.TOTL.ZG,1960,
LIC,FP.CPI.TOTL.ZG,1961,
LIC,FP.CPI.TOTL.ZG,1962,
LIC,FP.CPI.TOTL.ZG,1963,
LIC,FP.CPI.TOTL.ZG,1964,
LIC,FP.CPI.TOTL.ZG,1965,
LIC,FP.CPI.TOTL.ZG,1966,
LIC,FP.CPI.TOTL.ZG,1967,
LIC,FP.CPI.TOTL.ZG,1968,
LIC,FP.CPI.TOTL.ZG,1969,
LIC,FP.CPI.TOTL.ZG,1970,
LIC,FP.CPI.TOTL.ZG,1971,
LIC,FP.CPI.TOTL.ZG,1972,
LIC,FP.CPI.TOTL.ZG,1973,
LIC,FP.CPI.TOTL.ZG,1974,
LIC,FP.CPI.TOTL.ZG,1975,
LIC,FP.CPI.TOTL.ZG,1976,
LIC,FP.CPI.TOTL.ZG,1977,
LIC,FP.CPI.TOTL.ZG,1978,
LIC,FP.CPI.TOTL.ZG,1979,
LIC,FP.CPI.TOTL.ZG,1980,
LIC,FP.CPI.TOTL.ZG,1981,
LIC,FP.CPI.TOTL.ZG,1982,
LIC,FP.CPI.TOTL.ZG,1983,
LIC,FP.CPI.TOTL.ZG,1984,9.856620954
LIC,FP.CPI.TOTL.ZG,1985,10.51897599
LIC,FP.CPI.TOTL.ZG,1986,2.245152512
LIC,FP.CPI.TOTL.ZG,1987,7.11323764
LIC,FP.CPI.TOTL.ZG,1988,13.58405227
LIC,FP.CPI.TOTL.ZG,1989,8.275016088
LIC,FP.CPI.TOTL.ZG,1990,7.002169567
LIC,FP.CPI.TOTL.ZG,1991,8.998469367
LIC,FP.CPI.TOTL.ZG,1992,10.04392794
LIC,FP.CPI.TOTL.ZG,1993,9.843853892
LIC,FP.CPI.TOTL.ZG,1994,24.87444498
LIC,FP.CPI.TOTL.ZG,1995,16.31558683
LIC,FP.CPI.TOTL.ZG,1996,8.249890099
LIC,FP.CPI.TOTL.ZG,1997,4.486382617
LIC,FP.CPI.TOTL.ZG,1998,5.084333441
LIC,FP.CPI.TOTL.ZG,1999,3.385424273
LIC,FP.CPI.TOTL.ZG,2000,3.822600881
LIC,FP.CPI.TOTL.ZG,2001,4.492596092
LIC,FP.CPI.TOTL.ZG,2002,4.166472255
LIC,FP.CPI.TOTL.ZG,2003,6.969566113
LIC,FP.CPI.TOTL.ZG,2004,4.213762688
LIC,FP.CPI.TOTL.ZG,2005,8.477288591
LIC,FP.CPI.TOTL.ZG,2006,7.326061109
LIC,FP.CPI.TOTL.ZG,2007,7.952209909
LIC,FP.CPI.TOTL.ZG,2008,12.05085555
LIC,FP.CPI.TOTL.ZG,2009,5.207017298
LIC,FP.CPI.TOTL.ZG,2010,4.723547295
LIC,FP.CPI.TOTL.ZG,2011,8.055495073
LIC,FP.CPI.TOTL.ZG,2012,7.17420534
LIC,FP.CPI.TOTL.ZG,2013,5.76277967
LIC,FP.CPI.TOTL.ZG,2014,4.522332028
LIC,FP.CPI.TOTL.ZG,2015,5.544688913
LIC,FP.CPI.TOTL.ZG,2016,6.035758582
LIC,FP.CPI.TOTL.ZG,2017,8.444293738
LIC,FP.CPI.TOTL.ZG,2018,3.43946903
LIC,FP.CPI.TOTL.ZG,2019,3.107732292
LIC,FP.CPI.TOTL.ZG,2020,5.601887915
LIC,FP.CPI.TOTL.ZG,2021,5.812251188
LIC,FP.CPI.TOTL.ZG,2022,10.27940181
LIC,FP.CPI.TOTL.ZG,2023,8.500650786
LIC,FP.CPI.TOTL.ZG,2024,7.914166117
LIC,FP.CPI.TOTL.ZG,2025,4.368469501
LMC,FP.CPI.TOTL.ZG,1960,
LMC,FP.CPI.TOTL.ZG,1961,
LMC,FP.CPI.TOTL.ZG,1962,
LMC,FP.CPI.TOTL.ZG,1963,
LMC,FP.CPI.TOTL.ZG,1964,
LMC,FP.CPI.TOTL.ZG,1965,
LMC,FP.CPI.TOTL.ZG,1966,
LMC,FP.CPI.TOTL.ZG,1967,
LMC,FP.CPI.TOTL.ZG,1968,
LMC,FP.CPI.TOTL.ZG,1969,
LMC,FP.CPI.TOTL.ZG,1970,
LMC,FP.CPI.TOTL.ZG,1971,
LMC,FP.CPI.TOTL.ZG,1972,
LMC,FP.CPI.TOTL.ZG,1973,
LMC,FP.CPI.TOTL.ZG,1974,
LMC,FP.CPI.TOTL.ZG,1975,
LMC,FP.CPI.TOTL.ZG,1976,
LMC,FP.CPI.TOTL.ZG,1977,
LMC,FP.CPI.TOTL.ZG,1978,
LMC,FP.CPI.TOTL.ZG,1979,
LMC,FP.CPI.TOTL.ZG,1980,
LMC,FP.CPI.TOTL.ZG,1981,11.74148351
LMC,FP.CPI.TOTL.ZG,1982,10.66761432
LMC,FP.CPI.TOTL.ZG,1983,11.48265356
LMC,FP.CPI.TOTL.ZG,1984,8.9
LMC,FP.CPI.TOTL.ZG,1985,7.728638901
LMC,FP.CPI.TOTL.ZG,1986,8.731639957
LMC,FP.CPI.TOTL.ZG,1987,8.801125813
LMC,FP.CPI.TOTL.ZG,1988,8.9104702
LMC,FP.CPI.TOTL.ZG,1989,8.779837189
LMC,FP.CPI.TOTL.ZG,1990,8.971232503
LMC,FP.CPI.TOTL.ZG,1991,13.22426577
LMC,FP.CPI.TOTL.ZG,1992,10.09896715
LMC,FP.CPI.TOTL.ZG,1993,9.168662333
LMC,FP.CPI.TOTL.ZG,1994,13.76932488
LMC,FP.CPI.TOTL.ZG,1995,11.29320153
LMC,FP.CPI.TOTL.ZG,1996,9.220466624
LMC,FP.CPI.TOTL.ZG,1997,7.164252115
LMC,FP.CPI.TOTL.ZG,1998,8.402237956
LMC,FP.CPI.TOTL.ZG,1999,5.204894827
LMC,FP.CPI.TOTL.ZG,2000,4.266034468
LMC,FP.CPI.TOTL.ZG,2001,4.419772459
LMC,FP.CPI.TOTL.ZG,2002,3.750174658
LMC,FP.CPI.TOTL.ZG,2003,5.302387732
LMC,FP.CPI.TOTL.ZG,2004,4.437380801
LMC,FP.CPI.TOTL.ZG,2005,5.378875964
LMC,FP.CPI.TOTL.ZG,2006,5.941702151
LMC,FP.CPI.TOTL.ZG,2007,6.936214709
LMC,FP.CPI.TOTL.ZG,2008,10.76141823
LMC,FP.CPI.TOTL.ZG,2009,4.415003748
LMC,FP.CPI.TOTL.ZG,2010,4.851130889
LMC,FP.CPI.TOTL.ZG,2011,6.429396811
LMC,FP.CPI.TOTL.ZG,2012,6.051436621
LMC,FP.CPI.TOTL.ZG,2013,5.600925023
LMC,FP.CPI.TOTL.ZG,2014,5.37028961
LMC,FP.CPI.TOTL.ZG,2015,3.997379967
LMC,FP.CPI.TOTL.ZG,2016,3.623214318
LMC,FP.CPI.TOTL.ZG,2017,3.850671663
LMC,FP.CPI.TOTL.ZG,2018,4.291591053
LMC,FP.CPI.TOTL.ZG,2019,3.582135445
LMC,FP.CPI.TOTL.ZG,2020,4.978096763
LMC,FP.CPI.TOTL.ZG,2021,4.480879634
LMC,FP.CPI.TOTL.ZG,2022,7.967573616
LMC,FP.CPI.TOTL.ZG,2023,7.527105092
LMC,FP.CPI.TOTL.ZG,2024,4.654917477
LMC,FP.CPI.TOTL.ZG,2025,3.546301631
MEA,FP.CPI.TOTL.ZG,1960,
MEA,FP.CPI.TOTL.ZG,1961,
MEA,FP.CPI.TOTL.ZG,1962,
MEA,FP.CPI.TOTL.ZG,1963,
MEA,FP.CPI.TOTL.ZG,1964,
MEA,FP.CPI.TOTL.ZG,1965,
MEA,FP.CPI.TOTL.ZG,1966,
MEA,FP.CPI.TOTL.ZG,1967,
MEA,FP.CPI.TOTL.ZG,1968,
MEA,FP.CPI.TOTL.ZG,1969,
MEA,FP.CPI.TOTL.ZG,1970,3.762898596
MEA,FP.CPI.TOTL.ZG,1971,4.195298373
MEA,FP.CPI.TOTL.ZG,1972,4.331179708
MEA,FP.CPI.TOTL.ZG,1973,9.0430767
MEA,FP.CPI.TOTL.ZG,1974,14.88860864
MEA,FP.CPI.TOTL.ZG,1975,10.56733182
MEA,FP.CPI.TOTL.ZG,1976,10.7867792
MEA,FP.CPI.TOTL.ZG,1977,11.97754764
MEA,FP.CPI.TOTL.ZG,1978,9.202888936
MEA,FP.CPI.TOTL.ZG,1979,8.267046976
MEA,FP.CPI.TOTL.ZG,1980,11.11111111
MEA,FP.CPI.TOTL.ZG,1981,11.34459681
MEA,FP.CPI.TOTL.ZG,1982,7.776798427
MEA,FP.CPI.TOTL.ZG,1983,5.96716393
MEA,FP.CPI.TOTL.ZG,1984,7.101782345
MEA,FP.CPI.TOTL.ZG,1985,5.002090088
MEA,FP.CPI.TOTL.ZG,1986,6.164383562
MEA,FP.CPI.TOTL.ZG,1987,4.222416662
MEA,FP.CPI.TOTL.ZG,1988,6.086956522
MEA,FP.CPI.TOTL.ZG,1989,7.74088604
MEA,FP.CPI.TOTL.ZG,1990,8.451462408
MEA,FP.CPI.TOTL.ZG,1991,9.058188362
MEA,FP.CPI.TOTL.ZG,1992,9.35975159
MEA,FP.CPI.TOTL.ZG,1993,9.97366476
MEA,FP.CPI.TOTL.ZG,1994,5.14167153
MEA,FP.CPI.TOTL.ZG,1995,7.237984945
MEA,FP.CPI.TOTL.ZG,1996,4.904534606
MEA,FP.CPI.TOTL.ZG,1997,3.601161033
MEA,FP.CPI.TOTL.ZG,1998,3.41731949
MEA,FP.CPI.TOTL.ZG,1999,2.669373691
MEA,FP.CPI.TOTL.ZG,2000,1.853790353
MEA,FP.CPI.TOTL.ZG,2001,1.759428312
MEA,FP.CPI.TOTL.ZG,2002,2.010742185
MEA,FP.CPI.TOTL.ZG,2003,2.123266195
MEA,FP.CPI.TOTL.ZG,2004,3.242065131
MEA,FP.CPI.TOTL.ZG,2005,3.493685346
MEA,FP.CPI.TOTL.ZG,2006,3.544985916
MEA,FP.CPI.TOTL.ZG,2007,4.74390639
MEA,FP.CPI.TOTL.ZG,2008,12.10452047
MEA,FP.CPI.TOTL.ZG,2009,2.920897118
MEA,FP.CPI.TOTL.ZG,2010,3.749157276
MEA,FP.CPI.TOTL.ZG,2011,4.753163889
MEA,FP.CPI.TOTL.ZG,2012,4.515229567
MEA,FP.CPI.TOTL.ZG,2013,3.25423911
MEA,FP.CPI.TOTL.ZG,2014,2.647553212
MEA,FP.CPI.TOTL.ZG,2015,1.685992176
MEA,FP.CPI.TOTL.ZG,2016,2.539560378
MEA,FP.CPI.TOTL.ZG,2017,2.069329282
MEA,FP.CPI.TOTL.ZG,2018,1.945793046
MEA,FP.CPI.TOTL.ZG,2019,1.336015681
MEA,FP.CPI.TOTL.ZG,2020,1.44703657
MEA,FP.CPI.TOTL.ZG,2021,2.868330278
MEA,FP.CPI.TOTL.ZG,2022,5.172220886
MEA,FP.CPI.TOTL.ZG,2023,4.225226032
MEA,FP.CPI.TOTL.ZG,2024,2.126157669
MEA,FP.CPI.TOTL.ZG,2025,2.084208536
MNA,FP.CPI.TOTL.ZG,1960,
MNA,FP.CPI.TOTL.ZG,1961,
MNA,FP.CPI.TOTL.ZG,1962,
MNA,FP.CPI.TOTL.ZG,1963,
MNA,FP.CPI.TOTL.ZG,1964,
MNA,FP.CPI.TOTL.ZG,1965,
MNA,FP.CPI.TOTL.ZG,1966,
MNA,FP.CPI.TOTL.ZG,1967,
MNA,FP.CPI.TOTL.ZG,1968,
MNA,FP.CPI.TOTL.ZG,1969,
MNA,FP.CPI.TOTL.ZG,1970,4.355595265
MNA,FP.CPI.TOTL.ZG,1971,4.155352068
MNA,FP.CPI.TOTL.ZG,1972,3.759170557
MNA,FP.CPI.TOTL.ZG,1973,7.970895563
MNA,FP.CPI.TOTL.ZG,1974,14.24893554
MNA,FP.CPI.TOTL.ZG,1975,9.669695482
MNA,FP.CPI.TOTL.ZG,1976,10.31741589
MNA,FP.CPI.TOTL.ZG,1977,11.98928332
MNA,FP.CPI.TOTL.ZG,1978,9.71603275
MNA,FP.CPI.TOTL.ZG,1979,9.117862965
MNA,FP.CPI.TOTL.ZG,1980,11.93823091
MNA,FP.CPI.TOTL.ZG,1981,11.87991359
MNA,FP.CPI.TOTL.ZG,1982,10.25880886
MNA,FP.CPI.TOTL.ZG,1983,6.207935389
MNA,FP.CPI.TOTL.ZG,1984,9.064759097
MNA,FP.CPI.TOTL.ZG,1985,7.49150035
MNA,FP.CPI.TOTL.ZG,1986,12.37160917
MNA,FP.CPI.TOTL.ZG,1987,6.06123973
MNA,FP.CPI.TOTL.ZG,1988,7.196969697
MNA,FP.CPI.TOTL.ZG,1989,9.304361258
MNA,FP.CPI.TOTL.ZG,1990,9.052131553
MNA,FP.CPI.TOTL.ZG,1991,11.8960953
MNA,FP.CPI.TOTL.ZG,1992,11.00917431
MNA,FP.CPI.TOTL.ZG,1993,12.08979229
MNA,FP.CPI.TOTL.ZG,1994,12.36819439
MNA,FP.CPI.TOTL.ZG,1995,12.34357852
MNA,FP.CPI.TOTL.ZG,1996,7.187103697
MNA,FP.CPI.TOTL.ZG,1997,4.138815998
MNA,FP.CPI.TOTL.ZG,1998,4.411368551
MNA,FP.CPI.TOTL.ZG,1999,2.884811992
MNA,FP.CPI.TOTL.ZG,2000,2.741002139
MNA,FP.CPI.TOTL.ZG,2001,2.269757205
MNA,FP.CPI.TOTL.ZG,2002,2.73723855
MNA,FP.CPI.TOTL.ZG,2003,4.268953958
MNA,FP.CPI.TOTL.ZG,2004,3.961800303
MNA,FP.CPI.TOTL.ZG,2005,4.488323838
MNA,FP.CPI.TOTL.ZG,2006,6.518160608
MNA,FP.CPI.TOTL.ZG,2007,4.854941468
MNA,FP.CPI.TOTL.ZG,2008,13.31704191
MNA,FP.CPI.TOTL.ZG,2009,2.920897118
MNA,FP.CPI.TOTL.ZG,2010,3.950078759
MNA,FP.CPI.TOTL.ZG,2011,5.068713948
MNA,FP.CPI.TOTL.ZG,2012,6.441212809
MNA,FP.CPI.TOTL.ZG,2013,4.824623143
MNA,FP.CPI.TOTL.ZG,2014,2.916926921
MNA,FP.CPI.TOTL.ZG,2015,2.043617643
MNA,FP.CPI.TOTL.ZG,2016,3.697259269
MNA,FP.CPI.TOTL.ZG,2017,4.648651844
MNA,FP.CPI.TOTL.ZG,2018,4.366150645
MNA,FP.CPI.TOTL.ZG,2019,2.653881005
MNA,FP.CPI.TOTL.ZG,2020,2.415130941
MNA,FP.CPI.TOTL.ZG,2021,5.214049405
MNA,FP.CPI.TOTL.ZG,2022,8.306461244
MNA,FP.CPI.TOTL.ZG,2023,6.091141525
MNA,FP.CPI.TOTL.ZG,2024,4.046114553
MNA,FP.CPI.TOTL.ZG,2025,2.693609408
TMN,FP.CPI.TOTL.ZG,1960,
TMN,FP.CPI.TOTL.ZG,1961,
TMN,FP.CPI.TOTL.ZG,1962,
TMN,FP.CPI.TOTL.ZG,1963,
TMN,FP.CPI.TOTL.ZG,1964,
TMN,FP.CPI.TOTL.ZG,1965,3.48282122
TMN,FP.CPI.TOTL.ZG,1966,3.793381759
TMN,FP.CPI.TOTL.ZG,1967,3.290949888
TMN,FP.CPI.TOTL.ZG,1968,0.436479069
TMN,FP.CPI.TOTL.ZG,1969,3.409820282
TMN,FP.CPI.TOTL.ZG,1970,4.355595265
TMN,FP.CPI.TOTL.ZG,1971,4.155352068
TMN,FP.CPI.TOTL.ZG,1972,3.759170557
TMN,FP.CPI.TOTL.ZG,1973,7.970895563
TMN,FP.CPI.TOTL.ZG,1974,14.24893554
TMN,FP.CPI.TOTL.ZG,1975,9.669695482
TMN,FP.CPI.TOTL.ZG,1976,10.31741589
TMN,FP.CPI.TOTL.ZG,1977,11.98928332
TMN,FP.CPI.TOTL.ZG,1978,9.71603275
TMN,FP.CPI.TOTL.ZG,1979,9.117862965
TMN,FP.CPI.TOTL.ZG,1980,11.93823091
TMN,FP.CPI.TOTL.ZG,1981,11.87991359
TMN,FP.CPI.TOTL.ZG,1982,10.25880886
TMN,FP.CPI.TOTL.ZG,1983,6.207935389
TMN,FP.CPI.TOTL.ZG,1984,9.064759097
TMN,FP.CPI.TOTL.ZG,1985,7.49150035
TMN,FP.CPI.TOTL.ZG,1986,12.37160917
TMN,FP.CPI.TOTL.ZG,1987,6.06123973
TMN,FP.CPI.TOTL.ZG,1988,7.196969697
TMN,FP.CPI.TOTL.ZG,1989,9.304361258
TMN,FP.CPI.TOTL.ZG,1990,9.052131553
TMN,FP.CPI.TOTL.ZG,1991,11.8960953
TMN,FP.CPI.TOTL.ZG,1992,11.00917431
TMN,FP.CPI.TOTL.ZG,1993,12.08979229
TMN,FP.CPI.TOTL.ZG,1994,12.36819439
TMN,FP.CPI.TOTL.ZG,1995,12.34357852
TMN,FP.CPI.TOTL.ZG,1996,7.187103697
TMN,FP.CPI.TOTL.ZG,1997,3.652026207
TMN,FP.CPI.TOTL.ZG,1998,3.872575464
TMN,FP.CPI.TOTL.ZG,1999,2.690124858
TMN,FP.CPI.TOTL.ZG,2000,2.683805353
TMN,FP.CPI.TOTL.ZG,2001,2.634878602
TMN,FP.CPI.TOTL.ZG,2002,2.729135699
TMN,FP.CPI.TOTL.ZG,2003,3.591544329
TMN,FP.CPI.TOTL.ZG,2004,4.197470835
TMN,FP.CPI.TOTL.ZG,2005,4.869396969
TMN,FP.CPI.TOTL.ZG,2006,6.78459655
TMN,FP.CPI.TOTL.ZG,2007,4.965976546
TMN,FP.CPI.TOTL.ZG,2008,13.971231
TMN,FP.CPI.TOTL.ZG,2009,3.292900212
TMN,FP.CPI.TOTL.ZG,2010,3.966779089
TMN,FP.CPI.TOTL.ZG,2011,5.336382695
TMN,FP.CPI.TOTL.ZG,2012,6.511343643
TMN,FP.CPI.TOTL.ZG,2013,5.070429228
TMN,FP.CPI.TOTL.ZG,2014,3.771238958
TMN,FP.CPI.TOTL.ZG,2015,2.529328173
TMN,FP.CPI.TOTL.ZG,2016,3.765119164
TMN,FP.CPI.TOTL.ZG,2017,4.975951506
TMN,FP.CPI.TOTL.ZG,2018,4.462311085
TMN,FP.CPI.TOTL.ZG,2019,3.005389494
TMN,FP.CPI.TOTL.ZG,2020,3.730031915
TMN,FP.CPI.TOTL.ZG,2021,5.460199807
TMN,FP.CPI.TOTL.ZG,2022,8.78598838
TMN,FP.CPI.TOTL.ZG,2023,7.706657642
TMN,FP.CPI.TOTL.ZG,2024,3.328905334
TMN,FP.CPI.TOTL.ZG,2025,1.841666667
MIC,FP.CPI.TOTL.ZG,1960,
MIC,FP.CPI.TOTL.ZG,1961,
MIC,FP.CPI.TOTL.ZG,1962,
MIC,FP.CPI.TOTL.ZG,1963,
MIC,FP.CPI.TOTL.ZG,1964,
MIC,FP.CPI.TOTL.ZG,1965,
MIC,FP.CPI.TOTL.ZG,1966,
MIC,FP.CPI.TOTL.ZG,1967,
MIC,FP.CPI.TOTL.ZG,1968,
MIC,FP.CPI.TOTL.ZG,1969,
MIC,FP.CPI.TOTL.ZG,1970,
MIC,FP.CPI.TOTL.ZG,1971,
MIC,FP.CPI.TOTL.ZG,1972,
MIC,FP.CPI.TOTL.ZG,1973,
MIC,FP.CPI.TOTL.ZG,1974,
MIC,FP.CPI.TOTL.ZG,1975,
MIC,FP.CPI.TOTL.ZG,1976,
MIC,FP.CPI.TOTL.ZG,1977,11.47236187
MIC,FP.CPI.TOTL.ZG,1978,8.933758841
MIC,FP.CPI.TOTL.ZG,1979,
MIC,FP.CPI.TOTL.ZG,1980,16.27484162
MIC,FP.CPI.TOTL.ZG,1981,12.97469747
MIC,FP.CPI.TOTL.ZG,1982,10.25880886
MIC,FP.CPI.TOTL.ZG,1983,10.60520362
MIC,FP.CPI.TOTL.ZG,1984,10.28409821
MIC,FP.CPI.TOTL.ZG,1985,8.0945758
MIC,FP.CPI.TOTL.ZG,1986,8.733559187
MIC,FP.CPI.TOTL.ZG,1987,8.189074495
MIC,FP.CPI.TOTL.ZG,1988,8.837937018
MIC,FP.CPI.TOTL.ZG,1989,9.075624085
MIC,FP.CPI.TOTL.ZG,1990,10.33267205
MIC,FP.CPI.TOTL.ZG,1991,12.64107302
MIC,FP.CPI.TOTL.ZG,1992,10.045918
MIC,FP.CPI.TOTL.ZG,1993,10.51783845
MIC,FP.CPI.TOTL.ZG,1994,13.51267874
MIC,FP.CPI.TOTL.ZG,1995,10.51254608
MIC,FP.CPI.TOTL.ZG,1996,8.977152338
MIC,FP.CPI.TOTL.ZG,1997,7.125327225
MIC,FP.CPI.TOTL.ZG,1998,7.266198044
MIC,FP.CPI.TOTL.ZG,1999,4.775076565
MIC,FP.CPI.TOTL.ZG,2000,4.165404423
MIC,FP.CPI.TOTL.ZG,2001,5.17317663
MIC,FP.CPI.TOTL.ZG,2002,4.209469503
MIC,FP.CPI.TOTL.ZG,2003,4.546900121
MIC,FP.CPI.TOTL.ZG,2004,4.534213741
MIC,FP.CPI.TOTL.ZG,2005,5.04279486
MIC,FP.CPI.TOTL.ZG,2006,5.5186777
MIC,FP.CPI.TOTL.ZG,2007,6.143566552
MIC,FP.CPI.TOTL.ZG,2008,10.06624182
MIC,FP.CPI.TOTL.ZG,2009,3.71360592
MIC,FP.CPI.TOTL.ZG,2010,4.112111393
MIC,FP.CPI.TOTL.ZG,2011,5.952097619
MIC,FP.CPI.TOTL.ZG,2012,4.546334274
MIC,FP.CPI.TOTL.ZG,2013,4.343371313
MIC,FP.CPI.TOTL.ZG,2014,3.534368561
MIC,FP.CPI.TOTL.ZG,2015,3.129002745
MIC,FP.CPI.TOTL.ZG,2016,2.66824817
MIC,FP.CPI.TOTL.ZG,2017,3.328173375
MIC,FP.CPI.TOTL.ZG,2018,3.240569329
MIC,FP.CPI.TOTL.ZG,2019,2.726430374
MIC,FP.CPI.TOTL.ZG,2020,2.656646433
MIC,FP.CPI.TOTL.ZG,2021,4.142982012
MIC,FP.CPI.TOTL.ZG,2022,8.320083773
MIC,FP.CPI.TOTL.ZG,2023,6.083192685
MIC,FP.CPI.TOTL.ZG,2024,3.604522038
MIC,FP.CPI.TOTL.ZG,2025,3.457239989
NAC,FP.CPI.TOTL.ZG,1960,1.408335819
NAC,FP.CPI.TOTL.ZG,1961,1.044745452
NAC,FP.CPI.TOTL.ZG,1962,1.130172237
NAC,FP.CPI.TOTL.ZG,1963,1.433910341
NAC,FP.CPI.TOTL.ZG,1964,1.595528134
NAC,FP.CPI.TOTL.ZG,1965,1.958913232
NAC,FP.CPI.TOTL.ZG,1966,3.415367223
NAC,FP.CPI.TOTL.ZG,1967,3.176368945
NAC,FP.CPI.TOTL.ZG,1968,4.163547846
NAC,FP.CPI.TOTL.ZG,1969,5.011972551
NAC,FP.CPI.TOTL.ZG,1970,4.592147576
NAC,FP.CPI.TOTL.ZG,1971,3.49884236
NAC,FP.CPI.TOTL.ZG,1972,4.130153489
NAC,FP.CPI.TOTL.ZG,1973,6.832703673
NAC,FP.CPI.TOTL.ZG,1974,11.02598798
NAC,FP.CPI.TOTL.ZG,1975,9.90766773
NAC,FP.CPI.TOTL.ZG,1976,6.643275633
NAC,FP.CPI.TOTL.ZG,1977,7.239064695
NAC,FP.CPI.TOTL.ZG,1978,8.302343595
NAC,FP.CPI.TOTL.ZG,1979,10.19957405
NAC,FP.CPI.TOTL.ZG,1980,11.83921124
NAC,FP.CPI.TOTL.ZG,1981,11.40316388
NAC,FP.CPI.TOTL.ZG,1982,8.45019945
NAC,FP.CPI.TOTL.ZG,1983,4.538011631
NAC,FP.CPI.TOTL.ZG,1984,4.30265689
NAC,FP.CPI.TOTL.ZG,1985,3.753837346
NAC,FP.CPI.TOTL.ZG,1986,3.046417007
NAC,FP.CPI.TOTL.ZG,1987,4.010335965
NAC,FP.CPI.TOTL.ZG,1988,4.052987628
NAC,FP.CPI.TOTL.ZG,1989,4.905312465
NAC,FP.CPI.TOTL.ZG,1990,5.089216687
NAC,FP.CPI.TOTL.ZG,1991,4.930414025
NAC,FP.CPI.TOTL.ZG,1992,2.259476291
NAC,FP.CPI.TOTL.ZG,1993,2.408368166
NAC,FP.CPI.TOTL.ZG,1994,1.386502253
NAC,FP.CPI.TOTL.ZG,1995,2.47709001
NAC,FP.CPI.TOTL.ZG,1996,2.250867663
NAC,FP.CPI.TOTL.ZG,1997,1.979453159
NAC,FP.CPI.TOTL.ZG,1998,1.274110778
NAC,FP.CPI.TOTL.ZG,1999,1.961435074
NAC,FP.CPI.TOTL.ZG,2000,3.048148614
NAC,FP.CPI.TOTL.ZG,2001,2.675645629
NAC,FP.CPI.TOTL.ZG,2002,1.922213018
NAC,FP.CPI.TOTL.ZG,2003,2.514329093
NAC,FP.CPI.TOTL.ZG,2004,2.267247706
NAC,FP.CPI.TOTL.ZG,2005,2.80314944
NAC,FP.CPI.TOTL.ZG,2006,2.613984748
NAC,FP.CPI.TOTL.ZG,2007,2.495528237
NAC,FP.CPI.TOTL.ZG,2008,3.104685486
NAC,FP.CPI.TOTL.ZG,2009,-0.028039732
NAC,FP.CPI.TOTL.ZG,2010,1.708457492
NAC,FP.CPI.TOTL.ZG,2011,3.034488329
NAC,FP.CPI.TOTL.ZG,2012,1.792507748
NAC,FP.CPI.TOTL.ZG,2013,1.201562277
NAC,FP.CPI.TOTL.ZG,2014,1.764429442
NAC,FP.CPI.TOTL.ZG,2015,0.621934248
NAC,FP.CPI.TOTL.ZG,2016,1.345171376
NAC,FP.CPI.TOTL.ZG,2017,1.863497066
NAC,FP.CPI.TOTL.ZG,2018,2.355404485
NAC,FP.CPI.TOTL.ZG,2019,1.88073955
NAC,FP.CPI.TOTL.ZG,2020,0.975292014
NAC,FP.CPI.TOTL.ZG,2021,4.046526024
NAC,FP.CPI.TOTL.ZG,2022,7.402800487
NAC,FP.CPI.TOTL.ZG,2023,3.997669991
NAC,FP.CPI.TOTL.ZG,2024,2.665554519
NAC,FP.CPI.TOTL.ZG,2025,
INX,FP.CPI.TOTL.ZG,1960,
INX,FP.CPI.TOTL.ZG,1961,
INX,FP.CPI.TOTL.ZG,1962,
INX,FP.CPI.TOTL.ZG,1963,
INX,FP.CPI.TOTL.ZG,1964,
INX,FP.CPI.TOTL.ZG,1965,
INX,FP.CPI.TOTL.ZG,1966,
INX,FP.CPI.TOTL.ZG,1967,
INX,FP.CPI.TOTL.ZG,1968,
INX,FP.CPI.TOTL.ZG,1969,
INX,FP.CPI.TOTL.ZG,1970,
INX,FP.CPI.TOTL.ZG,1971,
INX,FP.CPI.TOTL.ZG,1972,
INX,FP.CPI.TOTL.ZG,1973,
INX,FP.CPI.TOTL.ZG,1974,
INX,FP.CPI.TOTL.ZG,1975,
INX,FP.CPI.TOTL.ZG,1976,
INX,FP.CPI.TOTL.ZG,1977,
INX,FP.CPI.TOTL.ZG,1978,
INX,FP.CPI.TOTL.ZG,1979,
INX,FP.CPI.TOTL.ZG,1980,
INX,FP.CPI.TOTL.ZG,1981,
INX,FP.CPI.TOTL.ZG,1982,
INX,FP.CPI.TOTL.ZG,1983,
INX,FP.CPI.TOTL.ZG,1984,
INX,FP.CPI.TOTL.ZG,1985,
INX,FP.CPI.TOTL.ZG,1986,
INX,FP.CPI.TOTL.ZG,1987,
INX,FP.CPI.TOTL.ZG,1988,
INX,FP.CPI.TOTL.ZG,1989,
INX,FP.CPI.TOTL.ZG,1990,
INX,FP.CPI.TOTL.ZG,1991,
INX,FP.CPI.TOTL.ZG,1992,
INX,FP.CPI.TOTL.ZG,1993,
INX,FP.CPI.TOTL.ZG,1994,
INX,FP.CPI.TOTL.ZG,1995,
INX,FP.CPI.TOTL.ZG,1996,
INX,FP.CPI.TOTL.ZG,1997,
INX,FP.CPI.TOTL.ZG,1998,
INX,FP.CPI.TOTL.ZG,1999,
INX,FP.CPI.TOTL.ZG,2000,
INX,FP.CPI.TOTL.ZG,2001,
INX,FP.CPI.TOTL.ZG,2002,
INX,FP.CPI.TOTL.ZG,2003,
INX,FP.CPI.TOTL.ZG,2004,
INX,FP.CPI.TOTL.ZG,2005,
INX,FP.CPI.TOTL.ZG,2006,
INX,FP.CPI.TOTL.ZG,2007,
INX,FP.CPI.TOTL.ZG,2008,
INX,FP.CPI.TOTL.ZG,2009,
INX,FP.CPI.TOTL.ZG,2010,
INX,FP.CPI.TOTL.ZG,2011,
INX,FP.CPI.TOTL.ZG,2012,
INX,FP.CPI.TOTL.ZG,2013,
INX,FP.CPI.TOTL.ZG,2014,
INX,FP.CPI.TOTL.ZG,2015,
INX,FP.CPI.TOTL.ZG,2016,
INX,FP.CPI.TOTL.ZG,2017,
INX,FP.CPI.TOTL.ZG,2018,
INX,FP.CPI.TOTL.ZG,2019,
INX,FP.CPI.TOTL.ZG,2020,
INX,FP.CPI.TOTL.ZG,2021,
INX,FP.CPI.TOTL.ZG,2022,
INX,FP.CPI.TOTL.ZG,2023,
INX,FP.CPI.TOTL.ZG,2024,
INX,FP.CPI.TOTL.ZG,2025,
OED,FP.CPI.TOTL.ZG,1960,1.945749352
OED,FP.CPI.TOTL.ZG,1961,2.15797311
OED,FP.CPI.TOTL.ZG,1962,4.263727121
OED,FP.CPI.TOTL.ZG,1963,2.966959776
OED,FP.CPI.TOTL.ZG,1964,3.444898482
OED,FP.CPI.TOTL.ZG,1965,4.18722444
OED,FP.CPI.TOTL.ZG,1966,4.174347619
OED,FP.CPI.TOTL.ZG,1967,3.579952267
OED,FP.CPI.TOTL.ZG,1968,4.093891431
OED,FP.CPI.TOTL.ZG,1969,3.487919244
OED,FP.CPI.TOTL.ZG,1970,5.731144843
OED,FP.CPI.TOTL.ZG,1971,6.395348837
OED,FP.CPI.TOTL.ZG,1972,6.562360903
OED,FP.CPI.TOTL.ZG,1973,9.143468748
OED,FP.CPI.TOTL.ZG,1974,15.54852533
OED,FP.CPI.TOTL.ZG,1975,14.15687263
OED,FP.CPI.TOTL.ZG,1976,11.63675206
OED,FP.CPI.TOTL.ZG,1977,11.18202146
OED,FP.CPI.TOTL.ZG,1978,8.618432195
OED,FP.CPI.TOTL.ZG,1979,10.12889228
OED,FP.CPI.TOTL.ZG,1980,13.63445061
OED,FP.CPI.TOTL.ZG,1981,13.64296081
OED,FP.CPI.TOTL.ZG,1982,11.34099617
OED,FP.CPI.TOTL.ZG,1983,8.873021524
OED,FP.CPI.TOTL.ZG,1984,7.673802622
OED,FP.CPI.TOTL.ZG,1985,6.734685999
OED,FP.CPI.TOTL.ZG,1986,5.291661701
OED,FP.CPI.TOTL.ZG,1987,4.747284904
OED,FP.CPI.TOTL.ZG,1988,5.824898684
OED,FP.CPI.TOTL.ZG,1989,6.25983138
OED,FP.CPI.TOTL.ZG,1990,6.721819522
OED,FP.CPI.TOTL.ZG,1991,5.934213443
OED,FP.CPI.TOTL.ZG,1992,5.056977967
OED,FP.CPI.TOTL.ZG,1993,4.59790321
OED,FP.CPI.TOTL.ZG,1994,3.502625774
OED,FP.CPI.TOTL.ZG,1995,4.351778613
OED,FP.CPI.TOTL.ZG,1996,3.000090763
OED,FP.CPI.TOTL.ZG,1997,2.269003059
OED,FP.CPI.TOTL.ZG,1998,2.105774811
OED,FP.CPI.TOTL.ZG,1999,2.172603189
OED,FP.CPI.TOTL.ZG,2000,3.063803449
OED,FP.CPI.TOTL.ZG,2001,3.189082681
OED,FP.CPI.TOTL.ZG,2002,2.477360679
OED,FP.CPI.TOTL.ZG,2003,2.184283582
OED,FP.CPI.TOTL.ZG,2004,2.257964096
OED,FP.CPI.TOTL.ZG,2005,2.47212179
OED,FP.CPI.TOTL.ZG,2006,2.600153765
OED,FP.CPI.TOTL.ZG,2007,2.484704388
OED,FP.CPI.TOTL.ZG,2008,4.11407022
OED,FP.CPI.TOTL.ZG,2009,1.104577112
OED,FP.CPI.TOTL.ZG,2010,1.807352306
OED,FP.CPI.TOTL.ZG,2011,3.374297594
OED,FP.CPI.TOTL.ZG,2012,2.529455209
OED,FP.CPI.TOTL.ZG,2013,1.451565264
OED,FP.CPI.TOTL.ZG,2014,0.624517311
OED,FP.CPI.TOTL.ZG,2015,0.338705695
OED,FP.CPI.TOTL.ZG,2016,0.443258158
OED,FP.CPI.TOTL.ZG,2017,1.822643361
OED,FP.CPI.TOTL.ZG,2018,1.932467665
OED,FP.CPI.TOTL.ZG,2019,1.740712679
OED,FP.CPI.TOTL.ZG,2020,0.732851645
OED,FP.CPI.TOTL.ZG,2021,2.815289757
OED,FP.CPI.TOTL.ZG,2022,8.238032407
OED,FP.CPI.TOTL.ZG,2023,5.677678626
OED,FP.CPI.TOTL.ZG,2024,2.75237849
OED,FP.CPI.TOTL.ZG,2025,2.839796318
OSS,FP.CPI.TOTL.ZG,1960,
OSS,FP.CPI.TOTL.ZG,1961,
OSS,FP.CPI.TOTL.ZG,1962,
OSS,FP.CPI.TOTL.ZG,1963,
OSS,FP.CPI.TOTL.ZG,1964,
OSS,FP.CPI.TOTL.ZG,1965,
OSS,FP.CPI.TOTL.ZG,1966,
OSS,FP.CPI.TOTL.ZG,1967,
OSS,FP.CPI.TOTL.ZG,1968,
OSS,FP.CPI.TOTL.ZG,1969,
OSS,FP.CPI.TOTL.ZG,1970,
OSS,FP.CPI.TOTL.ZG,1971,
OSS,FP.CPI.TOTL.ZG,1972,
OSS,FP.CPI.TOTL.ZG,1973,
OSS,FP.CPI.TOTL.ZG,1974,
OSS,FP.CPI.TOTL.ZG,1975,
OSS,FP.CPI.TOTL.ZG,1976,
OSS,FP.CPI.TOTL.ZG,1977,
OSS,FP.CPI.TOTL.ZG,1978,
OSS,FP.CPI.TOTL.ZG,1979,
OSS,FP.CPI.TOTL.ZG,1980,
OSS,FP.CPI.TOTL.ZG,1981,10.74469361
OSS,FP.CPI.TOTL.ZG,1982,6.432797267
OSS,FP.CPI.TOTL.ZG,1983,5.589498018
OSS,FP.CPI.TOTL.ZG,1984,6.514828861
OSS,FP.CPI.TOTL.ZG,1985,3.693834474
OSS,FP.CPI.TOTL.ZG,1986,9.722193277
OSS,FP.CPI.TOTL.ZG,1987,3.846153846
OSS,FP.CPI.TOTL.ZG,1988,5.265217171
OSS,FP.CPI.TOTL.ZG,1989,5.860509519
OSS,FP.CPI.TOTL.ZG,1990,7.256946476
OSS,FP.CPI.TOTL.ZG,1991,6.904896327
OSS,FP.CPI.TOTL.ZG,1992,4.295615534
OSS,FP.CPI.TOTL.ZG,1993,5.788395904
OSS,FP.CPI.TOTL.ZG,1994,4.129921816
OSS,FP.CPI.TOTL.ZG,1995,5.966641395
OSS,FP.CPI.TOTL.ZG,1996,5.963619618
OSS,FP.CPI.TOTL.ZG,1997,6.669415266
OSS,FP.CPI.TOTL.ZG,1998,3.48704384
OSS,FP.CPI.TOTL.ZG,1999,3.826272321
OSS,FP.CPI.TOTL.ZG,2000,4.080073586
OSS,FP.CPI.TOTL.ZG,2001,4.402066862
OSS,FP.CPI.TOTL.ZG,2002,3.167098597
OSS,FP.CPI.TOTL.ZG,2003,2.572308617
OSS,FP.CPI.TOTL.ZG,2004,3.140227645
OSS,FP.CPI.TOTL.ZG,2005,3.010645238
OSS,FP.CPI.TOTL.ZG,2006,3.483406997
OSS,FP.CPI.TOTL.ZG,2007,5.051557365
OSS,FP.CPI.TOTL.ZG,2008,9.064236219
OSS,FP.CPI.TOTL.ZG,2009,2.516091281
OSS,FP.CPI.TOTL.ZG,2010,2.97204512
OSS,FP.CPI.TOTL.ZG,2011,4.473883422
OSS,FP.CPI.TOTL.ZG,2012,4.14524725
OSS,FP.CPI.TOTL.ZG,2013,2.78056659
OSS,FP.CPI.TOTL.ZG,2014,1.341864943
OSS,FP.CPI.TOTL.ZG,2015,0.953206659
OSS,FP.CPI.TOTL.ZG,2016,0.642702772
OSS,FP.CPI.TOTL.ZG,2017,1.760415592
OSS,FP.CPI.TOTL.ZG,2018,2.611223783
OSS,FP.CPI.TOTL.ZG,2019,1.642060018
OSS,FP.CPI.TOTL.ZG,2020,0.712593443
OSS,FP.CPI.TOTL.ZG,2021,2.428445328
OSS,FP.CPI.TOTL.ZG,2022,7.468119354
OSS,FP.CPI.TOTL.ZG,2023,5.512938088
OSS,FP.CPI.TOTL.ZG,2024,2.087426601
OSS,FP.CPI.TOTL.ZG,2025,2.806305423
PSS,FP.CPI.TOTL.ZG,1960,
PSS,FP.CPI.TOTL.ZG,1961,
PSS,FP.CPI.TOTL.ZG,1962,
PSS,FP.CPI.TOTL.ZG,1963,
PSS,FP.CPI.TOTL.ZG,1964,
PSS,FP.CPI.TOTL.ZG,1965,
PSS,FP.CPI.TOTL.ZG,1966,
PSS,FP.CPI.TOTL.ZG,1967,
PSS,FP.CPI.TOTL.ZG,1968,
PSS,FP.CPI.TOTL.ZG,1969,
PSS,FP.CPI.TOTL.ZG,1970,
PSS,FP.CPI.TOTL.ZG,1971,
PSS,FP.CPI.TOTL.ZG,1972,
PSS,FP.CPI.TOTL.ZG,1973,
PSS,FP.CPI.TOTL.ZG,1974,
PSS,FP.CPI.TOTL.ZG,1975,
PSS,FP.CPI.TOTL.ZG,1976,
PSS,FP.CPI.TOTL.ZG,1977,
PSS,FP.CPI.TOTL.ZG,1978,
PSS,FP.CPI.TOTL.ZG,1979,
PSS,FP.CPI.TOTL.ZG,1980,
PSS,FP.CPI.TOTL.ZG,1981,
PSS,FP.CPI.TOTL.ZG,1982,
PSS,FP.CPI.TOTL.ZG,1983,
PSS,FP.CPI.TOTL.ZG,1984,
PSS,FP.CPI.TOTL.ZG,1985,
PSS,FP.CPI.TOTL.ZG,1986,
PSS,FP.CPI.TOTL.ZG,1987,
PSS,FP.CPI.TOTL.ZG,1988,
PSS,FP.CPI.TOTL.ZG,1989,
PSS,FP.CPI.TOTL.ZG,1990,
PSS,FP.CPI.TOTL.ZG,1991,
PSS,FP.CPI.TOTL.ZG,1992,
PSS,FP.CPI.TOTL.ZG,1993,
PSS,FP.CPI.TOTL.ZG,1994,
PSS,FP.CPI.TOTL.ZG,1995,
PSS,FP.CPI.TOTL.ZG,1996,
PSS,FP.CPI.TOTL.ZG,1997,
PSS,FP.CPI.TOTL.ZG,1998,
PSS,FP.CPI.TOTL.ZG,1999,
PSS,FP.CPI.TOTL.ZG,2000,2.348103274
PSS,FP.CPI.TOTL.ZG,2001,4.055477442
PSS,FP.CPI.TOTL.ZG,2002,1.963567542
PSS,FP.CPI.TOTL.ZG,2003,3.016241299
PSS,FP.CPI.TOTL.ZG,2004,4.964075767
PSS,FP.CPI.TOTL.ZG,2005,3.951462352
PSS,FP.CPI.TOTL.ZG,2006,4.429811434
PSS,FP.CPI.TOTL.ZG,2007,4.369595142
PSS,FP.CPI.TOTL.ZG,2008,11.00644718
PSS,FP.CPI.TOTL.ZG,2009,5.311009546
PSS,FP.CPI.TOTL.ZG,2010,2.102442434
PSS,FP.CPI.TOTL.ZG,2011,4.878646417
PSS,FP.CPI.TOTL.ZG,2012,2.049018835
PSS,FP.CPI.TOTL.ZG,2013,1.605630546
PSS,FP.CPI.TOTL.ZG,2014,1.451424524
PSS,FP.CPI.TOTL.ZG,2015,0.648242939
PSS,FP.CPI.TOTL.ZG,2016,1.073393889
PSS,FP.CPI.TOTL.ZG,2017,1.583942486
PSS,FP.CPI.TOTL.ZG,2018,2.896219323
PSS,FP.CPI.TOTL.ZG,2019,1.407199394
PSS,FP.CPI.TOTL.ZG,2020,0.386388225
PSS,FP.CPI.TOTL.ZG,2021,2.47788272
PSS,FP.CPI.TOTL.ZG,2022,6.379065067
PSS,FP.CPI.TOTL.ZG,2023,7.921646848
PSS,FP.CPI.TOTL.ZG,2024,2.455450722
PSS,FP.CPI.TOTL.ZG,2025,1.434208609
PST,FP.CPI.TOTL.ZG,1960,1.536612343
PST,FP.CPI.TOTL.ZG,1961,2.077138331
PST,FP.CPI.TOTL.ZG,1962,3.51988454
PST,FP.CPI.TOTL.ZG,1963,2.874031403
PST,FP.CPI.TOTL.ZG,1964,3.334624629
PST,FP.CPI.TOTL.ZG,1965,3.666477086
PST,FP.CPI.TOTL.ZG,1966,3.844656543
PST,FP.CPI.TOTL.ZG,1967,3.634875153
PST,FP.CPI.TOTL.ZG,1968,3.720791771
PST,FP.CPI.TOTL.ZG,1969,3.278686976
PST,FP.CPI.TOTL.ZG,1970,4.968319873
PST,FP.CPI.TOTL.ZG,1971,6.138108387
PST,FP.CPI.TOTL.ZG,1972,6.063003097
PST,FP.CPI.TOTL.ZG,1973,8.094436511
PST,FP.CPI.TOTL.ZG,1974,13.16360261
PST,FP.CPI.TOTL.ZG,1975,11.68757537
PST,FP.CPI.TOTL.ZG,1976,9.267754576
PST,FP.CPI.TOTL.ZG,1977,9.299197192
PST,FP.CPI.TOTL.ZG,1978,8.083287969
PST,FP.CPI.TOTL.ZG,1979,9.049216458
PST,FP.CPI.TOTL.ZG,1980,11.94997166
PST,FP.CPI.TOTL.ZG,1981,11.76738743
PST,FP.CPI.TOTL.ZG,1982,9.470989321
PST,FP.CPI.TOTL.ZG,1983,7.310485797
PST,FP.CPI.TOTL.ZG,1984,6.194763795
PST,FP.CPI.TOTL.ZG,1985,4.773742723
PST,FP.CPI.TOTL.ZG,1986,3.159097295
PST,FP.CPI.TOTL.ZG,1987,4.066511159
PST,FP.CPI.TOTL.ZG,1988,4.686201838
PST,FP.CPI.TOTL.ZG,1989,5.715991551
PST,FP.CPI.TOTL.ZG,1990,6.098444148
PST,FP.CPI.TOTL.ZG,1991,5.625864086
PST,FP.CPI.TOTL.ZG,1992,4.037030208
PST,FP.CPI.TOTL.ZG,1993,4.144819542
PST,FP.CPI.TOTL.ZG,1994,2.953409368
PST,FP.CPI.TOTL.ZG,1995,3.754944137
PST,FP.CPI.TOTL.ZG,1996,2.615379024
PST,FP.CPI.TOTL.ZG,1997,2.201143135
PST,FP.CPI.TOTL.ZG,1998,1.834329999
PST,FP.CPI.TOTL.ZG,1999,1.611761176
PST,FP.CPI.TOTL.ZG,2000,2.579876112
PST,FP.CPI.TOTL.ZG,2001,2.656910939
PST,FP.CPI.TOTL.ZG,2002,1.998749211
PST,FP.CPI.TOTL.ZG,2003,2.021685429
PST,FP.CPI.TOTL.ZG,2004,2.079244646
PST,FP.CPI.TOTL.ZG,2005,2.37531959
PST,FP.CPI.TOTL.ZG,2006,2.457924442
PST,FP.CPI.TOTL.ZG,2007,2.327614426
PST,FP.CPI.TOTL.ZG,2008,4.152797081
PST,FP.CPI.TOTL.ZG,2009,0.839262247
PST,FP.CPI.TOTL.ZG,2010,1.996212367
PST,FP.CPI.TOTL.ZG,2011,3.329853234
PST,FP.CPI.TOTL.ZG,2012,2.485675622
PST,FP.CPI.TOTL.ZG,2013,1.408581092
PST,FP.CPI.TOTL.ZG,2014,0.906794
PST,FP.CPI.TOTL.ZG,2015,0.368046842
PST,FP.CPI.TOTL.ZG,2016,0.607397075
PST,FP.CPI.TOTL.ZG,2017,1.730799591
PST,FP.CPI.TOTL.ZG,2018,1.73860862
PST,FP.CPI.TOTL.ZG,2019,1.619631902
PST,FP.CPI.TOTL.ZG,2020,0.632267332
PST,FP.CPI.TOTL.ZG,2021,2.508352215
PST,FP.CPI.TOTL.ZG,2022,7.877370037
PST,FP.CPI.TOTL.ZG,2023,5.067138654
PST,FP.CPI.TOTL.ZG,2024,2.440915727
PST,FP.CPI.TOTL.ZG,2025,2.372848072
PRE,FP.CPI.TOTL.ZG,1960,
PRE,FP.CPI.TOTL.ZG,1961,
PRE,FP.CPI.TOTL.ZG,1962,
PRE,FP.CPI.TOTL.ZG,1963,
PRE,FP.CPI.TOTL.ZG,1964,
PRE,FP.CPI.TOTL.ZG,1965,
PRE,FP.CPI.TOTL.ZG,1966,
PRE,FP.CPI.TOTL.ZG,1967,
PRE,FP.CPI.TOTL.ZG,1968,
PRE,FP.CPI.TOTL.ZG,1969,
PRE,FP.CPI.TOTL.ZG,1970,
PRE,FP.CPI.TOTL.ZG,1971,
PRE,FP.CPI.TOTL.ZG,1972,
PRE,FP.CPI.TOTL.ZG,1973,
PRE,FP.CPI.TOTL.ZG,1974,
PRE,FP.CPI.TOTL.ZG,1975,
PRE,FP.CPI.TOTL.ZG,1976,
PRE,FP.CPI.TOTL.ZG,1977,
PRE,FP.CPI.TOTL.ZG,1978,
PRE,FP.CPI.TOTL.ZG,1979,
PRE,FP.CPI.TOTL.ZG,1980,
PRE,FP.CPI.TOTL.ZG,1981,
PRE,FP.CPI.TOTL.ZG,1982,
PRE,FP.CPI.TOTL.ZG,1983,
PRE,FP.CPI.TOTL.ZG,1984,
PRE,FP.CPI.TOTL.ZG,1985,
PRE,FP.CPI.TOTL.ZG,1986,6.184778545
PRE,FP.CPI.TOTL.ZG,1987,8.152342538
PRE,FP.CPI.TOTL.ZG,1988,9.31063653
PRE,FP.CPI.TOTL.ZG,1989,8.275016088
PRE,FP.CPI.TOTL.ZG,1990,6.600225649
PRE,FP.CPI.TOTL.ZG,1991,8.592647605
PRE,FP.CPI.TOTL.ZG,1992,9.486542506
PRE,FP.CPI.TOTL.ZG,1993,7.917074194
PRE,FP.CPI.TOTL.ZG,1994,34.64963615
PRE,FP.CPI.TOTL.ZG,1995,16.43350345
PRE,FP.CPI.TOTL.ZG,1996,7.191646604
PRE,FP.CPI.TOTL.ZG,1997,6.870639276
PRE,FP.CPI.TOTL.ZG,1998,6.465226297
PRE,FP.CPI.TOTL.ZG,1999,3.812372054
PRE,FP.CPI.TOTL.ZG,2000,4.165404423
PRE,FP.CPI.TOTL.ZG,2001,5.077450455
PRE,FP.CPI.TOTL.ZG,2002,4.378759718
PRE,FP.CPI.TOTL.ZG,2003,5.227733861
PRE,FP.CPI.TOTL.ZG,2004,4.10703594
PRE,FP.CPI.TOTL.ZG,2005,7.797497818
PRE,FP.CPI.TOTL.ZG,2006,6.695264658
PRE,FP.CPI.TOTL.ZG,2007,5.995907559
PRE,FP.CPI.TOTL.ZG,2008,10.28768479
PRE,FP.CPI.TOTL.ZG,2009,4.561506877
PRE,FP.CPI.TOTL.ZG,2010,3.976552885
PRE,FP.CPI.TOTL.ZG,2011,6.429396811
PRE,FP.CPI.TOTL.ZG,2012,6.441212809
PRE,FP.CPI.TOTL.ZG,2013,4.631616197
PRE,FP.CPI.TOTL.ZG,2014,3.534368561
PRE,FP.CPI.TOTL.ZG,2015,3.254726881
PRE,FP.CPI.TOTL.ZG,2016,4.383891955
PRE,FP.CPI.TOTL.ZG,2017,4.578337412
PRE,FP.CPI.TOTL.ZG,2018,2.802037835
PRE,FP.CPI.TOTL.ZG,2019,2.569087847
PRE,FP.CPI.TOTL.ZG,2020,3.398629285
PRE,FP.CPI.TOTL.ZG,2021,4.22278962
PRE,FP.CPI.TOTL.ZG,2022,8.77567483
PRE,FP.CPI.TOTL.ZG,2023,7.102209286
PRE,FP.CPI.TOTL.ZG,2024,4.190817213
PRE,FP.CPI.TOTL.ZG,2025,3.278235404
SST,FP.CPI.TOTL.ZG,1960,
SST,FP.CPI.TOTL.ZG,1961,
SST,FP.CPI.TOTL.ZG,1962,
SST,FP.CPI.TOTL.ZG,1963,
SST,FP.CPI.TOTL.ZG,1964,
SST,FP.CPI.TOTL.ZG,1965,
SST,FP.CPI.TOTL.ZG,1966,
SST,FP.CPI.TOTL.ZG,1967,
SST,FP.CPI.TOTL.ZG,1968,
SST,FP.CPI.TOTL.ZG,1969,
SST,FP.CPI.TOTL.ZG,1970,
SST,FP.CPI.TOTL.ZG,1971,
SST,FP.CPI.TOTL.ZG,1972,
SST,FP.CPI.TOTL.ZG,1973,
SST,FP.CPI.TOTL.ZG,1974,
SST,FP.CPI.TOTL.ZG,1975,
SST,FP.CPI.TOTL.ZG,1976,
SST,FP.CPI.TOTL.ZG,1977,
SST,FP.CPI.TOTL.ZG,1978,
SST,FP.CPI.TOTL.ZG,1979,
SST,FP.CPI.TOTL.ZG,1980,16.47736455
SST,FP.CPI.TOTL.ZG,1981,13.00117207
SST,FP.CPI.TOTL.ZG,1982,7.129906758
SST,FP.CPI.TOTL.ZG,1983,5.344343386
SST,FP.CPI.TOTL.ZG,1984,4.685797312
SST,FP.CPI.TOTL.ZG,1985,4.420972396
SST,FP.CPI.TOTL.ZG,1986,3.770187504
SST,FP.CPI.TOTL.ZG,1987,4.327982971
SST,FP.CPI.TOTL.ZG,1988,4.858859178
SST,FP.CPI.TOTL.ZG,1989,5.592948718
SST,FP.CPI.TOTL.ZG,1990,4.759441283
SST,FP.CPI.TOTL.ZG,1991,6.257526633
SST,FP.CPI.TOTL.ZG,1992,5.138897799
SST,FP.CPI.TOTL.ZG,1993,4.198260111
SST,FP.CPI.TOTL.ZG,1994,3.101008817
SST,FP.CPI.TOTL.ZG,1995,2.956800251
SST,FP.CPI.TOTL.ZG,1996,2.99528024
SST,FP.CPI.TOTL.ZG,1997,3.580507675
SST,FP.CPI.TOTL.ZG,1998,3.23819448
SST,FP.CPI.TOTL.ZG,1999,3.231832609
SST,FP.CPI.TOTL.ZG,2000,2.802564056
SST,FP.CPI.TOTL.ZG,2001,3.496171991
SST,FP.CPI.TOTL.ZG,2002,2.407658013
SST,FP.CPI.TOTL.ZG,2003,2.276759695
SST,FP.CPI.TOTL.ZG,2004,3.048111075
SST,FP.CPI.TOTL.ZG,2005,3.37781904
SST,FP.CPI.TOTL.ZG,2006,3.818124702
SST,FP.CPI.TOTL.ZG,2007,4.480886086
SST,FP.CPI.TOTL.ZG,2008,8.423725662
SST,FP.CPI.TOTL.ZG,2009,2.19959237
SST,FP.CPI.TOTL.ZG,2010,2.999366305
SST,FP.CPI.TOTL.ZG,2011,4.407304145
SST,FP.CPI.TOTL.ZG,2012,3.518777856
SST,FP.CPI.TOTL.ZG,2013,1.752327374
SST,FP.CPI.TOTL.ZG,2014,1.201399645
SST,FP.CPI.TOTL.ZG,2015,0.552796026
SST,FP.CPI.TOTL.ZG,2016,0.64407534
SST,FP.CPI.TOTL.ZG,2017,1.749896775
SST,FP.CPI.TOTL.ZG,2018,2.130627743
SST,FP.CPI.TOTL.ZG,2019,1.305449665
SST,FP.CPI.TOTL.ZG,2020,0.598986331
SST,FP.CPI.TOTL.ZG,2021,2.410703122
SST,FP.CPI.TOTL.ZG,2022,6.276893194
SST,FP.CPI.TOTL.ZG,2023,5.067138654
SST,FP.CPI.TOTL.ZG,2024,2.343589225
SST,FP.CPI.TOTL.ZG,2025,2.253578663
SAS,FP.CPI.TOTL.ZG,1960,
SAS,FP.CPI.TOTL.ZG,1961,
SAS,FP.CPI.TOTL.ZG,1962,
SAS,FP.CPI.TOTL.ZG,1963,
SAS,FP.CPI.TOTL.ZG,1964,
SAS,FP.CPI.TOTL.ZG,1965,8.471869328
SAS,FP.CPI.TOTL.ZG,1966,10.80184835
SAS,FP.CPI.TOTL.ZG,1967,2.189239332
SAS,FP.CPI.TOTL.ZG,1968,3.237412426
SAS,FP.CPI.TOTL.ZG,1969,4.057591623
SAS,FP.CPI.TOTL.ZG,1970,5.866956078
SAS,FP.CPI.TOTL.ZG,1971,2.665380209
SAS,FP.CPI.TOTL.ZG,1972,6.442097462
SAS,FP.CPI.TOTL.ZG,1973,11.42977253
SAS,FP.CPI.TOTL.ZG,1974,19.80633803
SAS,FP.CPI.TOTL.ZG,1975,6.625992553
SAS,FP.CPI.TOTL.ZG,1976,-3.113235733
SAS,FP.CPI.TOTL.ZG,1977,8.307470092
SAS,FP.CPI.TOTL.ZG,1978,7.346091251
SAS,FP.CPI.TOTL.ZG,1979,6.275683368
SAS,FP.CPI.TOTL.ZG,1980,14.68450278
SAS,FP.CPI.TOTL.ZG,1981,12.12870181
SAS,FP.CPI.TOTL.ZG,1982,10.33626067
SAS,FP.CPI.TOTL.ZG,1983,13.17081304
SAS,FP.CPI.TOTL.ZG,1984,7.678306865
SAS,FP.CPI.TOTL.ZG,1985,3.719218269
SAS,FP.CPI.TOTL.ZG,1986,9.722193277
SAS,FP.CPI.TOTL.ZG,1987,9.252599071
SAS,FP.CPI.TOTL.ZG,1988,9.183237622
SAS,FP.CPI.TOTL.ZG,1989,7.972848042
SAS,FP.CPI.TOTL.ZG,1990,8.605466439
SAS,FP.CPI.TOTL.ZG,1991,13.07270956
SAS,FP.CPI.TOTL.ZG,1992,13.8815172
SAS,FP.CPI.TOTL.ZG,1993,9.351705389
SAS,FP.CPI.TOTL.ZG,1994,7.679620139
SAS,FP.CPI.TOTL.ZG,1995,8.581198551
SAS,FP.CPI.TOTL.ZG,1996,8.883583079
SAS,FP.CPI.TOTL.ZG,1997,6.834869649
SAS,FP.CPI.TOTL.ZG,1998,9.974916498
SAS,FP.CPI.TOTL.ZG,1999,5.399200764
SAS,FP.CPI.TOTL.ZG,2000,3.244128059
SAS,FP.CPI.TOTL.ZG,2001,3.051546598
SAS,FP.CPI.TOTL.ZG,2002,3.755618666
SAS,FP.CPI.TOTL.ZG,2003,4.737283365
SAS,FP.CPI.TOTL.ZG,2004,3.936594359
SAS,FP.CPI.TOTL.ZG,2005,6.074481853
SAS,FP.CPI.TOTL.ZG,2006,6.280892273
SAS,FP.CPI.TOTL.ZG,2007,6.583827448
SAS,FP.CPI.TOTL.ZG,2008,9.404887474
SAS,FP.CPI.TOTL.ZG,2009,4.976824477
SAS,FP.CPI.TOTL.ZG,2010,7.581529776
SAS,FP.CPI.TOTL.ZG,2011,9.069434413
SAS,FP.CPI.TOTL.ZG,2012,9.469403359
SAS,FP.CPI.TOTL.ZG,2013,8.153394931
SAS,FP.CPI.TOTL.ZG,2014,6.828647805
SAS,FP.CPI.TOTL.ZG,2015,4.727558696
SAS,FP.CPI.TOTL.ZG,2016,4.453552403
SAS,FP.CPI.TOTL.ZG,2017,4.141628522
SAS,FP.CPI.TOTL.ZG,2018,3.331395164
SAS,FP.CPI.TOTL.ZG,2019,3.628949659
SAS,FP.CPI.TOTL.ZG,2020,5.660219987
SAS,FP.CPI.TOTL.ZG,2021,5.33853089
SAS,FP.CPI.TOTL.ZG,2022,7.184619967
SAS,FP.CPI.TOTL.ZG,2023,6.382507902
SAS,FP.CPI.TOTL.ZG,2024,3.723206119
SAS,FP.CPI.TOTL.ZG,2025,3.104239664
TSA,FP.CPI.TOTL.ZG,1960,
TSA,FP.CPI.TOTL.ZG,1961,
TSA,FP.CPI.TOTL.ZG,1962,
TSA,FP.CPI.TOTL.ZG,1963,
TSA,FP.CPI.TOTL.ZG,1964,
TSA,FP.CPI.TOTL.ZG,1965,8.471869328
TSA,FP.CPI.TOTL.ZG,1966,10.80184835
TSA,FP.CPI.TOTL.ZG,1967,2.189239332
TSA,FP.CPI.TOTL.ZG,1968,3.237412426
TSA,FP.CPI.TOTL.ZG,1969,4.057591623
TSA,FP.CPI.TOTL.ZG,1970,5.866956078
TSA,FP.CPI.TOTL.ZG,1971,2.665380209
TSA,FP.CPI.TOTL.ZG,1972,6.442097462
TSA,FP.CPI.TOTL.ZG,1973,11.42977253
TSA,FP.CPI.TOTL.ZG,1974,19.80633803
TSA,FP.CPI.TOTL.ZG,1975,6.625992553
TSA,FP.CPI.TOTL.ZG,1976,-3.113235733
TSA,FP.CPI.TOTL.ZG,1977,8.307470092
TSA,FP.CPI.TOTL.ZG,1978,7.346091251
TSA,FP.CPI.TOTL.ZG,1979,6.275683368
TSA,FP.CPI.TOTL.ZG,1980,14.68450278
TSA,FP.CPI.TOTL.ZG,1981,12.12870181
TSA,FP.CPI.TOTL.ZG,1982,10.33626067
TSA,FP.CPI.TOTL.ZG,1983,13.17081304
TSA,FP.CPI.TOTL.ZG,1984,7.678306865
TSA,FP.CPI.TOTL.ZG,1985,3.719218269
TSA,FP.CPI.TOTL.ZG,1986,9.722193277
TSA,FP.CPI.TOTL.ZG,1987,9.252599071
TSA,FP.CPI.TOTL.ZG,1988,9.183237622
TSA,FP.CPI.TOTL.ZG,1989,7.972848042
TSA,FP.CPI.TOTL.ZG,1990,8.605466439
TSA,FP.CPI.TOTL.ZG,1991,13.07270956
TSA,FP.CPI.TOTL.ZG,1992,13.8815172
TSA,FP.CPI.TOTL.ZG,1993,9.351705389
TSA,FP.CPI.TOTL.ZG,1994,7.679620139
TSA,FP.CPI.TOTL.ZG,1995,8.581198551
TSA,FP.CPI.TOTL.ZG,1996,8.883583079
TSA,FP.CPI.TOTL.ZG,1997,6.834869649
TSA,FP.CPI.TOTL.ZG,1998,9.974916498
TSA,FP.CPI.TOTL.ZG,1999,5.399200764
TSA,FP.CPI.TOTL.ZG,2000,3.244128059
TSA,FP.CPI.TOTL.ZG,2001,3.051546598
TSA,FP.CPI.TOTL.ZG,2002,3.755618666
TSA,FP.CPI.TOTL.ZG,2003,4.737283365
TSA,FP.CPI.TOTL.ZG,2004,3.936594359
TSA,FP.CPI.TOTL.ZG,2005,6.074481853
TSA,FP.CPI.TOTL.ZG,2006,6.280892273
TSA,FP.CPI.TOTL.ZG,2007,6.583827448
TSA,FP.CPI.TOTL.ZG,2008,9.404887474
TSA,FP.CPI.TOTL.ZG,2009,4.976824477
TSA,FP.CPI.TOTL.ZG,2010,7.581529776
TSA,FP.CPI.TOTL.ZG,2011,9.069434413
TSA,FP.CPI.TOTL.ZG,2012,9.469403359
TSA,FP.CPI.TOTL.ZG,2013,8.153394931
TSA,FP.CPI.TOTL.ZG,2014,6.828647805
TSA,FP.CPI.TOTL.ZG,2015,4.727558696
TSA,FP.CPI.TOTL.ZG,2016,4.453552403
TSA,FP.CPI.TOTL.ZG,2017,4.141628522
TSA,FP.CPI.TOTL.ZG,2018,3.331395164
TSA,FP.CPI.TOTL.ZG,2019,3.628949659
TSA,FP.CPI.TOTL.ZG,2020,5.660219987
TSA,FP.CPI.TOTL.ZG,2021,5.33853089
TSA,FP.CPI.TOTL.ZG,2022,7.184619967
TSA,FP.CPI.TOTL.ZG,2023,6.382507902
TSA,FP.CPI.TOTL.ZG,2024,3.723206119
TSA,FP.CPI.TOTL.ZG,2025,3.104239664
SSF,FP.CPI.TOTL.ZG,1960,
SSF,FP.CPI.TOTL.ZG,1961,
SSF,FP.CPI.TOTL.ZG,1962,
SSF,FP.CPI.TOTL.ZG,1963,
SSF,FP.CPI.TOTL.ZG,1964,
SSF,FP.CPI.TOTL.ZG,1965,
SSF,FP.CPI.TOTL.ZG,1966,
SSF,FP.CPI.TOTL.ZG,1967,
SSF,FP.CPI.TOTL.ZG,1968,
SSF,FP.CPI.TOTL.ZG,1969,
SSF,FP.CPI.TOTL.ZG,1970,
SSF,FP.CPI.TOTL.ZG,1971,
SSF,FP.CPI.TOTL.ZG,1972,
SSF,FP.CPI.TOTL.ZG,1973,
SSF,FP.CPI.TOTL.ZG,1974,
SSF,FP.CPI.TOTL.ZG,1975,18.31178575
SSF,FP.CPI.TOTL.ZG,1976,11.54488065
SSF,FP.CPI.TOTL.ZG,1977,14.8900665
SSF,FP.CPI.TOTL.ZG,1978,11.45943006
SSF,FP.CPI.TOTL.ZG,1979,13.67462736
SSF,FP.CPI.TOTL.ZG,1980,13.60198283
SSF,FP.CPI.TOTL.ZG,1981,12.29032786
SSF,FP.CPI.TOTL.ZG,1982,12.09984145
SSF,FP.CPI.TOTL.ZG,1983,11.48265356
SSF,FP.CPI.TOTL.ZG,1984,11.11693129
SSF,FP.CPI.TOTL.ZG,1985,9.406907507
SSF,FP.CPI.TOTL.ZG,1986,6.859344228
SSF,FP.CPI.TOTL.ZG,1987,7.632790089
SSF,FP.CPI.TOTL.ZG,1988,8.351679568
SSF,FP.CPI.TOTL.ZG,1989,8.046158635
SSF,FP.CPI.TOTL.ZG,1990,7.544861097
SSF,FP.CPI.TOTL.ZG,1991,8.934306569
SSF,FP.CPI.TOTL.ZG,1992,9.486542506
SSF,FP.CPI.TOTL.ZG,1993,9.52484537
SSF,FP.CPI.TOTL.ZG,1994,27.44798071
SSF,FP.CPI.TOTL.ZG,1995,11.42593996
SSF,FP.CPI.TOTL.ZG,1996,7.191646604
SSF,FP.CPI.TOTL.ZG,1997,7.647174333
SSF,FP.CPI.TOTL.ZG,1998,6.435732876
SSF,FP.CPI.TOTL.ZG,1999,4.356433745
SSF,FP.CPI.TOTL.ZG,2000,4.500788563
SSF,FP.CPI.TOTL.ZG,2001,5.147468002
SSF,FP.CPI.TOTL.ZG,2002,4.705791237
SSF,FP.CPI.TOTL.ZG,2003,5.679424141
SSF,FP.CPI.TOTL.ZG,2004,4.136632131
SSF,FP.CPI.TOTL.ZG,2005,6.427552781
SSF,FP.CPI.TOTL.ZG,2006,6.537843953
SSF,FP.CPI.TOTL.ZG,2007,6.78669789
SSF,FP.CPI.TOTL.ZG,2008,10.37852448
SSF,FP.CPI.TOTL.ZG,2009,5.006273615
SSF,FP.CPI.TOTL.ZG,2010,4.022024222
SSF,FP.CPI.TOTL.ZG,2011,5.366210929
SSF,FP.CPI.TOTL.ZG,2012,6.581831051
SSF,FP.CPI.TOTL.ZG,2013,4.885163876
SSF,FP.CPI.TOTL.ZG,2014,4.403802717
SSF,FP.CPI.TOTL.ZG,2015,3.472387529
SSF,FP.CPI.TOTL.ZG,2016,5.302642977
SSF,FP.CPI.TOTL.ZG,2017,5.186186555
SSF,FP.CPI.TOTL.ZG,2018,3.9113344
SSF,FP.CPI.TOTL.ZG,2019,2.867588034
SSF,FP.CPI.TOTL.ZG,2020,3.398629285
SSF,FP.CPI.TOTL.ZG,2021,4.439054812
SSF,FP.CPI.TOTL.ZG,2022,9.458012813
SSF,FP.CPI.TOTL.ZG,2023,6.697599908
SSF,FP.CPI.TOTL.ZG,2024,4.300095847
SSF,FP.CPI.TOTL.ZG,2025,3.403734583
SSA,FP.CPI.TOTL.ZG,1960,
SSA,FP.CPI.TOTL.ZG,1961,
SSA,FP.CPI.TOTL.ZG,1962,
SSA,FP.CPI.TOTL.ZG,1963,
SSA,FP.CPI.TOTL.ZG,1964,
SSA,FP.CPI.TOTL.ZG,1965,
SSA,FP.CPI.TOTL.ZG,1966,
SSA,FP.CPI.TOTL.ZG,1967,
SSA,FP.CPI.TOTL.ZG,1968,
SSA,FP.CPI.TOTL.ZG,1969,
SSA,FP.CPI.TOTL.ZG,1970,
SSA,FP.CPI.TOTL.ZG,1971,
SSA,FP.CPI.TOTL.ZG,1972,
SSA,FP.CPI.TOTL.ZG,1973,
SSA,FP.CPI.TOTL.ZG,1974,
SSA,FP.CPI.TOTL.ZG,1975,
SSA,FP.CPI.TOTL.ZG,1976,
SSA,FP.CPI.TOTL.ZG,1977,
SSA,FP.CPI.TOTL.ZG,1978,
SSA,FP.CPI.TOTL.ZG,1979,
SSA,FP.CPI.TOTL.ZG,1980,
SSA,FP.CPI.TOTL.ZG,1981,12.41326137
SSA,FP.CPI.TOTL.ZG,1982,12.1399177
SSA,FP.CPI.TOTL.ZG,1983,11.56752438
SSA,FP.CPI.TOTL.ZG,1984,11.25
SSA,FP.CPI.TOTL.ZG,1985,10.30544067
SSA,FP.CPI.TOTL.ZG,1986,7.433333333
SSA,FP.CPI.TOTL.ZG,1987,8.152342538
SSA,FP.CPI.TOTL.ZG,1988,8.755496851
SSA,FP.CPI.TOTL.ZG,1989,8.275016088
SSA,FP.CPI.TOTL.ZG,1990,7.725321888
SSA,FP.CPI.TOTL.ZG,1991,8.965622652
SSA,FP.CPI.TOTL.ZG,1992,9.523477191
SSA,FP.CPI.TOTL.ZG,1993,9.679346581
SSA,FP.CPI.TOTL.ZG,1994,28.81438943
SSA,FP.CPI.TOTL.ZG,1995,12.28859126
SSA,FP.CPI.TOTL.ZG,1996,7.272883163
SSA,FP.CPI.TOTL.ZG,1997,8.169021441
SSA,FP.CPI.TOTL.ZG,1998,6.661398657
SSA,FP.CPI.TOTL.ZG,1999,4.249552559
SSA,FP.CPI.TOTL.ZG,2000,4.199288256
SSA,FP.CPI.TOTL.ZG,2001,5.077450455
SSA,FP.CPI.TOTL.ZG,2002,5.032822757
SSA,FP.CPI.TOTL.ZG,2003,6.084428114
SSA,FP.CPI.TOTL.ZG,2004,4.178160001
SSA,FP.CPI.TOTL.ZG,2005,6.605240855
SSA,FP.CPI.TOTL.ZG,2006,6.616554305
SSA,FP.CPI.TOTL.ZG,2007,7.02551437
SSA,FP.CPI.TOTL.ZG,2008,10.29697582
SSA,FP.CPI.TOTL.ZG,2009,4.848669646
SSA,FP.CPI.TOTL.ZG,2010,4.06749556
SSA,FP.CPI.TOTL.ZG,2011,5.686319596
SSA,FP.CPI.TOTL.ZG,2012,6.575899708
SSA,FP.CPI.TOTL.ZG,2013,4.905208757
SSA,FP.CPI.TOTL.ZG,2014,4.405352342
SSA,FP.CPI.TOTL.ZG,2015,3.394015384
SSA,FP.CPI.TOTL.ZG,2016,5.430519661
SSA,FP.CPI.TOTL.ZG,2017,5.197951807
SSA,FP.CPI.TOTL.ZG,2018,4.092978193
SSA,FP.CPI.TOTL.ZG,2019,3.107732292
SSA,FP.CPI.TOTL.ZG,2020,3.483935675
SSA,FP.CPI.TOTL.ZG,2021,4.259364175
SSA,FP.CPI.TOTL.ZG,2022,9.525266286
SSA,FP.CPI.TOTL.ZG,2023,7.052982385
SSA,FP.CPI.TOTL.ZG,2024,4.361152465
SSA,FP.CPI.TOTL.ZG,2025,3.457239989
TSS,FP.CPI.TOTL.ZG,1960,
TSS,FP.CPI.TOTL.ZG,1961,
TSS,FP.CPI.TOTL.ZG,1962,
TSS,FP.CPI.TOTL.ZG,1963,
TSS,FP.CPI.TOTL.ZG,1964,
TSS,FP.CPI.TOTL.ZG,1965,
TSS,FP.CPI.TOTL.ZG,1966,
TSS,FP.CPI.TOTL.ZG,1967,
TSS,FP.CPI.TOTL.ZG,1968,
TSS,FP.CPI.TOTL.ZG,1969,
TSS,FP.CPI.TOTL.ZG,1970,
TSS,FP.CPI.TOTL.ZG,1971,
TSS,FP.CPI.TOTL.ZG,1972,
TSS,FP.CPI.TOTL.ZG,1973,
TSS,FP.CPI.TOTL.ZG,1974,
TSS,FP.CPI.TOTL.ZG,1975,18.31178575
TSS,FP.CPI.TOTL.ZG,1976,11.54488065
TSS,FP.CPI.TOTL.ZG,1977,14.8900665
TSS,FP.CPI.TOTL.ZG,1978,11.45943006
TSS,FP.CPI.TOTL.ZG,1979,13.67462736
TSS,FP.CPI.TOTL.ZG,1980,13.60198283
TSS,FP.CPI.TOTL.ZG,1981,12.29032786
TSS,FP.CPI.TOTL.ZG,1982,12.09984145
TSS,FP.CPI.TOTL.ZG,1983,11.48265356
TSS,FP.CPI.TOTL.ZG,1984,11.11693129
TSS,FP.CPI.TOTL.ZG,1985,9.406907507
TSS,FP.CPI.TOTL.ZG,1986,6.859344228
TSS,FP.CPI.TOTL.ZG,1987,7.632790089
TSS,FP.CPI.TOTL.ZG,1988,8.351679568
TSS,FP.CPI.TOTL.ZG,1989,8.046158635
TSS,FP.CPI.TOTL.ZG,1990,7.544861097
TSS,FP.CPI.TOTL.ZG,1991,8.934306569
TSS,FP.CPI.TOTL.ZG,1992,9.486542506
TSS,FP.CPI.TOTL.ZG,1993,9.52484537
TSS,FP.CPI.TOTL.ZG,1994,27.44798071
TSS,FP.CPI.TOTL.ZG,1995,11.42593996
TSS,FP.CPI.TOTL.ZG,1996,7.191646604
TSS,FP.CPI.TOTL.ZG,1997,7.647174333
TSS,FP.CPI.TOTL.ZG,1998,6.435732876
TSS,FP.CPI.TOTL.ZG,1999,4.356433745
TSS,FP.CPI.TOTL.ZG,2000,4.500788563
TSS,FP.CPI.TOTL.ZG,2001,5.147468002
TSS,FP.CPI.TOTL.ZG,2002,4.705791237
TSS,FP.CPI.TOTL.ZG,2003,5.679424141
TSS,FP.CPI.TOTL.ZG,2004,4.136632131
TSS,FP.CPI.TOTL.ZG,2005,6.427552781
TSS,FP.CPI.TOTL.ZG,2006,6.537843953
TSS,FP.CPI.TOTL.ZG,2007,6.78669789
TSS,FP.CPI.TOTL.ZG,2008,10.37852448
TSS,FP.CPI.TOTL.ZG,2009,5.006273615
TSS,FP.CPI.TOTL.ZG,2010,4.022024222
TSS,FP.CPI.TOTL.ZG,2011,5.366210929
TSS,FP.CPI.TOTL.ZG,2012,6.581831051
TSS,FP.CPI.TOTL.ZG,2013,4.885163876
TSS,FP.CPI.TOTL.ZG,2014,4.403802717
TSS,FP.CPI.TOTL.ZG,2015,3.472387529
TSS,FP.CPI.TOTL.ZG,2016,5.302642977
TSS,FP.CPI.TOTL.ZG,2017,5.186186555
TSS,FP.CPI.TOTL.ZG,2018,3.9113344
TSS,FP.CPI.TOTL.ZG,2019,2.867588034
TSS,FP.CPI.TOTL.ZG,2020,3.398629285
TSS,FP.CPI.TOTL.ZG,2021,4.439054812
TSS,FP.CPI.TOTL.ZG,2022,9.458012813
TSS,FP.CPI.TOTL.ZG,2023,6.697599908
TSS,FP.CPI.TOTL.ZG,2024,4.300095847
TSS,FP.CPI.TOTL.ZG,2025,3.403734583
UMC,FP.CPI.TOTL.ZG,1960,
UMC,FP.CPI.TOTL.ZG,1961,
UMC,FP.CPI.TOTL.ZG,1962,
UMC,FP.CPI.TOTL.ZG,1963,
UMC,FP.CPI.TOTL.ZG,1964,
UMC,FP.CPI.TOTL.ZG,1965,
UMC,FP.CPI.TOTL.ZG,1966,
UMC,FP.CPI.TOTL.ZG,1967,
UMC,FP.CPI.TOTL.ZG,1968,
UMC,FP.CPI.TOTL.ZG,1969,
UMC,FP.CPI.TOTL.ZG,1970,
UMC,FP.CPI.TOTL.ZG,1971,
UMC,FP.CPI.TOTL.ZG,1972,
UMC,FP.CPI.TOTL.ZG,1973,
UMC,FP.CPI.TOTL.ZG,1974,
UMC,FP.CPI.TOTL.ZG,1975,13.11206268
UMC,FP.CPI.TOTL.ZG,1976,10.725
UMC,FP.CPI.TOTL.ZG,1977,11.50563959
UMC,FP.CPI.TOTL.ZG,1978,10.12231336
UMC,FP.CPI.TOTL.ZG,1979,12.51494655
UMC,FP.CPI.TOTL.ZG,1980,18.11796631
UMC,FP.CPI.TOTL.ZG,1981,14.04796867
UMC,FP.CPI.TOTL.ZG,1982,10.22172714
UMC,FP.CPI.TOTL.ZG,1983,10.47714381
UMC,FP.CPI.TOTL.ZG,1984,10.85251961
UMC,FP.CPI.TOTL.ZG,1985,9.114470872
UMC,FP.CPI.TOTL.ZG,1986,9.722193277
UMC,FP.CPI.TOTL.ZG,1987,7.233835531
UMC,FP.CPI.TOTL.ZG,1988,8.507868011
UMC,FP.CPI.TOTL.ZG,1989,11.3871322
UMC,FP.CPI.TOTL.ZG,1990,12.17735221
UMC,FP.CPI.TOTL.ZG,1991,12.04086301
UMC,FP.CPI.TOTL.ZG,1992,9.35975159
UMC,FP.CPI.TOTL.ZG,1993,11.7832136
UMC,FP.CPI.TOTL.ZG,1994,12.08038189
UMC,FP.CPI.TOTL.ZG,1995,10.51254608
UMC,FP.CPI.TOTL.ZG,1996,8.143219846
UMC,FP.CPI.TOTL.ZG,1997,7.018591857
UMC,FP.CPI.TOTL.ZG,1998,6.845669224
UMC,FP.CPI.TOTL.ZG,1999,4.578030154
UMC,FP.CPI.TOTL.ZG,2000,4.063962014
UMC,FP.CPI.TOTL.ZG,2001,5.345501956
UMC,FP.CPI.TOTL.ZG,2002,5.030727332
UMC,FP.CPI.TOTL.ZG,2003,4.220850868
UMC,FP.CPI.TOTL.ZG,2004,4.769790719
UMC,FP.CPI.TOTL.ZG,2005,4.615658953
UMC,FP.CPI.TOTL.ZG,2006,4.637422223
UMC,FP.CPI.TOTL.ZG,2007,5.287351847
UMC,FP.CPI.TOTL.ZG,2008,9.821133866
UMC,FP.CPI.TOTL.ZG,2009,3.033633563
UMC,FP.CPI.TOTL.ZG,2010,3.824672723
UMC,FP.CPI.TOTL.ZG,2011,5.553898923
UMC,FP.CPI.TOTL.ZG,2012,3.738152313
UMC,FP.CPI.TOTL.ZG,2013,2.702816582
UMC,FP.CPI.TOTL.ZG,2014,3.033727183
UMC,FP.CPI.TOTL.ZG,2015,1.78640244
UMC,FP.CPI.TOTL.ZG,2016,2.045284209
UMC,FP.CPI.TOTL.ZG,2017,3.316087622
UMC,FP.CPI.TOTL.ZG,2018,3.121700766
UMC,FP.CPI.TOTL.ZG,2019,1.937809959
UMC,FP.CPI.TOTL.ZG,2020,1.890359168
UMC,FP.CPI.TOTL.ZG,2021,3.927180221
UMC,FP.CPI.TOTL.ZG,2022,8.811092093
UMC,FP.CPI.TOTL.ZG,2023,5.034107262
UMC,FP.CPI.TOTL.ZG,2024,3.181889242
UMC,FP.CPI.TOTL.ZG,2025,3.205504741
WLD,FP.CPI.TOTL.ZG,1960,
WLD,FP.CPI.TOTL.ZG,1961,
WLD,FP.CPI.TOTL.ZG,1962,
WLD,FP.CPI.TOTL.ZG,1963,
WLD,FP.CPI.TOTL.ZG,1964,
WLD,FP.CPI.TOTL.ZG,1965,
WLD,FP.CPI.TOTL.ZG,1966,
WLD,FP.CPI.TOTL.ZG,1967,
WLD,FP.CPI.TOTL.ZG,1968,
WLD,FP.CPI.TOTL.ZG,1969,
WLD,FP.CPI.TOTL.ZG,1970,
WLD,FP.CPI.TOTL.ZG,1971,
WLD,FP.CPI.TOTL.ZG,1972,
WLD,FP.CPI.TOTL.ZG,1973,
WLD,FP.CPI.TOTL.ZG,1974,
WLD,FP.CPI.TOTL.ZG,1975,
WLD,FP.CPI.TOTL.ZG,1976,
WLD,FP.CPI.TOTL.ZG,1977,
WLD,FP.CPI.TOTL.ZG,1978,
WLD,FP.CPI.TOTL.ZG,1979,
WLD,FP.CPI.TOTL.ZG,1980,
WLD,FP.CPI.TOTL.ZG,1981,12.44243689
WLD,FP.CPI.TOTL.ZG,1982,10.22172714
WLD,FP.CPI.TOTL.ZG,1983,8.669271598
WLD,FP.CPI.TOTL.ZG,1984,8.080320173
WLD,FP.CPI.TOTL.ZG,1985,6.807566558
WLD,FP.CPI.TOTL.ZG,1986,5.822665767
WLD,FP.CPI.TOTL.ZG,1987,5.710119385
WLD,FP.CPI.TOTL.ZG,1988,7.113406529
WLD,FP.CPI.TOTL.ZG,1989,6.923905037
WLD,FP.CPI.TOTL.ZG,1990,8.063460909
WLD,FP.CPI.TOTL.ZG,1991,8.996938735
WLD,FP.CPI.TOTL.ZG,1992,7.636108523
WLD,FP.CPI.TOTL.ZG,1993,7.144587069
WLD,FP.CPI.TOTL.ZG,1994,10.24793556
WLD,FP.CPI.TOTL.ZG,1995,9.077380952
WLD,FP.CPI.TOTL.ZG,1996,6.526095694
WLD,FP.CPI.TOTL.ZG,1997,5.554129889
WLD,FP.CPI.TOTL.ZG,1998,5.097291493
WLD,FP.CPI.TOTL.ZG,1999,3.041946671
WLD,FP.CPI.TOTL.ZG,2000,3.433515634
WLD,FP.CPI.TOTL.ZG,2001,3.836572621
WLD,FP.CPI.TOTL.ZG,2002,2.907996886
WLD,FP.CPI.TOTL.ZG,2003,3.025045263
WLD,FP.CPI.TOTL.ZG,2004,3.517999031
WLD,FP.CPI.TOTL.ZG,2005,4.107250707
WLD,FP.CPI.TOTL.ZG,2006,4.267174634
WLD,FP.CPI.TOTL.ZG,2007,4.810237043
WLD,FP.CPI.TOTL.ZG,2008,8.949953354
WLD,FP.CPI.TOTL.ZG,2009,2.860448559
WLD,FP.CPI.TOTL.ZG,2010,3.326344634
WLD,FP.CPI.TOTL.ZG,2011,4.800635942
WLD,FP.CPI.TOTL.ZG,2012,3.725326661
WLD,FP.CPI.TOTL.ZG,2013,2.651673429
WLD,FP.CPI.TOTL.ZG,2014,2.393715972
WLD,FP.CPI.TOTL.ZG,2015,1.437023809
WLD,FP.CPI.TOTL.ZG,2016,1.596912276
WLD,FP.CPI.TOTL.ZG,2017,2.223143314
WLD,FP.CPI.TOTL.ZG,2018,2.442583297
WLD,FP.CPI.TOTL.ZG,2019,2.206073058
WLD,FP.CPI.TOTL.ZG,2020,1.90509722
WLD,FP.CPI.TOTL.ZG,2021,3.475403203
WLD,FP.CPI.TOTL.ZG,2022,8.08169507
WLD,FP.CPI.TOTL.ZG,2023,5.799441074
WLD,FP.CPI.TOTL.ZG,2024,3.01447577
WLD,FP.CPI.TOTL.ZG,2025,3.041413216
